"","eta","max_depth","min_child_weight","subsample","early_stopping","RMSE","MAE","R2"
"1",0.01,3,1,0.4,10,0.259850369970049,0.153386629555323,-Inf
"2",0.05,3,1,0.4,10,0.255146243894163,0.151808550453111,-Inf
"3",0.1,3,1,0.4,10,0.261176034800155,0.150676232598688,-Inf
"4",0.15,3,1,0.4,10,0.25698442147303,0.146225986207077,-Inf
"5",0.2,3,1,0.4,10,0.254805890569699,0.148707406895068,-Inf
"6",0.25,3,1,0.4,10,0.239950813967143,0.142327737780624,-Inf
"7",0.3,3,1,0.4,10,0.248058099062112,0.148163702668161,-Inf
"8",0.35,3,1,0.4,10,0.268153836049335,0.159490724628153,-Inf
"9",0.4,3,1,0.4,10,0.258392466460253,0.149355473664744,-Inf
"10",0.01,6,1,0.4,10,0.264650012237102,0.15643350051322,-Inf
"11",0.05,6,1,0.4,10,0.26517790102305,0.160607798369801,-Inf
"12",0.1,6,1,0.4,10,0.252217795773976,0.144820193886712,-Inf
"13",0.15,6,1,0.4,10,0.257480524894692,0.149736359016073,-Inf
"14",0.2,6,1,0.4,10,0.25705523498361,0.148735593902739,-Inf
"15",0.25,6,1,0.4,10,0.242182631344603,0.136407746823012,-Inf
"16",0.3,6,1,0.4,10,0.256895889976626,0.154599659748346,-Inf
"17",0.35,6,1,0.4,10,0.247530411500248,0.143228222848317,-Inf
"18",0.4,6,1,0.4,10,0.272174444431529,0.157858144973517,-Inf
"19",0.01,9,1,0.4,10,0.261474867115103,0.154120166021386,-Inf
"20",0.05,9,1,0.4,10,0.260277709806692,0.154588321062067,-Inf
"21",0.1,9,1,0.4,10,0.24729461880958,0.142894181992482,-Inf
"22",0.15,9,1,0.4,10,0.249098685847514,0.147516539564578,-Inf
"23",0.2,9,1,0.4,10,0.244510644420808,0.14431393007569,-Inf
"24",0.25,9,1,0.4,10,0.251858564561392,0.154172272004614,-Inf
"25",0.3,9,1,0.4,10,0.257094647545528,0.158330169205558,-Inf
"26",0.35,9,1,0.4,10,0.262429940803881,0.154685048246594,-Inf
"27",0.4,9,1,0.4,10,0.273648761402057,0.157726587963296,-Inf
"28",0.01,3,2,0.4,10,0.262842089942055,0.157406625432565,-Inf
"29",0.05,3,2,0.4,10,0.257902883434794,0.152492467771124,-Inf
"30",0.1,3,2,0.4,10,0.254009295203275,0.147782433602644,-Inf
"31",0.15,3,2,0.4,10,0.249979602155597,0.146641883132382,-Inf
"32",0.2,3,2,0.4,10,0.255066030343718,0.153206570230172,-Inf
"33",0.25,3,2,0.4,10,0.244064055055486,0.138613429132636,-Inf
"34",0.3,3,2,0.4,10,0.259601580753458,0.154855986270947,-Inf
"35",0.35,3,2,0.4,10,0.260901695241325,0.149825108110053,-Inf
"36",0.4,3,2,0.4,10,0.260386915278578,0.152196289713663,-Inf
"37",0.01,6,2,0.4,10,0.260525167299061,0.153786198711515,-Inf
"38",0.05,6,2,0.4,10,0.247583976285749,0.14672677707154,-Inf
"39",0.1,6,2,0.4,10,0.253138951899521,0.153562505765457,-Inf
"40",0.15,6,2,0.4,10,0.250612091484858,0.154148387519157,-Inf
"41",0.2,6,2,0.4,10,0.253564314504201,0.15044842970755,-Inf
"42",0.25,6,2,0.4,10,0.264501748347051,0.150197117355278,-Inf
"43",0.3,6,2,0.4,10,0.258078974924486,0.154547868992746,-Inf
"44",0.35,6,2,0.4,10,0.228204219797024,0.135971137890254,-Inf
"45",0.4,6,2,0.4,10,0.25626927539085,0.150134499097682,-Inf
"46",0.01,9,2,0.4,10,0.256201702756627,0.152612771155425,-Inf
"47",0.05,9,2,0.4,10,0.250329290461885,0.149535130426305,-Inf
"48",0.1,9,2,0.4,10,0.252653525257997,0.147505755672663,-Inf
"49",0.15,9,2,0.4,10,0.24748584740868,0.149815174084736,-Inf
"50",0.2,9,2,0.4,10,0.246722533211885,0.148318452749625,-Inf
"51",0.25,9,2,0.4,10,0.240964673146565,0.14436408898928,-Inf
"52",0.3,9,2,0.4,10,0.259522891734188,0.151792686420694,-Inf
"53",0.35,9,2,0.4,10,0.258271243313903,0.148250508418986,-Inf
"54",0.4,9,2,0.4,10,0.270530118325038,0.167710554371052,-Inf
"55",0.01,3,3,0.4,10,0.264048852646502,0.155988006315051,-Inf
"56",0.05,3,3,0.4,10,0.24743597462828,0.145932236633965,-Inf
"57",0.1,3,3,0.4,10,0.253679871440108,0.145259786839693,-Inf
"58",0.15,3,3,0.4,10,0.248875387030213,0.1508602063282,-Inf
"59",0.2,3,3,0.4,10,0.240401356482498,0.144961299411655,-Inf
"60",0.25,3,3,0.4,10,0.242360817165666,0.1406631258675,-Inf
"61",0.3,3,3,0.4,10,0.253118905621021,0.142797154885323,-Inf
"62",0.35,3,3,0.4,10,0.245242268565286,0.141088393740153,-Inf
"63",0.4,3,3,0.4,10,0.258047115141846,0.151445503048178,-Inf
"64",0.01,6,3,0.4,10,0.261583878812317,0.153361508360118,-Inf
"65",0.05,6,3,0.4,10,0.255204017605845,0.150458747332248,-Inf
"66",0.1,6,3,0.4,10,0.259644297184047,0.156534243465174,-Inf
"67",0.15,6,3,0.4,10,0.252205315969819,0.1519209145472,-Inf
"68",0.2,6,3,0.4,10,0.257274628064644,0.158354533539457,-Inf
"69",0.25,6,3,0.4,10,0.248979821788872,0.148997217618314,-Inf
"70",0.3,6,3,0.4,10,0.256228544808062,0.149376993680039,-Inf
"71",0.35,6,3,0.4,10,0.255800198721562,0.151186604483215,-Inf
"72",0.4,6,3,0.4,10,0.243271629486854,0.145606476595894,-Inf
"73",0.01,9,3,0.4,10,0.258245454363825,0.152804387976964,-Inf
"74",0.05,9,3,0.4,10,0.253378885170823,0.148451553568374,-Inf
"75",0.1,9,3,0.4,10,0.25947917477236,0.155065266344465,-Inf
"76",0.15,9,3,0.4,10,0.245725182967659,0.145670285424913,-Inf
"77",0.2,9,3,0.4,10,0.257066564486435,0.154918950817288,-Inf
"78",0.25,9,3,0.4,10,0.23813887880112,0.145104128141979,-Inf
"79",0.3,9,3,0.4,10,0.264970589877671,0.161220786294123,-Inf
"80",0.35,9,3,0.4,10,0.232880561480442,0.142668327426972,-Inf
"81",0.4,9,3,0.4,10,0.250270861911276,0.147404710763701,-Inf
"82",0.01,3,4,0.4,10,0.265219339270436,0.158150303364926,-Inf
"83",0.05,3,4,0.4,10,0.256673183382129,0.153589511808195,-Inf
"84",0.1,3,4,0.4,10,0.250897342868183,0.144856004819966,-Inf
"85",0.15,3,4,0.4,10,0.256062956854364,0.145264442974038,-Inf
"86",0.2,3,4,0.4,10,0.25793862331159,0.156394197623443,-Inf
"87",0.25,3,4,0.4,10,0.259857642800584,0.1544248055045,-Inf
"88",0.3,3,4,0.4,10,0.262550775095167,0.163628969277831,-Inf
"89",0.35,3,4,0.4,10,0.268205560324189,0.16394324900087,-Inf
"90",0.4,3,4,0.4,10,0.256072990951171,0.146547454485742,-Inf
"91",0.01,6,4,0.4,10,0.265286263009413,0.157145070116894,-Inf
"92",0.05,6,4,0.4,10,0.250133293017297,0.150692528502177,-Inf
"93",0.1,6,4,0.4,10,0.245477394054306,0.145509418654203,-Inf
"94",0.15,6,4,0.4,10,0.251518451463181,0.151990383592959,-Inf
"95",0.2,6,4,0.4,10,0.262978893402068,0.154508444967168,-Inf
"96",0.25,6,4,0.4,10,0.231029943689114,0.134977071437923,-Inf
"97",0.3,6,4,0.4,10,0.248788857708518,0.145134035266041,-Inf
"98",0.35,6,4,0.4,10,0.26248127847294,0.159492494599093,-Inf
"99",0.4,6,4,0.4,10,0.246625442603082,0.144663134681987,-Inf
"100",0.01,9,4,0.4,10,0.265947322671958,0.16036429346845,-Inf
"101",0.05,9,4,0.4,10,0.259172057607223,0.153948892642322,-Inf
"102",0.1,9,4,0.4,10,0.258505987067113,0.150073513594649,-Inf
"103",0.15,9,4,0.4,10,0.270661995969571,0.16105262109622,-Inf
"104",0.2,9,4,0.4,10,0.240728072299765,0.147465070227192,-Inf
"105",0.25,9,4,0.4,10,0.258441520680021,0.149690028717865,-Inf
"106",0.3,9,4,0.4,10,0.263475625838875,0.167445431792415,-Inf
"107",0.35,9,4,0.4,10,0.267648423339776,0.157599676322943,-Inf
"108",0.4,9,4,0.4,10,0.274585380269935,0.15603703660404,-Inf
"109",0.01,3,5,0.4,10,0.266863263252082,0.158849599905898,-Inf
"110",0.05,3,5,0.4,10,0.259779080597281,0.152645746913348,-Inf
"111",0.1,3,5,0.4,10,0.248388309889699,0.146065130911092,-Inf
"112",0.15,3,5,0.4,10,0.256087142060336,0.151307626743176,-Inf
"113",0.2,3,5,0.4,10,0.252202363793029,0.1535232818829,-Inf
"114",0.25,3,5,0.4,10,0.250666128751976,0.147457852387144,-Inf
"115",0.3,3,5,0.4,10,0.254996723306234,0.151105441669262,-Inf
"116",0.35,3,5,0.4,10,0.256338920011763,0.155949467997101,-Inf
"117",0.4,3,5,0.4,10,0.265677338560318,0.158774915283059,-Inf
"118",0.01,6,5,0.4,10,0.261961635541883,0.155784437756706,-Inf
"119",0.05,6,5,0.4,10,0.256656986529924,0.154617838039907,-Inf
"120",0.1,6,5,0.4,10,0.252680044621488,0.148378016896165,-Inf
"121",0.15,6,5,0.4,10,0.25912803151376,0.154516895228171,-Inf
"122",0.2,6,5,0.4,10,0.244824762484734,0.152734348620208,-Inf
"123",0.25,6,5,0.4,10,0.248116873841985,0.156104872085428,-Inf
"124",0.3,6,5,0.4,10,0.268740652261354,0.1586564694524,-Inf
"125",0.35,6,5,0.4,10,0.270179191158497,0.157172678674413,-Inf
"126",0.4,6,5,0.4,10,0.249802496216405,0.156875420595441,-Inf
"127",0.01,9,5,0.4,10,0.267222413433981,0.159686124729886,-Inf
"128",0.05,9,5,0.4,10,0.257388710336749,0.15326310030722,-Inf
"129",0.1,9,5,0.4,10,0.254099348901477,0.154513830925212,-Inf
"130",0.15,9,5,0.4,10,0.25103174183951,0.14631992185321,-Inf
"131",0.2,9,5,0.4,10,0.265253738302591,0.157883244299513,-Inf
"132",0.25,9,5,0.4,10,0.265370751509814,0.153111929676603,-Inf
"133",0.3,9,5,0.4,10,0.254215866515859,0.145204895387367,-Inf
"134",0.35,9,5,0.4,10,0.256062517139877,0.145791088929292,-Inf
"135",0.4,9,5,0.4,10,0.239621534565188,0.145415465841431,-Inf
"136",0.01,3,1,0.5,10,0.260854584933503,0.155521307395513,-Inf
"137",0.05,3,1,0.5,10,0.247827197211682,0.1431891589127,-Inf
"138",0.1,3,1,0.5,10,0.244838910553036,0.147141129993256,-Inf
"139",0.15,3,1,0.5,10,0.244128328713618,0.14434738097397,-Inf
"140",0.2,3,1,0.5,10,0.258282996633978,0.152198296341787,-Inf
"141",0.25,3,1,0.5,10,0.252946705928692,0.145663504284952,-Inf
"142",0.3,3,1,0.5,10,0.244235095718035,0.150349162501198,-Inf
"143",0.35,3,1,0.5,10,0.269377792585167,0.148972502173217,-Inf
"144",0.4,3,1,0.5,10,0.25334465486296,0.143822725845614,-Inf
"145",0.01,6,1,0.5,10,0.256077119092583,0.149677787680005,-Inf
"146",0.05,6,1,0.5,10,0.24887892946816,0.148265751752608,-Inf
"147",0.1,6,1,0.5,10,0.248454226448925,0.144261262185597,-Inf
"148",0.15,6,1,0.5,10,0.254685768270975,0.152697962163091,-Inf
"149",0.2,6,1,0.5,10,0.244529182479862,0.146118122264486,-Inf
"150",0.25,6,1,0.5,10,0.252074138480864,0.141156674732717,-Inf
"151",0.3,6,1,0.5,10,0.262670330643308,0.153158835364018,-Inf
"152",0.35,6,1,0.5,10,0.255496853741214,0.141061471382236,-Inf
"153",0.4,6,1,0.5,10,0.257742024766455,0.155485932507087,-Inf
"154",0.01,9,1,0.5,10,0.26040671644002,0.154025990185119,-Inf
"155",0.05,9,1,0.5,10,0.252501123135844,0.145982799983527,-Inf
"156",0.1,9,1,0.5,10,0.249482451277448,0.14254384120746,-Inf
"157",0.15,9,1,0.5,10,0.24190954638076,0.143655925735428,-Inf
"158",0.2,9,1,0.5,10,0.257249578282915,0.150924814446077,-Inf
"159",0.25,9,1,0.5,10,0.24263172261635,0.141736509634459,-Inf
"160",0.3,9,1,0.5,10,0.273950035043383,0.164449608473454,-Inf
"161",0.35,9,1,0.5,10,0.258812456350633,0.146497471293387,-Inf
"162",0.4,9,1,0.5,10,0.249307726550875,0.148301244087325,-Inf
"163",0.01,3,2,0.5,10,0.259175572399319,0.154176692959034,-Inf
"164",0.05,3,2,0.5,10,0.248911583367764,0.141381893858244,-Inf
"165",0.1,3,2,0.5,10,0.249147197858106,0.147583234690006,-Inf
"166",0.15,3,2,0.5,10,0.25024832918954,0.144556750444539,-Inf
"167",0.2,3,2,0.5,10,0.254601440055826,0.151131420941891,-Inf
"168",0.25,3,2,0.5,10,0.252327198226984,0.138316653042411,-Inf
"169",0.3,3,2,0.5,10,0.268755327822188,0.151316229638084,-Inf
"170",0.35,3,2,0.5,10,0.245315162325901,0.145645415665282,-Inf
"171",0.4,3,2,0.5,10,0.255051327577989,0.147981014747075,-Inf
"172",0.01,6,2,0.5,10,0.256163776643078,0.152285030739396,-Inf
"173",0.05,6,2,0.5,10,0.253402335088966,0.152365749737179,-Inf
"174",0.1,6,2,0.5,10,0.244836295297416,0.147113409392832,-Inf
"175",0.15,6,2,0.5,10,0.254695718192073,0.148418258969342,-Inf
"176",0.2,6,2,0.5,10,0.256459868702622,0.152360921706625,-Inf
"177",0.25,6,2,0.5,10,0.261060851134386,0.151489172472889,-Inf
"178",0.3,6,2,0.5,10,0.267464467013921,0.14887378315564,-Inf
"179",0.35,6,2,0.5,10,0.268380796477485,0.151703062073584,-Inf
"180",0.4,6,2,0.5,10,0.264441724950188,0.152683427759873,-Inf
"181",0.01,9,2,0.5,10,0.255164808253916,0.150767676453061,-Inf
"182",0.05,9,2,0.5,10,0.252668968991259,0.148432753486486,-Inf
"183",0.1,9,2,0.5,10,0.254200587076208,0.153149162803075,-Inf
"184",0.15,9,2,0.5,10,0.252947893521359,0.143760466230204,-Inf
"185",0.2,9,2,0.5,10,0.261273707285271,0.156101393784583,-Inf
"186",0.25,9,2,0.5,10,0.261537729227583,0.149737274482608,-Inf
"187",0.3,9,2,0.5,10,0.257397270191609,0.152022037592715,-Inf
"188",0.35,9,2,0.5,10,0.279962473726405,0.159178083166335,-Inf
"189",0.4,9,2,0.5,10,0.26183687447821,0.159885592027993,-Inf
"190",0.01,3,3,0.5,10,0.261571509339683,0.152689653565893,-Inf
"191",0.05,3,3,0.5,10,0.2517588164145,0.148375544667247,-Inf
"192",0.1,3,3,0.5,10,0.260383130637897,0.152577779598104,-Inf
"193",0.15,3,3,0.5,10,0.258851230819554,0.155083840839002,-Inf
"194",0.2,3,3,0.5,10,0.245599175193608,0.146629373199242,-Inf
"195",0.25,3,3,0.5,10,0.230947001279994,0.133373005261465,-Inf
"196",0.3,3,3,0.5,10,0.260273228316678,0.158413776283717,-Inf
"197",0.35,3,3,0.5,10,0.233277100643141,0.141426548907965,-Inf
"198",0.4,3,3,0.5,10,0.261992255540057,0.146125559443031,-Inf
"199",0.01,6,3,0.5,10,0.264117166503327,0.156379578297398,-Inf
"200",0.05,6,3,0.5,10,0.257410840209468,0.151351232497862,-Inf
"201",0.1,6,3,0.5,10,0.244555492475708,0.143216125670446,-Inf
"202",0.15,6,3,0.5,10,0.246623589401835,0.146058551072348,-Inf
"203",0.2,6,3,0.5,10,0.258295927328883,0.155730147871629,-Inf
"204",0.25,6,3,0.5,10,0.255686427676958,0.151025390649196,-Inf
"205",0.3,6,3,0.5,10,0.242241812414153,0.151326604438388,-Inf
"206",0.35,6,3,0.5,10,0.244220536547973,0.147437121798442,-Inf
"207",0.4,6,3,0.5,10,0.268767582118488,0.153314220613395,-Inf
"208",0.01,9,3,0.5,10,0.261429481136984,0.153461440601926,-Inf
"209",0.05,9,3,0.5,10,0.253297779977001,0.148003779163481,-Inf
"210",0.1,9,3,0.5,10,0.252215940784605,0.149426356369151,-Inf
"211",0.15,9,3,0.5,10,0.25076347511942,0.149857149562216,-Inf
"212",0.2,9,3,0.5,10,0.263282599836283,0.152349484264143,-Inf
"213",0.25,9,3,0.5,10,0.249324768445562,0.149616403790242,-Inf
"214",0.3,9,3,0.5,10,0.259697345062095,0.148383322959149,-Inf
"215",0.35,9,3,0.5,10,0.271997294297058,0.156023693811742,-Inf
"216",0.4,9,3,0.5,10,0.272340392988659,0.153594732723671,-Inf
"217",0.01,3,4,0.5,10,0.263235785055097,0.15523948544689,-Inf
"218",0.05,3,4,0.5,10,0.255396335677421,0.148818239993363,-Inf
"219",0.1,3,4,0.5,10,0.252717984797676,0.148622879593876,-Inf
"220",0.15,3,4,0.5,10,0.256597635257771,0.154435813557037,-Inf
"221",0.2,3,4,0.5,10,0.250131373724181,0.146873963629237,-Inf
"222",0.25,3,4,0.5,10,0.264987121436531,0.153626963119855,-Inf
"223",0.3,3,4,0.5,10,0.258189612466575,0.152860377423919,-Inf
"224",0.35,3,4,0.5,10,0.260605215728534,0.15547338691131,-Inf
"225",0.4,3,4,0.5,10,0.252767748124285,0.145248744737097,-Inf
"226",0.01,6,4,0.5,10,0.259579176436951,0.151798373572592,-Inf
"227",0.05,6,4,0.5,10,0.256825387402043,0.152494255625557,-Inf
"228",0.1,6,4,0.5,10,0.253698680803331,0.153598174200747,-Inf
"229",0.15,6,4,0.5,10,0.255027822163888,0.148118457611712,-Inf
"230",0.2,6,4,0.5,10,0.259905350464352,0.158564819045692,-Inf
"231",0.25,6,4,0.5,10,0.253063895407914,0.143970166278026,-Inf
"232",0.3,6,4,0.5,10,0.260034179963167,0.155155814369694,-Inf
"233",0.35,6,4,0.5,10,0.27217937409786,0.165494943402453,-Inf
"234",0.4,6,4,0.5,10,0.264549910992051,0.146973504366876,-Inf
"235",0.01,9,4,0.5,10,0.263474193019981,0.157428417393255,-Inf
"236",0.05,9,4,0.5,10,0.253892440692291,0.150472552678828,-Inf
"237",0.1,9,4,0.5,10,0.255212613903648,0.148804554685057,-Inf
"238",0.15,9,4,0.5,10,0.250288463673316,0.144352216265433,-Inf
"239",0.2,9,4,0.5,10,0.243186055630844,0.142819620237323,-Inf
"240",0.25,9,4,0.5,10,0.247198251176325,0.144656105046046,-Inf
"241",0.3,9,4,0.5,10,0.248976031471444,0.156671585324032,-Inf
"242",0.35,9,4,0.5,10,0.251811858567925,0.148368626827002,-Inf
"243",0.4,9,4,0.5,10,0.250324331621884,0.146695817839894,-Inf
"244",0.01,3,5,0.5,10,0.266480542647079,0.158374778116383,-Inf
"245",0.05,3,5,0.5,10,0.253498818238459,0.149392049651627,-Inf
"246",0.1,3,5,0.5,10,0.248162950410284,0.148974365090458,-Inf
"247",0.15,3,5,0.5,10,0.255825737035861,0.150098999888333,-Inf
"248",0.2,3,5,0.5,10,0.243595153420441,0.146360683670373,-Inf
"249",0.25,3,5,0.5,10,0.259725065059707,0.151634542983639,-Inf
"250",0.3,3,5,0.5,10,0.24264181376699,0.144910619795529,-Inf
"251",0.35,3,5,0.5,10,0.253697176462638,0.156289398440554,-Inf
"252",0.4,3,5,0.5,10,0.249777912203425,0.15274872417988,-Inf
"253",0.01,6,5,0.5,10,0.263098624138321,0.156428548345111,-Inf
"254",0.05,6,5,0.5,10,0.257464305915293,0.151320665689624,-Inf
"255",0.1,6,5,0.5,10,0.25174996890732,0.14271395039687,-Inf
"256",0.15,6,5,0.5,10,0.25925079925848,0.153856891704431,-Inf
"257",0.2,6,5,0.5,10,0.254573804362563,0.15199671589982,-Inf
"258",0.25,6,5,0.5,10,0.24801516246371,0.143656880642365,-Inf
"259",0.3,6,5,0.5,10,0.256069950457074,0.150231349659277,-Inf
"260",0.35,6,5,0.5,10,0.242678552463025,0.142540044987567,-Inf
"261",0.4,6,5,0.5,10,0.25479081990277,0.147497874522135,-Inf
"262",0.01,9,5,0.5,10,0.258750070564717,0.153794701070403,-Inf
"263",0.05,9,5,0.5,10,0.25124427888572,0.150133614107356,-Inf
"264",0.1,9,5,0.5,10,0.25574205836278,0.152836012751566,-Inf
"265",0.15,9,5,0.5,10,0.251416333123808,0.148685449800866,-Inf
"266",0.2,9,5,0.5,10,0.247588852045076,0.149570820716351,-Inf
"267",0.25,9,5,0.5,10,0.251794246303524,0.150900150028907,-Inf
"268",0.3,9,5,0.5,10,0.243953017856112,0.145978446749365,-Inf
"269",0.35,9,5,0.5,10,0.241795599266322,0.149509285623468,-Inf
"270",0.4,9,5,0.5,10,0.231699190185903,0.141908599738725,-Inf
"271",0.01,3,1,0.6,10,0.258743105390646,0.150932872895057,-Inf
"272",0.05,3,1,0.6,10,0.252812807404515,0.148989928251714,-Inf
"273",0.1,3,1,0.6,10,0.244880992553953,0.141028725683639,-Inf
"274",0.15,3,1,0.6,10,0.253659467073308,0.148868552190839,-Inf
"275",0.2,3,1,0.6,10,0.25401286603858,0.137105524921499,-Inf
"276",0.25,3,1,0.6,10,0.269823759502298,0.157916738159631,-Inf
"277",0.3,3,1,0.6,10,0.218699645433396,0.123167416236293,-Inf
"278",0.35,3,1,0.6,10,0.236099023160105,0.135196932185979,-Inf
"279",0.4,3,1,0.6,10,0.235985260751413,0.141505189458119,-Inf
"280",0.01,6,1,0.6,10,0.251793559604933,0.147190966687881,-Inf
"281",0.05,6,1,0.6,10,0.250497574035567,0.145563960092509,-Inf
"282",0.1,6,1,0.6,10,0.244946021358657,0.140580557623427,-Inf
"283",0.15,6,1,0.6,10,0.257025928855922,0.149308587614298,-Inf
"284",0.2,6,1,0.6,10,0.249601714765226,0.142552640965286,-Inf
"285",0.25,6,1,0.6,10,0.246605035955094,0.146258198494013,-Inf
"286",0.3,6,1,0.6,10,0.243667097841925,0.140758730746482,-Inf
"287",0.35,6,1,0.6,10,0.244512149054289,0.140558310310127,-Inf
"288",0.4,6,1,0.6,10,0.252968797813803,0.144673077009957,-Inf
"289",0.01,9,1,0.6,10,0.253489696714821,0.148622509195337,-Inf
"290",0.05,9,1,0.6,10,0.255054197307937,0.149271373278416,-Inf
"291",0.1,9,1,0.6,10,0.24690768722722,0.143748891413961,-Inf
"292",0.15,9,1,0.6,10,0.248851710556301,0.142412299705638,-Inf
"293",0.2,9,1,0.6,10,0.249873320125296,0.142066528362541,-Inf
"294",0.25,9,1,0.6,10,0.250219297961189,0.142566304883366,-Inf
"295",0.3,9,1,0.6,10,0.256647432695228,0.145249968058757,-Inf
"296",0.35,9,1,0.6,10,0.263900726493106,0.152823351929954,-Inf
"297",0.4,9,1,0.6,10,0.24817052726172,0.141243256144894,-Inf
"298",0.01,3,2,0.6,10,0.255543505053073,0.149083488755514,-Inf
"299",0.05,3,2,0.6,10,0.252800228194967,0.146388921564053,-Inf
"300",0.1,3,2,0.6,10,0.25105075554755,0.148524993213892,-Inf
"301",0.15,3,2,0.6,10,0.242395790943562,0.143636676584541,-Inf
"302",0.2,3,2,0.6,10,0.246531121235885,0.148885388644496,-Inf
"303",0.25,3,2,0.6,10,0.253015339577375,0.150817167028645,-Inf
"304",0.3,3,2,0.6,10,0.250803093111168,0.152296421568821,-Inf
"305",0.35,3,2,0.6,10,0.246595973704325,0.147975933909146,-Inf
"306",0.4,3,2,0.6,10,0.243429294831813,0.14046288336522,-Inf
"307",0.01,6,2,0.6,10,0.251935110420856,0.149312651167219,-Inf
"308",0.05,6,2,0.6,10,0.245733768594263,0.141609333602554,-Inf
"309",0.1,6,2,0.6,10,0.247110824416142,0.143926650864041,-Inf
"310",0.15,6,2,0.6,10,0.260707084758111,0.149338236273539,-Inf
"311",0.2,6,2,0.6,10,0.249325658258839,0.147981898037272,-Inf
"312",0.25,6,2,0.6,10,0.252387052135853,0.15181402904915,-Inf
"313",0.3,6,2,0.6,10,0.243940630549003,0.144577226741928,-Inf
"314",0.35,6,2,0.6,10,0.249963609054651,0.146214857341489,-Inf
"315",0.4,6,2,0.6,10,0.249961561568213,0.143913264406931,-Inf
"316",0.01,9,2,0.6,10,0.25742297344619,0.152669988322375,-Inf
"317",0.05,9,2,0.6,10,0.253743639183043,0.14917885589555,-Inf
"318",0.1,9,2,0.6,10,0.254741050384874,0.151705245725943,-Inf
"319",0.15,9,2,0.6,10,0.239837710710514,0.143903439870087,-Inf
"320",0.2,9,2,0.6,10,0.244941911776022,0.150524838166204,-Inf
"321",0.25,9,2,0.6,10,0.254917286975718,0.155082692826798,-Inf
"322",0.3,9,2,0.6,10,0.27252553767011,0.162087978946927,-Inf
"323",0.35,9,2,0.6,10,0.266282694706116,0.154445721735227,-Inf
"324",0.4,9,2,0.6,10,0.279131323645261,0.159319919567891,-Inf
"325",0.01,3,3,0.6,10,0.254354739391982,0.149219896541937,-Inf
"326",0.05,3,3,0.6,10,0.254437299915965,0.149423981307264,-Inf
"327",0.1,3,3,0.6,10,0.253283286745765,0.149163999311643,-Inf
"328",0.15,3,3,0.6,10,0.255068817116515,0.151254292651495,-Inf
"329",0.2,3,3,0.6,10,0.246279962536655,0.140918538358026,-Inf
"330",0.25,3,3,0.6,10,0.251471278246103,0.146456014083357,-Inf
"331",0.3,3,3,0.6,10,0.238785733623808,0.140538302325921,-Inf
"332",0.35,3,3,0.6,10,0.250210818319419,0.144887982936046,-Inf
"333",0.4,3,3,0.6,10,0.266301026931653,0.155463423823691,-Inf
"334",0.01,6,3,0.6,10,0.260404724451291,0.155174107376076,-Inf
"335",0.05,6,3,0.6,10,0.253006132898203,0.148646354207836,-Inf
"336",0.1,6,3,0.6,10,0.253319012259129,0.146876167282811,-Inf
"337",0.15,6,3,0.6,10,0.250230418117125,0.143561920775701,-Inf
"338",0.2,6,3,0.6,10,0.25158353577338,0.156807707869306,-Inf
"339",0.25,6,3,0.6,10,0.254520469151484,0.152695307964842,-Inf
"340",0.3,6,3,0.6,10,0.254892888194596,0.145949015312603,-Inf
"341",0.35,6,3,0.6,10,0.247976447735709,0.155890482093525,-Inf
"342",0.4,6,3,0.6,10,0.263205011850944,0.152551983841335,-Inf
"343",0.01,9,3,0.6,10,0.252645973215206,0.149510728198592,-Inf
"344",0.05,9,3,0.6,10,0.25597235624729,0.151420019350013,-Inf
"345",0.1,9,3,0.6,10,0.248983531245965,0.148262504843189,-Inf
"346",0.15,9,3,0.6,10,0.25106423640533,0.1485487868454,-Inf
"347",0.2,9,3,0.6,10,0.256106244193573,0.152807901554833,-Inf
"348",0.25,9,3,0.6,10,0.24790139580124,0.148604564011324,-Inf
"349",0.3,9,3,0.6,10,0.256826008596622,0.149392523113892,-Inf
"350",0.35,9,3,0.6,10,0.258378230432558,0.150579241763506,-Inf
"351",0.4,9,3,0.6,10,0.261405301483262,0.152968198399862,-Inf
"352",0.01,3,4,0.6,10,0.26086665517341,0.154740374927562,-Inf
"353",0.05,3,4,0.6,10,0.258619345507494,0.152104293181973,-Inf
"354",0.1,3,4,0.6,10,0.240321614969675,0.138926150210207,-Inf
"355",0.15,3,4,0.6,10,0.253733540134151,0.147020992088794,-Inf
"356",0.2,3,4,0.6,10,0.255714048026615,0.154286525894668,-Inf
"357",0.25,3,4,0.6,10,0.250562972248239,0.140933325663387,-Inf
"358",0.3,3,4,0.6,10,0.24791298443932,0.13873306457878,-Inf
"359",0.35,3,4,0.6,10,0.247704720962225,0.141628329608753,-Inf
"360",0.4,3,4,0.6,10,0.265599661605553,0.151513396028924,-Inf
"361",0.01,6,4,0.6,10,0.260054581639394,0.154279213101634,-Inf
"362",0.05,6,4,0.6,10,0.257422037883842,0.153124584012443,-Inf
"363",0.1,6,4,0.6,10,0.243656746376334,0.146238919546917,-Inf
"364",0.15,6,4,0.6,10,0.247632059863803,0.151491704727102,-Inf
"365",0.2,6,4,0.6,10,0.248585737761714,0.14674301879465,-Inf
"366",0.25,6,4,0.6,10,0.241204196282578,0.143377697712883,-Inf
"367",0.3,6,4,0.6,10,0.256923904609174,0.151789463979591,-Inf
"368",0.35,6,4,0.6,10,0.275013968053079,0.159651236088148,-Inf
"369",0.4,6,4,0.6,10,0.272789239541262,0.156797139373179,-Inf
"370",0.01,9,4,0.6,10,0.262445156010604,0.15524794279073,-Inf
"371",0.05,9,4,0.6,10,0.243102919756774,0.145146118222249,-Inf
"372",0.1,9,4,0.6,10,0.248791486226055,0.151296802237781,-Inf
"373",0.15,9,4,0.6,10,0.248329982503003,0.146445183863032,-Inf
"374",0.2,9,4,0.6,10,0.256203091226727,0.155855082278767,-Inf
"375",0.25,9,4,0.6,10,0.253764379420577,0.146106662584079,-Inf
"376",0.3,9,4,0.6,10,0.257822261394436,0.149795503397406,-Inf
"377",0.35,9,4,0.6,10,0.252931203440385,0.15161312450271,-Inf
"378",0.4,9,4,0.6,10,0.260332449522102,0.155076840039663,-Inf
"379",0.01,3,5,0.6,10,0.258336996644022,0.151381704048698,-Inf
"380",0.05,3,5,0.6,10,0.252253415254952,0.149990712480059,-Inf
"381",0.1,3,5,0.6,10,0.251681228274708,0.149214636073769,-Inf
"382",0.15,3,5,0.6,10,0.25316166134707,0.151746631351278,-Inf
"383",0.2,3,5,0.6,10,0.257350819033281,0.148246164009131,-Inf
"384",0.25,3,5,0.6,10,0.261180501474206,0.156152396297168,-Inf
"385",0.3,3,5,0.6,10,0.249360024336413,0.148676215140954,-Inf
"386",0.35,3,5,0.6,10,0.245355828718702,0.146795095933088,-Inf
"387",0.4,3,5,0.6,10,0.264829040309638,0.14699689066438,-Inf
"388",0.01,6,5,0.6,10,0.258704887817379,0.152210048824614,-Inf
"389",0.05,6,5,0.6,10,0.255523983517969,0.152791236886866,-Inf
"390",0.1,6,5,0.6,10,0.249239970290674,0.145516742856893,-Inf
"391",0.15,6,5,0.6,10,0.263204412059482,0.150638056964356,-Inf
"392",0.2,6,5,0.6,10,0.250726423818277,0.145293258457815,-Inf
"393",0.25,6,5,0.6,10,0.252684064384439,0.150693870535366,-Inf
"394",0.3,6,5,0.6,10,0.2623111638341,0.153531795535422,-Inf
"395",0.35,6,5,0.6,10,0.273349662087426,0.168070352900828,-Inf
"396",0.4,6,5,0.6,10,0.265393359758668,0.151014962862208,-Inf
"397",0.01,9,5,0.6,10,0.262270503112108,0.155753208700963,-Inf
"398",0.05,9,5,0.6,10,0.257888658907221,0.150557272811048,-Inf
"399",0.1,9,5,0.6,10,0.259278700251813,0.152276412725214,-Inf
"400",0.15,9,5,0.6,10,0.250640207897931,0.150112421549396,-Inf
"401",0.2,9,5,0.6,10,0.258466820183561,0.15210649754652,-Inf
"402",0.25,9,5,0.6,10,0.255614135120855,0.149769012374732,-Inf
"403",0.3,9,5,0.6,10,0.246832764212399,0.146548044312405,-Inf
"404",0.35,9,5,0.6,10,0.23982873202463,0.138002099241023,-Inf
"405",0.4,9,5,0.6,10,0.268917279749821,0.157274785304541,-Inf
"406",0.01,3,1,0.7,10,0.258497134101032,0.152578766064275,-Inf
"407",0.05,3,1,0.7,10,0.255504011293172,0.144413448693961,-Inf
"408",0.1,3,1,0.7,10,0.25153132797734,0.142708708335074,-Inf
"409",0.15,3,1,0.7,10,0.253291439184216,0.144343963551728,-Inf
"410",0.2,3,1,0.7,10,0.246467203258796,0.143754914838527,-Inf
"411",0.25,3,1,0.7,10,0.239121859715109,0.139553146166548,-Inf
"412",0.3,3,1,0.7,10,0.26447234743341,0.152839989603453,-Inf
"413",0.35,3,1,0.7,10,0.256369685595027,0.143741172224779,-Inf
"414",0.4,3,1,0.7,10,0.253531094555531,0.144660087099371,-Inf
"415",0.01,6,1,0.7,10,0.253374362488314,0.14763125054686,-Inf
"416",0.05,6,1,0.7,10,0.245928463475963,0.138789455313278,-Inf
"417",0.1,6,1,0.7,10,0.239595057243006,0.139992417559903,-Inf
"418",0.15,6,1,0.7,10,0.24283306964732,0.140247120263985,-Inf
"419",0.2,6,1,0.7,10,0.252429159866415,0.148044573286085,-Inf
"420",0.25,6,1,0.7,10,0.250440155887901,0.144903312752771,-Inf
"421",0.3,6,1,0.7,10,0.243367845818092,0.141383202072039,-Inf
"422",0.35,6,1,0.7,10,0.264499764292902,0.14663548879779,-Inf
"423",0.4,6,1,0.7,10,0.24943931109524,0.146590750698283,-Inf
"424",0.01,9,1,0.7,10,0.246345418995304,0.143834408763894,-Inf
"425",0.05,9,1,0.7,10,0.248473131582311,0.141530891773068,-Inf
"426",0.1,9,1,0.7,10,0.242610838677639,0.141104450161333,-Inf
"427",0.15,9,1,0.7,10,0.245674261229711,0.14063878840414,-Inf
"428",0.2,9,1,0.7,10,0.251130358339769,0.136656833581162,-Inf
"429",0.25,9,1,0.7,10,0.268092257414541,0.151478028758601,-Inf
"430",0.3,9,1,0.7,10,0.25913685195948,0.145336317161626,-Inf
"431",0.35,9,1,0.7,10,0.241961455872519,0.13827403021903,-Inf
"432",0.4,9,1,0.7,10,0.257563270848958,0.147346067369658,-Inf
"433",0.01,3,2,0.7,10,0.254271530962244,0.148748045097882,-Inf
"434",0.05,3,2,0.7,10,0.251975473670683,0.144121121889695,-Inf
"435",0.1,3,2,0.7,10,0.254935143205865,0.149333548953075,-Inf
"436",0.15,3,2,0.7,10,0.25002706723787,0.144920689238384,-Inf
"437",0.2,3,2,0.7,10,0.253963490156901,0.142516558339156,-Inf
"438",0.25,3,2,0.7,10,0.243161271553151,0.144281173874912,-Inf
"439",0.3,3,2,0.7,10,0.241765749849691,0.138154647461173,-Inf
"440",0.35,3,2,0.7,10,0.255880650018166,0.143012012735983,-Inf
"441",0.4,3,2,0.7,10,0.261712603312977,0.148603543564835,-Inf
"442",0.01,6,2,0.7,10,0.251277978341732,0.146596272621335,-Inf
"443",0.05,6,2,0.7,10,0.251177999205794,0.145434420839442,-Inf
"444",0.1,6,2,0.7,10,0.247388553519865,0.144233429405299,-Inf
"445",0.15,6,2,0.7,10,0.250803308055029,0.150906805949531,-Inf
"446",0.2,6,2,0.7,10,0.247672692702336,0.145623692442257,-Inf
"447",0.25,6,2,0.7,10,0.247404268903298,0.150208180842402,-Inf
"448",0.3,6,2,0.7,10,0.261976635598744,0.149765233802836,-Inf
"449",0.35,6,2,0.7,10,0.261147631034674,0.154411544341633,-Inf
"450",0.4,6,2,0.7,10,0.268325051522176,0.154708716211528,-Inf
"451",0.01,9,2,0.7,10,0.252118120419461,0.148880299944568,-Inf
"452",0.05,9,2,0.7,10,0.246689575134616,0.148264477494914,-Inf
"453",0.1,9,2,0.7,10,0.250106448491582,0.145084931184437,-Inf
"454",0.15,9,2,0.7,10,0.25545415702835,0.1556935848188,-Inf
"455",0.2,9,2,0.7,10,0.256695380446347,0.145523488561669,-Inf
"456",0.25,9,2,0.7,10,0.233258950028602,0.135219837242067,-Inf
"457",0.3,9,2,0.7,10,0.255421058481405,0.151639636956097,-Inf
"458",0.35,9,2,0.7,10,0.252318124309545,0.144297622466545,-Inf
"459",0.4,9,2,0.7,10,0.264134837164457,0.14712686471619,-Inf
"460",0.01,3,3,0.7,10,0.258364727532642,0.152861288975496,-Inf
"461",0.05,3,3,0.7,10,0.258788816068026,0.153387936874653,-Inf
"462",0.1,3,3,0.7,10,0.249023713083667,0.145280295322856,-Inf
"463",0.15,3,3,0.7,10,0.241151746905483,0.141369005905701,-Inf
"464",0.2,3,3,0.7,10,0.248363448719306,0.143511408846536,-Inf
"465",0.25,3,3,0.7,10,0.244159027910036,0.136200448450653,-Inf
"466",0.3,3,3,0.7,10,0.244374393252866,0.141272345527168,-Inf
"467",0.35,3,3,0.7,10,0.264705197280435,0.158715752201151,-Inf
"468",0.4,3,3,0.7,10,0.232488849668419,0.132190934877193,-Inf
"469",0.01,6,3,0.7,10,0.256207834926457,0.152262694632326,-Inf
"470",0.05,6,3,0.7,10,0.248549049136761,0.146433079263533,-Inf
"471",0.1,6,3,0.7,10,0.245458619739935,0.143857947217685,-Inf
"472",0.15,6,3,0.7,10,0.247767714188499,0.146975030789769,-Inf
"473",0.2,6,3,0.7,10,0.252955931147843,0.152119684243339,-Inf
"474",0.25,6,3,0.7,10,0.25744350842929,0.148150673943454,-Inf
"475",0.3,6,3,0.7,10,0.263112862869081,0.159473266175756,-Inf
"476",0.35,6,3,0.7,10,0.254346387896255,0.151644706334886,-Inf
"477",0.4,6,3,0.7,10,0.25545610992137,0.149448431317584,-Inf
"478",0.01,9,3,0.7,10,0.25338342112789,0.150334818112061,-Inf
"479",0.05,9,3,0.7,10,0.249418730139448,0.148554560414555,-Inf
"480",0.1,9,3,0.7,10,0.245026842893793,0.142127779688129,-Inf
"481",0.15,9,3,0.7,10,0.25568153129733,0.144755240992518,-Inf
"482",0.2,9,3,0.7,10,0.250617069538176,0.145311503983649,-Inf
"483",0.25,9,3,0.7,10,0.250516633064971,0.149328121912889,-Inf
"484",0.3,9,3,0.7,10,0.253418972939119,0.147430182056379,-Inf
"485",0.35,9,3,0.7,10,0.267639863465626,0.154729039093409,-Inf
"486",0.4,9,3,0.7,10,0.270836153839966,0.163949436666193,-Inf
"487",0.01,3,4,0.7,10,0.252624469331969,0.150359803178013,-Inf
"488",0.05,3,4,0.7,10,0.244648300926303,0.145135810527801,-Inf
"489",0.1,3,4,0.7,10,0.251232514892073,0.146271870848145,-Inf
"490",0.15,3,4,0.7,10,0.247798109476409,0.14486404360812,-Inf
"491",0.2,3,4,0.7,10,0.24302781096843,0.141213370388986,-Inf
"492",0.25,3,4,0.7,10,0.255386003323507,0.140657779021722,-Inf
"493",0.3,3,4,0.7,10,0.250624674617763,0.147531192959233,-Inf
"494",0.35,3,4,0.7,10,0.257397404507771,0.153135605074627,-Inf
"495",0.4,3,4,0.7,10,0.268942594168954,0.160617104437175,-Inf
"496",0.01,6,4,0.7,10,0.256913383945749,0.15340018337639,-Inf
"497",0.05,6,4,0.7,10,0.254308235809614,0.148178346723868,-Inf
"498",0.1,6,4,0.7,10,0.245932302344852,0.143107119291267,-Inf
"499",0.15,6,4,0.7,10,0.235423493296767,0.143630228891135,-Inf
"500",0.2,6,4,0.7,10,0.243719541098282,0.143872764617034,-Inf
"501",0.25,6,4,0.7,10,0.2538433047413,0.151013393863861,-Inf
"502",0.3,6,4,0.7,10,0.253290989880222,0.152051734156869,-Inf
"503",0.35,6,4,0.7,10,0.261124889245614,0.148820240271207,-Inf
"504",0.4,6,4,0.7,10,0.256676213425154,0.144509775352459,-Inf
"505",0.01,9,4,0.7,10,0.259878011445741,0.15280962688519,-Inf
"506",0.05,9,4,0.7,10,0.247238967478091,0.147772796292902,-Inf
"507",0.1,9,4,0.7,10,0.249906332578973,0.151145098837202,-Inf
"508",0.15,9,4,0.7,10,0.249501666575737,0.146397479605231,-Inf
"509",0.2,9,4,0.7,10,0.262423694737498,0.152960833125227,-Inf
"510",0.25,9,4,0.7,10,0.253265760392185,0.154757220246599,-Inf
"511",0.3,9,4,0.7,10,0.268044354392709,0.155898315911646,-Inf
"512",0.35,9,4,0.7,10,0.244000612148904,0.143188202920295,-Inf
"513",0.4,9,4,0.7,10,0.24581061005928,0.141659243664418,-Inf
"514",0.01,3,5,0.7,10,0.259695512857508,0.153614568092497,-Inf
"515",0.05,3,5,0.7,10,0.249926086375629,0.147076536096819,-Inf
"516",0.1,3,5,0.7,10,0.253356727164885,0.148376645293158,-Inf
"517",0.15,3,5,0.7,10,0.254729365968292,0.150941464401917,-Inf
"518",0.2,3,5,0.7,10,0.250751724876715,0.149213225202383,-Inf
"519",0.25,3,5,0.7,10,0.245730461192649,0.144846883849718,-Inf
"520",0.3,3,5,0.7,10,0.254944349211283,0.148309867927521,-Inf
"521",0.35,3,5,0.7,10,0.246080111883484,0.141358317967998,-Inf
"522",0.4,3,5,0.7,10,0.249450095071908,0.143136402866028,-Inf
"523",0.01,6,5,0.7,10,0.262784466108438,0.157389297204731,-Inf
"524",0.05,6,5,0.7,10,0.252729826021222,0.151206668971587,-Inf
"525",0.1,6,5,0.7,10,0.250475971700445,0.14767551077163,-Inf
"526",0.15,6,5,0.7,10,0.247750505202167,0.142137868418496,-Inf
"527",0.2,6,5,0.7,10,0.249161710728134,0.140118285340445,-Inf
"528",0.25,6,5,0.7,10,0.258253349907252,0.15088809773966,-Inf
"529",0.3,6,5,0.7,10,0.260709691497584,0.159160297387901,-Inf
"530",0.35,6,5,0.7,10,0.246101925656801,0.146294254874894,-Inf
"531",0.4,6,5,0.7,10,0.264282942546363,0.154066328021171,-Inf
"532",0.01,9,5,0.7,10,0.263825103922631,0.155720947609096,-Inf
"533",0.05,9,5,0.7,10,0.252739726273386,0.150373356419723,-Inf
"534",0.1,9,5,0.7,10,0.256968991575344,0.149945596832231,-Inf
"535",0.15,9,5,0.7,10,0.246206765187472,0.143978878590347,-Inf
"536",0.2,9,5,0.7,10,0.257017235606198,0.14949914136971,-Inf
"537",0.25,9,5,0.7,10,0.248711898471782,0.144578030001184,-Inf
"538",0.3,9,5,0.7,10,0.244846966169572,0.141024290190878,-Inf
"539",0.35,9,5,0.7,10,0.236339796778565,0.137632520363916,-Inf
"540",0.4,9,5,0.7,10,0.241626193462627,0.141801630945426,-Inf
"541",0.01,3,1,0.8,10,0.258073348746851,0.150933717878378,-Inf
"542",0.05,3,1,0.8,10,0.248905883308122,0.143047104768391,-Inf
"543",0.1,3,1,0.8,10,0.250015300891902,0.142974015510444,-Inf
"544",0.15,3,1,0.8,10,0.246395679194744,0.139298424662715,-Inf
"545",0.2,3,1,0.8,10,0.246376535127474,0.143321992753298,-Inf
"546",0.25,3,1,0.8,10,0.250627456974565,0.149015989536107,-Inf
"547",0.3,3,1,0.8,10,0.252648394276139,0.145010280285173,-Inf
"548",0.35,3,1,0.8,10,0.240098280451061,0.127957071263402,-Inf
"549",0.4,3,1,0.8,10,0.24046798674696,0.134295306312785,-Inf
"550",0.01,6,1,0.8,10,0.244985089176193,0.142528316481115,-Inf
"551",0.05,6,1,0.8,10,0.238359619547792,0.139453994125181,-Inf
"552",0.1,6,1,0.8,10,0.243094807176883,0.142234661962011,-Inf
"553",0.15,6,1,0.8,10,0.250183407477297,0.14706244570221,-Inf
"554",0.2,6,1,0.8,10,0.242490357469856,0.141117486547488,-Inf
"555",0.25,6,1,0.8,10,0.248385694346459,0.141180985453955,-Inf
"556",0.3,6,1,0.8,10,0.261236125651384,0.149787123234759,-Inf
"557",0.35,6,1,0.8,10,0.276849358494115,0.157710812982918,-Inf
"558",0.4,6,1,0.8,10,0.244141346206693,0.134611861774678,-Inf
"559",0.01,9,1,0.8,10,0.244436793896795,0.142512744175353,-Inf
"560",0.05,9,1,0.8,10,0.250617103602582,0.143718238858687,-Inf
"561",0.1,9,1,0.8,10,0.234328816029104,0.136877874059391,-Inf
"562",0.15,9,1,0.8,10,0.243688472298584,0.139768776222643,-Inf
"563",0.2,9,1,0.8,10,0.243312047758234,0.13391605453621,-Inf
"564",0.25,9,1,0.8,10,0.257390378623845,0.147228653969269,-Inf
"565",0.3,9,1,0.8,10,0.253585404974749,0.148216415006691,-Inf
"566",0.35,9,1,0.8,10,0.246004612787996,0.140508555752469,-Inf
"567",0.4,9,1,0.8,10,0.248169538317233,0.141421842518902,-Inf
"568",0.01,3,2,0.8,10,0.252524618048306,0.149595626963655,-Inf
"569",0.05,3,2,0.8,10,0.251266900178141,0.145668055049843,-Inf
"570",0.1,3,2,0.8,10,0.244455920469646,0.14069604860714,-Inf
"571",0.15,3,2,0.8,10,0.241851548497965,0.136853935011332,-Inf
"572",0.2,3,2,0.8,10,0.24552202965899,0.140947337452057,-Inf
"573",0.25,3,2,0.8,10,0.249946701023075,0.148974144584868,-Inf
"574",0.3,3,2,0.8,10,0.246726626429379,0.14494281413076,-Inf
"575",0.35,3,2,0.8,10,0.258879923724501,0.154356280411378,-Inf
"576",0.4,3,2,0.8,10,0.252447649672739,0.141545203681846,-Inf
"577",0.01,6,2,0.8,10,0.247685912075117,0.145768435463442,-Inf
"578",0.05,6,2,0.8,10,0.243653394723283,0.143295855363445,-Inf
"579",0.1,6,2,0.8,10,0.246508844640119,0.146535652624499,-Inf
"580",0.15,6,2,0.8,10,0.250977529534062,0.145427188960373,-Inf
"581",0.2,6,2,0.8,10,0.239352217362048,0.142425612057281,-Inf
"582",0.25,6,2,0.8,10,0.249718123289003,0.147692042880946,-Inf
"583",0.3,6,2,0.8,10,0.257802401191519,0.14891132981683,-Inf
"584",0.35,6,2,0.8,10,0.265955265752011,0.152274565136515,-Inf
"585",0.4,6,2,0.8,10,0.247602762161978,0.143592550311837,-Inf
"586",0.01,9,2,0.8,10,0.249831944247739,0.147423489942266,-Inf
"587",0.05,9,2,0.8,10,0.255375864093475,0.149886955261243,-Inf
"588",0.1,9,2,0.8,10,0.240433262660551,0.141425477808441,-Inf
"589",0.15,9,2,0.8,10,0.250684914749862,0.150203920799032,-Inf
"590",0.2,9,2,0.8,10,0.240149936576614,0.141185111158676,-Inf
"591",0.25,9,2,0.8,10,0.246852580238036,0.141216532479026,-Inf
"592",0.3,9,2,0.8,10,0.254124464326981,0.140682961798876,-Inf
"593",0.35,9,2,0.8,10,0.258993344991439,0.144599069045276,-Inf
"594",0.4,9,2,0.8,10,0.268108745747082,0.153316096041554,-Inf
"595",0.01,3,3,0.8,10,0.25636391370741,0.150780846595735,-Inf
"596",0.05,3,3,0.8,10,0.257933345763587,0.150712766004319,-Inf
"597",0.1,3,3,0.8,10,0.243462391847271,0.142586864539,-Inf
"598",0.15,3,3,0.8,10,0.254938641814547,0.148588456986221,-Inf
"599",0.2,3,3,0.8,10,0.253330976237972,0.14605041184492,-Inf
"600",0.25,3,3,0.8,10,0.255300855528899,0.149783389420523,-Inf
"601",0.3,3,3,0.8,10,0.266513843767791,0.156871177184136,-Inf
"602",0.35,3,3,0.8,10,0.264184756883206,0.150999561937034,-Inf
"603",0.4,3,3,0.8,10,0.265589338743365,0.150104564378714,-Inf
"604",0.01,6,3,0.8,10,0.256558391245534,0.152733666201835,-Inf
"605",0.05,6,3,0.8,10,0.254394212319438,0.148802721016981,-Inf
"606",0.1,6,3,0.8,10,0.259246103618952,0.158081787208415,-Inf
"607",0.15,6,3,0.8,10,0.260381761750564,0.15245067581459,-Inf
"608",0.2,6,3,0.8,10,0.254047942865361,0.144204989352916,-Inf
"609",0.25,6,3,0.8,10,0.250971201700459,0.154693426738633,-Inf
"610",0.3,6,3,0.8,10,0.245504299800482,0.13765587819229,-Inf
"611",0.35,6,3,0.8,10,0.253630542748838,0.147649299844751,-Inf
"612",0.4,6,3,0.8,10,0.260158844679554,0.146776090221037,-Inf
"613",0.01,9,3,0.8,10,0.256699243417392,0.1519454370002,-Inf
"614",0.05,9,3,0.8,10,0.254568919748491,0.149892143168558,-Inf
"615",0.1,9,3,0.8,10,0.250839829320273,0.148830164625435,-Inf
"616",0.15,9,3,0.8,10,0.252358233517816,0.145959753551364,-Inf
"617",0.2,9,3,0.8,10,0.256090897722919,0.147029551757598,-Inf
"618",0.25,9,3,0.8,10,0.240525837771147,0.147674081306245,-Inf
"619",0.3,9,3,0.8,10,0.26153535077524,0.153630314177469,-Inf
"620",0.35,9,3,0.8,10,0.264310345503055,0.15170149673906,-Inf
"621",0.4,9,3,0.8,10,0.269300923799023,0.162260173839424,-Inf
"622",0.01,3,4,0.8,10,0.257324901564177,0.152496527742612,-Inf
"623",0.05,3,4,0.8,10,0.244526945807905,0.146976830490964,-Inf
"624",0.1,3,4,0.8,10,0.252355878003083,0.149187867987258,-Inf
"625",0.15,3,4,0.8,10,0.245986401408489,0.139275393177122,-Inf
"626",0.2,3,4,0.8,10,0.257437410683252,0.151124728019242,-Inf
"627",0.25,3,4,0.8,10,0.239491081839464,0.13735602296746,-Inf
"628",0.3,3,4,0.8,10,0.24811345105291,0.141306451895475,-Inf
"629",0.35,3,4,0.8,10,0.24847388097021,0.136903445392417,-Inf
"630",0.4,3,4,0.8,10,0.249637903794002,0.143563049382925,-Inf
"631",0.01,6,4,0.8,10,0.258421944192157,0.155621555739742,-Inf
"632",0.05,6,4,0.8,10,0.252709277183426,0.14810964866922,-Inf
"633",0.1,6,4,0.8,10,0.243736491122986,0.147446091548208,-Inf
"634",0.15,6,4,0.8,10,0.246837009056372,0.146280056717875,-Inf
"635",0.2,6,4,0.8,10,0.255052423137064,0.152160491885724,-Inf
"636",0.25,6,4,0.8,10,0.253352186688806,0.148664456171853,-Inf
"637",0.3,6,4,0.8,10,0.242805487742624,0.14395811675233,-Inf
"638",0.35,6,4,0.8,10,0.25688387545811,0.148959811897255,-Inf
"639",0.4,6,4,0.8,10,0.264005028530164,0.152445988638929,-Inf
"640",0.01,9,4,0.8,10,0.25442769177013,0.151887748886884,-Inf
"641",0.05,9,4,0.8,10,0.251021955227936,0.150058316472602,-Inf
"642",0.1,9,4,0.8,10,0.249838277927534,0.148277728676556,-Inf
"643",0.15,9,4,0.8,10,0.242842016615706,0.14536239696997,-Inf
"644",0.2,9,4,0.8,10,0.249694245262345,0.1413564969426,-Inf
"645",0.25,9,4,0.8,10,0.267566662751846,0.155743446542831,-Inf
"646",0.3,9,4,0.8,10,0.239930075406762,0.138502796893615,-Inf
"647",0.35,9,4,0.8,10,0.250299774119097,0.143225063091828,-Inf
"648",0.4,9,4,0.8,10,0.275049414281539,0.16162744381425,-Inf
"649",0.01,3,5,0.8,10,0.26032942896661,0.154170680877793,-Inf
"650",0.05,3,5,0.8,10,0.254309240068552,0.148958514519432,-Inf
"651",0.1,3,5,0.8,10,0.246824824404709,0.143202930206464,-Inf
"652",0.15,3,5,0.8,10,0.260238042372969,0.152998677486608,-Inf
"653",0.2,3,5,0.8,10,0.2472673929996,0.144660135344562,-Inf
"654",0.25,3,5,0.8,10,0.260499419750329,0.155010127759831,-Inf
"655",0.3,3,5,0.8,10,0.252917574349087,0.14970824710743,-Inf
"656",0.35,3,5,0.8,10,0.257549515685596,0.144307288042099,-Inf
"657",0.4,3,5,0.8,10,0.254293262492463,0.149358989961355,-Inf
"658",0.01,6,5,0.8,10,0.256293930156413,0.150949473435827,-Inf
"659",0.05,6,5,0.8,10,0.253808647378056,0.149603001812858,-Inf
"660",0.1,6,5,0.8,10,0.253722118410583,0.14954288535887,-Inf
"661",0.15,6,5,0.8,10,0.253138560444854,0.15004906818328,-Inf
"662",0.2,6,5,0.8,10,0.253220675356401,0.146337770555927,-Inf
"663",0.25,6,5,0.8,10,0.251013104043916,0.152298059746126,-Inf
"664",0.3,6,5,0.8,10,0.254982289169115,0.151693645790751,-Inf
"665",0.35,6,5,0.8,10,0.262427266331838,0.157426662859113,-Inf
"666",0.4,6,5,0.8,10,0.240726777341805,0.139429087835319,-Inf
"667",0.01,9,5,0.8,10,0.256008049945716,0.154121091781663,-Inf
"668",0.05,9,5,0.8,10,0.252357071111346,0.151057209275788,-Inf
"669",0.1,9,5,0.8,10,0.247248738654263,0.146453588530545,-Inf
"670",0.15,9,5,0.8,10,0.248594116501907,0.147271195646555,-Inf
"671",0.2,9,5,0.8,10,0.258672077993686,0.155377211437265,-Inf
"672",0.25,9,5,0.8,10,0.241671991596078,0.146315735467585,-Inf
"673",0.3,9,5,0.8,10,0.252109403451069,0.147422886853248,-Inf
"674",0.35,9,5,0.8,10,0.2462208219969,0.149271247832463,-Inf
"675",0.4,9,5,0.8,10,0.264862521339463,0.15444645468467,-Inf
"676",0.01,3,1,0.9,10,0.252898477473958,0.147391775486535,-Inf
"677",0.05,3,1,0.9,10,0.25187968063625,0.144044572922371,-Inf
"678",0.1,3,1,0.9,10,0.245251294266738,0.140397185579963,-Inf
"679",0.15,3,1,0.9,10,0.24201428056063,0.140747516995369,-Inf
"680",0.2,3,1,0.9,10,0.248386291374096,0.139982634751157,-Inf
"681",0.25,3,1,0.9,10,0.238630367978147,0.13604938524098,-Inf
"682",0.3,3,1,0.9,10,0.234345433223626,0.135420787174328,-Inf
"683",0.35,3,1,0.9,10,0.25094535635446,0.14318396688164,-Inf
"684",0.4,3,1,0.9,10,0.249341011087825,0.137677328375188,-Inf
"685",0.01,6,1,0.9,10,0.24551447623608,0.143510074312017,-Inf
"686",0.05,6,1,0.9,10,0.242076370039694,0.137482137229099,-Inf
"687",0.1,6,1,0.9,10,0.244003873079329,0.141416764416671,-Inf
"688",0.15,6,1,0.9,10,0.243057702659623,0.138443203844651,-Inf
"689",0.2,6,1,0.9,10,0.240843454925071,0.137227066998839,-Inf
"690",0.25,6,1,0.9,10,0.250035840697404,0.145767560984828,-Inf
"691",0.3,6,1,0.9,10,0.259684702343529,0.140068424956566,-Inf
"692",0.35,6,1,0.9,10,0.259396468847381,0.135191520616204,-Inf
"693",0.4,6,1,0.9,10,0.241983102462517,0.136351928884619,-Inf
"694",0.01,9,1,0.9,10,0.238270179281547,0.13686445379698,-Inf
"695",0.05,9,1,0.9,10,0.240920884404604,0.13903977623113,-Inf
"696",0.1,9,1,0.9,10,0.238496333923532,0.13654843624005,-Inf
"697",0.15,9,1,0.9,10,0.243411960148386,0.139042442994486,-Inf
"698",0.2,9,1,0.9,10,0.239486483515045,0.138333226506443,-Inf
"699",0.25,9,1,0.9,10,0.245388562136643,0.145661497229531,-Inf
"700",0.3,9,1,0.9,10,0.25528920273411,0.142093809878938,-Inf
"701",0.35,9,1,0.9,10,0.249439405564855,0.141987665266893,-Inf
"702",0.4,9,1,0.9,10,0.240654810425998,0.133303275430108,-Inf
"703",0.01,3,2,0.9,10,0.251368165699096,0.147210094021752,-Inf
"704",0.05,3,2,0.9,10,0.24579914884707,0.142608660990912,-Inf
"705",0.1,3,2,0.9,10,0.245800652019289,0.143563641713707,-Inf
"706",0.15,3,2,0.9,10,0.24601140449125,0.141422098955691,-Inf
"707",0.2,3,2,0.9,10,0.24517247685055,0.142008482001088,-Inf
"708",0.25,3,2,0.9,10,0.244310128181429,0.140629952580067,-Inf
"709",0.3,3,2,0.9,10,0.249464558716901,0.14621750872596,-Inf
"710",0.35,3,2,0.9,10,0.253322331051898,0.141442305798254,-Inf
"711",0.4,3,2,0.9,10,0.252795176092276,0.140085200854274,-Inf
"712",0.01,6,2,0.9,10,0.243820084601429,0.143204666783555,-Inf
"713",0.05,6,2,0.9,10,0.241138614836775,0.140511331634258,-Inf
"714",0.1,6,2,0.9,10,0.248345721647837,0.144551089759517,-Inf
"715",0.15,6,2,0.9,10,0.249135329922134,0.143678474812417,-Inf
"716",0.2,6,2,0.9,10,0.255389539714127,0.151802329863314,-Inf
"717",0.25,6,2,0.9,10,0.241792336808207,0.14103104173515,-Inf
"718",0.3,6,2,0.9,10,0.250356840981528,0.138403177294638,-Inf
"719",0.35,6,2,0.9,10,0.263021212021661,0.147480903520265,-Inf
"720",0.4,6,2,0.9,10,0.252202287228617,0.141723344270598,-Inf
"721",0.01,9,2,0.9,10,0.244662192132828,0.143056120572365,-Inf
"722",0.05,9,2,0.9,10,0.242164777846586,0.142823549830724,-Inf
"723",0.1,9,2,0.9,10,0.246568608345557,0.14268926415421,-Inf
"724",0.15,9,2,0.9,10,0.246943896566471,0.144500680464888,-Inf
"725",0.2,9,2,0.9,10,0.234236816847559,0.132627209382221,-Inf
"726",0.25,9,2,0.9,10,0.249622425839329,0.14275413025878,-Inf
"727",0.3,9,2,0.9,10,0.263038728665051,0.151603651749562,-Inf
"728",0.35,9,2,0.9,10,0.253992115915566,0.148071088249884,-Inf
"729",0.4,9,2,0.9,10,0.258111795047909,0.147229674244678,-Inf
"730",0.01,3,3,0.9,10,0.256379843020683,0.152767486061912,-Inf
"731",0.05,3,3,0.9,10,0.245225539484704,0.147081661978969,-Inf
"732",0.1,3,3,0.9,10,0.249160634959594,0.149432940123759,-Inf
"733",0.15,3,3,0.9,10,0.243255966087242,0.147777884614394,-Inf
"734",0.2,3,3,0.9,10,0.2467011544552,0.143035412747014,-Inf
"735",0.25,3,3,0.9,10,0.255344981937227,0.14936754351375,-Inf
"736",0.3,3,3,0.9,10,0.258172243739142,0.154582136549923,-Inf
"737",0.35,3,3,0.9,10,0.247762870369868,0.140832978018489,-Inf
"738",0.4,3,3,0.9,10,0.261366306101077,0.149814486480988,-Inf
"739",0.01,6,3,0.9,10,0.25501749297483,0.153576969826195,-Inf
"740",0.05,6,3,0.9,10,0.251135011969593,0.150125325454478,-Inf
"741",0.1,6,3,0.9,10,0.254589425556227,0.150935877122718,-Inf
"742",0.15,6,3,0.9,10,0.25574804889602,0.147675438275018,-Inf
"743",0.2,6,3,0.9,10,0.263180632623481,0.156938052975311,-Inf
"744",0.25,6,3,0.9,10,0.247927428491461,0.145505964649902,-Inf
"745",0.3,6,3,0.9,10,0.254608879907669,0.148726006640249,-Inf
"746",0.35,6,3,0.9,10,0.263031198617984,0.144956085079055,-Inf
"747",0.4,6,3,0.9,10,0.2687479298867,0.154974804094943,-Inf
"748",0.01,9,3,0.9,10,0.255454935225866,0.152742881972027,-Inf
"749",0.05,9,3,0.9,10,0.253242384795923,0.151385591455392,-Inf
"750",0.1,9,3,0.9,10,0.258755773888489,0.155691804931642,-Inf
"751",0.15,9,3,0.9,10,0.247237616460935,0.144022592087653,-Inf
"752",0.2,9,3,0.9,10,0.255842234905493,0.152931518455681,-Inf
"753",0.25,9,3,0.9,10,0.253761658111358,0.153687231557136,-Inf
"754",0.3,9,3,0.9,10,0.273343449724441,0.159080252849297,-Inf
"755",0.35,9,3,0.9,10,0.256918423594827,0.150412347672191,-Inf
"756",0.4,9,3,0.9,10,0.262182349109442,0.149996948531299,-Inf
"757",0.01,3,4,0.9,10,0.250925190593348,0.150037521083325,-Inf
"758",0.05,3,4,0.9,10,0.249846390086577,0.149515211124979,-Inf
"759",0.1,3,4,0.9,10,0.248815010147871,0.146381166778774,-Inf
"760",0.15,3,4,0.9,10,0.245471153250056,0.143853570942466,-Inf
"761",0.2,3,4,0.9,10,0.244198450519246,0.140299431426868,-Inf
"762",0.25,3,4,0.9,10,0.240673991779339,0.14048352842502,-Inf
"763",0.3,3,4,0.9,10,0.244423177879468,0.138701815292395,-Inf
"764",0.35,3,4,0.9,10,0.253788143153566,0.155804534163675,-Inf
"765",0.4,3,4,0.9,10,0.241567424667431,0.136345159444341,-Inf
"766",0.01,6,4,0.9,10,0.255442840661615,0.154208992624517,-Inf
"767",0.05,6,4,0.9,10,0.250339200159572,0.148767527117482,-Inf
"768",0.1,6,4,0.9,10,0.25211128168552,0.148338620539916,-Inf
"769",0.15,6,4,0.9,10,0.247666214576757,0.150270024302521,-Inf
"770",0.2,6,4,0.9,10,0.243207637808587,0.142716745249751,-Inf
"771",0.25,6,4,0.9,10,0.239769047511967,0.141964040637579,-Inf
"772",0.3,6,4,0.9,10,0.251279426441935,0.142203908677185,-Inf
"773",0.35,6,4,0.9,10,0.252515182000875,0.148214585638527,-Inf
"774",0.4,6,4,0.9,10,0.243119478667771,0.148700289249787,-Inf
"775",0.01,9,4,0.9,10,0.253294018046196,0.151963438007318,-Inf
"776",0.05,9,4,0.9,10,0.251291923498818,0.149896900590431,-Inf
"777",0.1,9,4,0.9,10,0.249816257244341,0.148965634555844,-Inf
"778",0.15,9,4,0.9,10,0.246831577544338,0.148135387273765,-Inf
"779",0.2,9,4,0.9,10,0.238295797844996,0.139004059763278,-Inf
"780",0.25,9,4,0.9,10,0.252987122151213,0.1471509325261,-Inf
"781",0.3,9,4,0.9,10,0.24463828058663,0.140337562869837,-Inf
"782",0.35,9,4,0.9,10,0.253109213839296,0.149093910580112,-Inf
"783",0.4,9,4,0.9,10,0.237866215857816,0.138658661431816,-Inf
"784",0.01,3,5,0.9,10,0.253940196935234,0.151318841211087,-Inf
"785",0.05,3,5,0.9,10,0.247758405595962,0.147597626028039,-Inf
"786",0.1,3,5,0.9,10,0.249511489606521,0.145886355101102,-Inf
"787",0.15,3,5,0.9,10,0.24538688152431,0.143984257184768,-Inf
"788",0.2,3,5,0.9,10,0.247185722422916,0.143354344773557,-Inf
"789",0.25,3,5,0.9,10,0.255440763249461,0.151031505780129,-Inf
"790",0.3,3,5,0.9,10,0.241338941572881,0.13766821001103,-Inf
"791",0.35,3,5,0.9,10,0.247169977677711,0.140515970558008,-Inf
"792",0.4,3,5,0.9,10,0.256770411393907,0.153017213893796,-Inf
"793",0.01,6,5,0.9,10,0.255626978386701,0.152383306238826,-Inf
"794",0.05,6,5,0.9,10,0.251512244950973,0.14967778061371,-Inf
"795",0.1,6,5,0.9,10,0.250149996097609,0.145128651145909,-Inf
"796",0.15,6,5,0.9,10,0.246163835051696,0.142503887572952,-Inf
"797",0.2,6,5,0.9,10,0.245806253741629,0.148178267406113,-Inf
"798",0.25,6,5,0.9,10,0.245652738756423,0.143029557480206,-Inf
"799",0.3,6,5,0.9,10,0.24755834297804,0.151231419000755,-Inf
"800",0.35,6,5,0.9,10,0.25291001950676,0.149112453222745,-Inf
"801",0.4,6,5,0.9,10,0.260646968473984,0.147406292797758,-Inf
"802",0.01,9,5,0.9,10,0.254363461635206,0.151619795550013,-Inf
"803",0.05,9,5,0.9,10,0.2498821490565,0.149050671586983,-Inf
"804",0.1,9,5,0.9,10,0.251571770176221,0.148836761559413,-Inf
"805",0.15,9,5,0.9,10,0.25354229605194,0.155725026983205,-Inf
"806",0.2,9,5,0.9,10,0.249424380736075,0.147502804144051,-Inf
"807",0.25,9,5,0.9,10,0.261620200047194,0.15048112910738,-Inf
"808",0.3,9,5,0.9,10,0.252819714134308,0.146807625766978,-Inf
"809",0.35,9,5,0.9,10,0.258806472367266,0.149013994654149,-Inf
"810",0.4,9,5,0.9,10,0.24675615015839,0.150120538481335,-Inf
"811",0.01,3,1,1,10,0.254073921412946,0.146945918221627,-Inf
"812",0.05,3,1,1,10,0.248639085038318,0.145252578275972,-Inf
"813",0.1,3,1,1,10,0.247058888757272,0.139235214945339,-Inf
"814",0.15,3,1,1,10,0.237499836332411,0.137797683811693,-Inf
"815",0.2,3,1,1,10,0.238295392446509,0.137737894100255,-Inf
"816",0.25,3,1,1,10,0.240869903955939,0.136232067308123,-Inf
"817",0.3,3,1,1,10,0.243498962353629,0.136426779412484,-Inf
"818",0.35,3,1,1,10,0.243550830853736,0.136607843683156,-Inf
"819",0.4,3,1,1,10,0.244610357753022,0.141351793582862,-Inf
"820",0.01,6,1,1,10,0.251932672996904,0.148013648047197,-Inf
"821",0.05,6,1,1,10,0.248913698610319,0.143969927820412,-Inf
"822",0.1,6,1,1,10,0.246344779581906,0.141033450569741,-Inf
"823",0.15,6,1,1,10,0.246001764636572,0.140558376577387,-Inf
"824",0.2,6,1,1,10,0.245456777695757,0.14121030690682,-Inf
"825",0.25,6,1,1,10,0.242944581962476,0.138484181345884,-Inf
"826",0.3,6,1,1,10,0.240741778429333,0.134880827059035,-Inf
"827",0.35,6,1,1,10,0.240705308813938,0.134007953177496,-Inf
"828",0.4,6,1,1,10,0.245781674359165,0.136506263245688,-Inf
"829",0.01,9,1,1,10,0.247230732893624,0.144134922623344,-Inf
"830",0.05,9,1,1,10,0.247168913827849,0.143444057685924,-Inf
"831",0.1,9,1,1,10,0.23781807838662,0.134506112265863,-Inf
"832",0.15,9,1,1,10,0.236174958908275,0.133064865076353,-Inf
"833",0.2,9,1,1,10,0.236620564821112,0.13337019249331,-Inf
"834",0.25,9,1,1,10,0.244101637843439,0.135626575782765,-Inf
"835",0.3,9,1,1,10,0.24295595319191,0.133459093978272,-Inf
"836",0.35,9,1,1,10,0.246894483898777,0.130807073002902,-Inf
"837",0.4,9,1,1,10,0.245758437284324,0.126317819113719,-Inf
"838",0.01,3,2,1,10,0.229611015358705,0.140495190079576,-Inf
"839",0.05,3,2,1,10,0.227884110775813,0.137931616012681,-Inf
"840",0.1,3,2,1,10,0.224883961611765,0.136550443628658,-Inf
"841",0.15,3,2,1,10,0.230507182120733,0.138369283631627,-Inf
"842",0.2,3,2,1,10,0.232918511748361,0.137738770721374,-Inf
"843",0.25,3,2,1,10,0.247027344426622,0.142855066932572,-Inf
"844",0.3,3,2,1,10,0.251970510449746,0.143477783982532,-Inf
"845",0.35,3,2,1,10,0.254650844413702,0.147267505876069,-Inf
"846",0.4,3,2,1,10,0.260477898434702,0.149426819193321,-Inf
"847",0.01,6,2,1,10,0.249705823104796,0.151570161392016,-Inf
"848",0.05,6,2,1,10,0.247945280473839,0.14818827294019,-Inf
"849",0.1,6,2,1,10,0.248513242759525,0.149448767669047,-Inf
"850",0.15,6,2,1,10,0.249278125658156,0.148926921417906,-Inf
"851",0.2,6,2,1,10,0.246411153119088,0.145872277224612,-Inf
"852",0.25,6,2,1,10,0.252015299104244,0.143644925674666,-Inf
"853",0.3,6,2,1,10,0.249697131800796,0.146897641074905,-Inf
"854",0.35,6,2,1,10,0.253652332490505,0.143372514745603,-Inf
"855",0.4,6,2,1,10,0.261535341874689,0.146693375154471,-Inf
"856",0.01,9,2,1,10,0.245243493652736,0.147197215704674,-Inf
"857",0.05,9,2,1,10,0.244051176889691,0.144940297393389,-Inf
"858",0.1,9,2,1,10,0.245874917539757,0.145594739674696,-Inf
"859",0.15,9,2,1,10,0.248107617473129,0.14610167381546,-Inf
"860",0.2,9,2,1,10,0.246464082875943,0.14537520646816,-Inf
"861",0.25,9,2,1,10,0.24479182641573,0.142262946629765,-Inf
"862",0.3,9,2,1,10,0.255483671186345,0.150985548736149,-Inf
"863",0.35,9,2,1,10,0.253228101999442,0.14747502470748,-Inf
"864",0.4,9,2,1,10,0.254154314780676,0.144881993897175,-Inf
"865",0.01,3,3,1,10,0.249662499612843,0.151482997119165,-Inf
"866",0.05,3,3,1,10,0.250044802769256,0.151376453425106,-Inf
"867",0.1,3,3,1,10,0.250295840449193,0.152436626549091,-Inf
"868",0.15,3,3,1,10,0.250062953369382,0.154137062561034,-Inf
"869",0.2,3,3,1,10,0.256407490421755,0.154039808306909,-Inf
"870",0.25,3,3,1,10,0.25389010273445,0.154616524747967,-Inf
"871",0.3,3,3,1,10,0.256403951202238,0.155291591761615,-Inf
"872",0.35,3,3,1,10,0.257274738395427,0.157886238587465,-Inf
"873",0.4,3,3,1,10,0.258427818454721,0.156115909620361,-Inf
"874",0.01,6,3,1,10,0.260718850984578,0.156775829288422,-Inf
"875",0.05,6,3,1,10,0.260673994112698,0.155880199874568,-Inf
"876",0.1,6,3,1,10,0.260512918079177,0.155961525543072,-Inf
"877",0.15,6,3,1,10,0.261829519774154,0.15359037444287,-Inf
"878",0.2,6,3,1,10,0.262307360293339,0.156456196307239,-Inf
"879",0.25,6,3,1,10,0.266072709548726,0.157677580831065,-Inf
"880",0.3,6,3,1,10,0.265936981211854,0.160922905988775,-Inf
"881",0.35,6,3,1,10,0.267719507747568,0.156547898220428,-Inf
"882",0.4,6,3,1,10,0.268004388127646,0.155424717642792,-Inf
"883",0.01,9,3,1,10,0.260379034681219,0.156670157663303,-Inf
"884",0.05,9,3,1,10,0.25992988873165,0.156012067133045,-Inf
"885",0.1,9,3,1,10,0.260685664389078,0.15438411566653,-Inf
"886",0.15,9,3,1,10,0.263210838657475,0.156785363917519,-Inf
"887",0.2,9,3,1,10,0.261266992797709,0.155114631507022,-Inf
"888",0.25,9,3,1,10,0.263735349413935,0.155342913293527,-Inf
"889",0.3,9,3,1,10,0.267437751131209,0.159612165478983,-Inf
"890",0.35,9,3,1,10,0.268918987616043,0.15783597136886,-Inf
"891",0.4,9,3,1,10,0.266006379471203,0.155273887567021,-Inf
"892",0.01,3,4,1,10,0.249170581275202,0.148573941371162,-Inf
"893",0.05,3,4,1,10,0.248365849981656,0.14700786249621,-Inf
"894",0.1,3,4,1,10,0.246955715885295,0.14612777234623,-Inf
"895",0.15,3,4,1,10,0.242977589174937,0.143457628557288,-Inf
"896",0.2,3,4,1,10,0.245401076619615,0.142708427958853,-Inf
"897",0.25,3,4,1,10,0.242453374251687,0.145135620288151,-Inf
"898",0.3,3,4,1,10,0.235153605372487,0.140860259331701,-Inf
"899",0.35,3,4,1,10,0.243844308837157,0.141553600496567,-Inf
"900",0.4,3,4,1,10,0.243917917698414,0.136655499736319,-Inf
"901",0.01,6,4,1,10,0.246683688704548,0.150100366013872,-Inf
"902",0.05,6,4,1,10,0.24355971719969,0.145443198527088,-Inf
"903",0.1,6,4,1,10,0.244015630245882,0.144923245335252,-Inf
"904",0.15,6,4,1,10,0.246014701882778,0.147251214067621,-Inf
"905",0.2,6,4,1,10,0.24285918423666,0.142131376584526,-Inf
"906",0.25,6,4,1,10,0.245846545444838,0.145323899556347,-Inf
"907",0.3,6,4,1,10,0.247818784580993,0.143042496430814,-Inf
"908",0.35,6,4,1,10,0.236635887664607,0.138963017287905,-Inf
"909",0.4,6,4,1,10,0.246852158244012,0.146070771421693,-Inf
"910",0.01,9,4,1,10,0.246434071270435,0.149213264616798,-Inf
"911",0.05,9,4,1,10,0.246491904021318,0.146242125939908,-Inf
"912",0.1,9,4,1,10,0.241615106688748,0.144166424753273,-Inf
"913",0.15,9,4,1,10,0.245759504487982,0.145505870015672,-Inf
"914",0.2,9,4,1,10,0.249727481666287,0.147941089258612,-Inf
"915",0.25,9,4,1,10,0.249328862516822,0.147052030880305,-Inf
"916",0.3,9,4,1,10,0.243151891102695,0.143829721789713,-Inf
"917",0.35,9,4,1,10,0.240840595354394,0.145580649897961,-Inf
"918",0.4,9,4,1,10,0.241483773881819,0.144667128952569,-Inf
"919",0.01,3,5,1,10,0.251421640223466,0.149570547092219,-Inf
"920",0.05,3,5,1,10,0.244906539392116,0.145329887065687,-Inf
"921",0.1,3,5,1,10,0.242369122063125,0.141698152512158,-Inf
"922",0.15,3,5,1,10,0.239368207897936,0.140059011263075,-Inf
"923",0.2,3,5,1,10,0.24512758314698,0.144011913672954,-Inf
"924",0.25,3,5,1,10,0.241482483836881,0.139249844224702,-Inf
"925",0.3,3,5,1,10,0.249572841168727,0.14357182067032,-Inf
"926",0.35,3,5,1,10,0.245802833942754,0.142665594416598,-Inf
"927",0.4,3,5,1,10,0.244192423306763,0.137932440075678,-Inf
"928",0.01,6,5,1,10,0.253129305806258,0.152125184802484,-Inf
"929",0.05,6,5,1,10,0.250399101583594,0.147715920068873,-Inf
"930",0.1,6,5,1,10,0.250251000829717,0.149896848075411,-Inf
"931",0.15,6,5,1,10,0.248883846189569,0.14734026220743,-Inf
"932",0.2,6,5,1,10,0.25176966612092,0.153218894680407,-Inf
"933",0.25,6,5,1,10,0.249018732119539,0.150900128226992,-Inf
"934",0.3,6,5,1,10,0.254360327277185,0.146118422479204,-Inf
"935",0.35,6,5,1,10,0.254255200832708,0.143432860564161,-Inf
"936",0.4,6,5,1,10,0.253457917155966,0.144006020934887,-Inf
"937",0.01,9,5,1,10,0.253286082233182,0.153114138633893,-Inf
"938",0.05,9,5,1,10,0.249689571044562,0.148462574052239,-Inf
"939",0.1,9,5,1,10,0.248941793333323,0.149657233575522,-Inf
"940",0.15,9,5,1,10,0.249474157358317,0.150856127949567,-Inf
"941",0.2,9,5,1,10,0.255128696710151,0.152158971093419,-Inf
"942",0.25,9,5,1,10,0.24891876689535,0.147514545483861,-Inf
"943",0.3,9,5,1,10,0.253687823089478,0.14670607907296,-Inf
"944",0.35,9,5,1,10,0.250256608795451,0.143990373567411,-Inf
"945",0.4,9,5,1,10,0.253861054359313,0.145119587878149,-Inf
"946",0.01,3,1,0.4,20,0.254292432516962,0.148426625105774,-Inf
"947",0.05,3,1,0.4,20,0.250101794813063,0.14578337099513,-Inf
"948",0.1,3,1,0.4,20,0.243003358949831,0.142551849168068,-Inf
"949",0.15,3,1,0.4,20,0.247345972339815,0.141341564288945,-Inf
"950",0.2,3,1,0.4,20,0.241835846927449,0.148353580732706,-Inf
"951",0.25,3,1,0.4,20,0.255424689808678,0.154453643400992,-Inf
"952",0.3,3,1,0.4,20,0.267821561521897,0.15581808018113,-Inf
"953",0.35,3,1,0.4,20,0.268988134829935,0.15598196628567,-Inf
"954",0.4,3,1,0.4,20,0.271969239370241,0.15579275903992,-Inf
"955",0.01,6,1,0.4,20,0.255319842608179,0.149062169744392,-Inf
"956",0.05,6,1,0.4,20,0.253985647535901,0.152487279434427,-Inf
"957",0.1,6,1,0.4,20,0.253586436782833,0.150721172722193,-Inf
"958",0.15,6,1,0.4,20,0.253597398030658,0.149541349202425,-Inf
"959",0.2,6,1,0.4,20,0.253335533672362,0.14392842138112,-Inf
"960",0.25,6,1,0.4,20,0.2584954616001,0.154729350440066,-Inf
"961",0.3,6,1,0.4,20,0.238395771005005,0.150253901075695,-Inf
"962",0.35,6,1,0.4,20,0.262607354635354,0.160606438619003,-Inf
"963",0.4,6,1,0.4,20,0.262206614476195,0.160496494367152,-Inf
"964",0.01,9,1,0.4,20,0.25173834741007,0.147871502168133,-Inf
"965",0.05,9,1,0.4,20,0.252813330213477,0.148573257275709,-Inf
"966",0.1,9,1,0.4,20,0.251644493646368,0.148032723256982,-Inf
"967",0.15,9,1,0.4,20,0.257747618846176,0.155803555169502,-Inf
"968",0.2,9,1,0.4,20,0.245541610154877,0.147700146420918,-Inf
"969",0.25,9,1,0.4,20,0.259010723446468,0.15930520847909,-Inf
"970",0.3,9,1,0.4,20,0.256719851936596,0.155337187592343,-Inf
"971",0.35,9,1,0.4,20,0.265079315195583,0.15529364198699,-Inf
"972",0.4,9,1,0.4,20,0.26718665258803,0.152411886812564,-Inf
"973",0.01,3,2,0.4,20,0.252369571572703,0.148816996011748,-Inf
"974",0.05,3,2,0.4,20,0.255374800167946,0.151847937699124,-Inf
"975",0.1,3,2,0.4,20,0.249270881384113,0.145104156445846,-Inf
"976",0.15,3,2,0.4,20,0.247210232053383,0.14229463972969,-Inf
"977",0.2,3,2,0.4,20,0.248090276585046,0.145795115512431,-Inf
"978",0.25,3,2,0.4,20,0.244060847689092,0.145275205685697,-Inf
"979",0.3,3,2,0.4,20,0.254219108282853,0.148760381912493,-Inf
"980",0.35,3,2,0.4,20,0.266644253397654,0.157571281850386,-Inf
"981",0.4,3,2,0.4,20,0.265583575756137,0.158626633653424,-Inf
"982",0.01,6,2,0.4,20,0.250185840974075,0.147958599901468,-Inf
"983",0.05,6,2,0.4,20,0.247273534817555,0.14312279234168,-Inf
"984",0.1,6,2,0.4,20,0.250025730705723,0.150929230123301,-Inf
"985",0.15,6,2,0.4,20,0.260632926089599,0.157699845849636,-Inf
"986",0.2,6,2,0.4,20,0.243638346302177,0.145307827740201,-Inf
"987",0.25,6,2,0.4,20,0.272599719920134,0.160471478150649,-Inf
"988",0.3,6,2,0.4,20,0.268642682746135,0.158492074070462,-Inf
"989",0.35,6,2,0.4,20,0.252021912848169,0.158884303825453,-Inf
"990",0.4,6,2,0.4,20,0.253575435264839,0.151093344716372,-Inf
"991",0.01,9,2,0.4,20,0.250588100370063,0.148082976833237,-Inf
"992",0.05,9,2,0.4,20,0.24535912164478,0.143890752368131,-Inf
"993",0.1,9,2,0.4,20,0.23296523780984,0.137043730297191,-Inf
"994",0.15,9,2,0.4,20,0.246464994131244,0.149155116882081,-Inf
"995",0.2,9,2,0.4,20,0.24632142085576,0.153251022974253,-Inf
"996",0.25,9,2,0.4,20,0.259143491990772,0.147925078648849,-Inf
"997",0.3,9,2,0.4,20,0.250109771607737,0.150367492712907,-Inf
"998",0.35,9,2,0.4,20,0.253997525809802,0.152433645768182,-Inf
"999",0.4,9,2,0.4,20,0.257758705621149,0.157424749920737,-Inf
"1000",0.01,3,3,0.4,20,0.253521882734158,0.149524278393399,-Inf
"1001",0.05,3,3,0.4,20,0.249919264246076,0.15096400592274,-Inf
"1002",0.1,3,3,0.4,20,0.252015799808017,0.150756399167259,-Inf
"1003",0.15,3,3,0.4,20,0.239814500867889,0.142818430818936,-Inf
"1004",0.2,3,3,0.4,20,0.243492098691729,0.142835889869496,-Inf
"1005",0.25,3,3,0.4,20,0.262145145436082,0.149399232710713,-Inf
"1006",0.3,3,3,0.4,20,0.251430989406757,0.147653078973453,-Inf
"1007",0.35,3,3,0.4,20,0.262241926450469,0.149517958287678,-Inf
"1008",0.4,3,3,0.4,20,0.258156478381745,0.14371709657876,-Inf
"1009",0.01,6,3,0.4,20,0.258273612463437,0.153991804496378,-Inf
"1010",0.05,6,3,0.4,20,0.256793086775029,0.152506514100988,-Inf
"1011",0.1,6,3,0.4,20,0.245557116916748,0.144519235480501,-Inf
"1012",0.15,6,3,0.4,20,0.248246075773194,0.145836613812841,-Inf
"1013",0.2,6,3,0.4,20,0.238008185652419,0.143688114589926,-Inf
"1014",0.25,6,3,0.4,20,0.246671440485768,0.152329777969309,-Inf
"1015",0.3,6,3,0.4,20,0.26575975775405,0.155698155186758,-Inf
"1016",0.35,6,3,0.4,20,0.246737487156308,0.145038252133823,-Inf
"1017",0.4,6,3,0.4,20,0.279372108671347,0.167829833081443,-Inf
"1018",0.01,9,3,0.4,20,0.258024240959902,0.152583597119721,-Inf
"1019",0.05,9,3,0.4,20,0.248091357432428,0.146789249337909,-Inf
"1020",0.1,9,3,0.4,20,0.253376581688083,0.155089588526308,-Inf
"1021",0.15,9,3,0.4,20,0.257621013338445,0.156761236530404,-Inf
"1022",0.2,9,3,0.4,20,0.237256943792062,0.141453567172248,-Inf
"1023",0.25,9,3,0.4,20,0.25042654019002,0.145433375610344,-Inf
"1024",0.3,9,3,0.4,20,0.250819885999238,0.144364964766383,-Inf
"1025",0.35,9,3,0.4,20,0.252208050051456,0.160599383211421,-Inf
"1026",0.4,9,3,0.4,20,0.256430408859072,0.158148693009908,-Inf
"1027",0.01,3,4,0.4,20,0.257822855203431,0.14958391933679,-Inf
"1028",0.05,3,4,0.4,20,0.248943857539189,0.148942039230873,-Inf
"1029",0.1,3,4,0.4,20,0.248187223426831,0.142198695317777,-Inf
"1030",0.15,3,4,0.4,20,0.253278747437105,0.146763557505207,-Inf
"1031",0.2,3,4,0.4,20,0.244002729784476,0.145196872425093,-Inf
"1032",0.25,3,4,0.4,20,0.245351364532773,0.142839466070523,-Inf
"1033",0.3,3,4,0.4,20,0.249906090401015,0.151380550116295,-Inf
"1034",0.35,3,4,0.4,20,0.25447062884292,0.150488349014298,-Inf
"1035",0.4,3,4,0.4,20,0.269633669398499,0.16855876407642,-Inf
"1036",0.01,6,4,0.4,20,0.255514058085945,0.151661651057645,-Inf
"1037",0.05,6,4,0.4,20,0.250688587672134,0.152812089969604,-Inf
"1038",0.1,6,4,0.4,20,0.250668253943368,0.147194005350968,-Inf
"1039",0.15,6,4,0.4,20,0.245674870160477,0.144284742868804,-Inf
"1040",0.2,6,4,0.4,20,0.247268907609543,0.152967748793779,-Inf
"1041",0.25,6,4,0.4,20,0.262308798488311,0.158620498480667,-Inf
"1042",0.3,6,4,0.4,20,0.239554498868506,0.141707517510514,-Inf
"1043",0.35,6,4,0.4,20,0.249748790168447,0.14552732839802,-Inf
"1044",0.4,6,4,0.4,20,0.251666014826358,0.154555425381437,-Inf
"1045",0.01,9,4,0.4,20,0.257059735739307,0.15269285047455,-Inf
"1046",0.05,9,4,0.4,20,0.247868793681876,0.150094999437377,-Inf
"1047",0.1,9,4,0.4,20,0.247004112681976,0.150014495648288,-Inf
"1048",0.15,9,4,0.4,20,0.255331781004605,0.153866851702369,-Inf
"1049",0.2,9,4,0.4,20,0.252854704047869,0.14807161337238,-Inf
"1050",0.25,9,4,0.4,20,0.251514116113205,0.149637762167988,-Inf
"1051",0.3,9,4,0.4,20,0.257200427889369,0.154596477839818,-Inf
"1052",0.35,9,4,0.4,20,0.243776197567522,0.147988491887249,-Inf
"1053",0.4,9,4,0.4,20,0.255650201835704,0.145438247506764,-Inf
"1054",0.01,3,5,0.4,20,0.257844989351365,0.151015151164984,-Inf
"1055",0.05,3,5,0.4,20,0.251913048602075,0.150585667866479,-Inf
"1056",0.1,3,5,0.4,20,0.250107829307496,0.149588509115096,-Inf
"1057",0.15,3,5,0.4,20,0.249180240534051,0.141627216569297,-Inf
"1058",0.2,3,5,0.4,20,0.256334982299681,0.157105502276159,-Inf
"1059",0.25,3,5,0.4,20,0.244251712139882,0.150274048563467,-Inf
"1060",0.3,3,5,0.4,20,0.25165428193264,0.151188509721803,-Inf
"1061",0.35,3,5,0.4,20,0.261313093782557,0.156217985728749,-Inf
"1062",0.4,3,5,0.4,20,0.236747731621127,0.13989500495879,-Inf
"1063",0.01,6,5,0.4,20,0.257800255628803,0.150850608179583,-Inf
"1064",0.05,6,5,0.4,20,0.242245701267186,0.144716758527512,-Inf
"1065",0.1,6,5,0.4,20,0.253196377088868,0.152986730003788,-Inf
"1066",0.15,6,5,0.4,20,0.244696035878555,0.149301413951806,-Inf
"1067",0.2,6,5,0.4,20,0.258643410482303,0.156989732515314,-Inf
"1068",0.25,6,5,0.4,20,0.2499208784478,0.147312700507642,-Inf
"1069",0.3,6,5,0.4,20,0.248182737307459,0.151164315289967,-Inf
"1070",0.35,6,5,0.4,20,0.250377366704041,0.159357305051704,-Inf
"1071",0.4,6,5,0.4,20,0.255502219744719,0.157411199250997,-Inf
"1072",0.01,9,5,0.4,20,0.25720347731919,0.154013780444271,-Inf
"1073",0.05,9,5,0.4,20,0.253550622096669,0.150357980015189,-Inf
"1074",0.1,9,5,0.4,20,0.244953313725343,0.144003440472007,-Inf
"1075",0.15,9,5,0.4,20,0.250782373757796,0.152254098503367,-Inf
"1076",0.2,9,5,0.4,20,0.249907749969497,0.145683728347885,-Inf
"1077",0.25,9,5,0.4,20,0.25341032893531,0.155193729782315,-Inf
"1078",0.3,9,5,0.4,20,0.230574901705225,0.133708945433985,-Inf
"1079",0.35,9,5,0.4,20,0.24897828637907,0.152562622857215,-Inf
"1080",0.4,9,5,0.4,20,0.259480778255577,0.153727456485678,-Inf
"1081",0.01,3,1,0.5,20,0.252486710682515,0.147668934414473,-Inf
"1082",0.05,3,1,0.5,20,0.253259109243996,0.144550178247909,-Inf
"1083",0.1,3,1,0.5,20,0.250728351337412,0.145009448778045,-Inf
"1084",0.15,3,1,0.5,20,0.256111605755694,0.149179327407845,-Inf
"1085",0.2,3,1,0.5,20,0.24134126374779,0.140801894806125,-Inf
"1086",0.25,3,1,0.5,20,0.248859710090513,0.144360817017544,-Inf
"1087",0.3,3,1,0.5,20,0.25777895382285,0.154384795354064,-Inf
"1088",0.35,3,1,0.5,20,0.256827211631514,0.151651294376643,-Inf
"1089",0.4,3,1,0.5,20,0.264490354816306,0.153614561461181,-Inf
"1090",0.01,6,1,0.5,20,0.251894940556586,0.146958500842109,-Inf
"1091",0.05,6,1,0.5,20,0.252443797069977,0.147266251683463,-Inf
"1092",0.1,6,1,0.5,20,0.248730304623449,0.14051974298995,-Inf
"1093",0.15,6,1,0.5,20,0.247636929037377,0.155175058847351,-Inf
"1094",0.2,6,1,0.5,20,0.258586586207226,0.152912740001296,-Inf
"1095",0.25,6,1,0.5,20,0.255956348424022,0.148471512721904,-Inf
"1096",0.3,6,1,0.5,20,0.260833224584715,0.149923789399925,-Inf
"1097",0.35,6,1,0.5,20,0.265900169091795,0.154563654843073,-Inf
"1098",0.4,6,1,0.5,20,0.251338882035073,0.141696194934664,-Inf
"1099",0.01,9,1,0.5,20,0.250969330894337,0.145728456539823,-Inf
"1100",0.05,9,1,0.5,20,0.256304117426085,0.146370127771251,-Inf
"1101",0.1,9,1,0.5,20,0.247332455383091,0.143021634869927,-Inf
"1102",0.15,9,1,0.5,20,0.26571435483546,0.156311370575706,-Inf
"1103",0.2,9,1,0.5,20,0.245658295415521,0.14045861682202,-Inf
"1104",0.25,9,1,0.5,20,0.247187938880844,0.141000013982481,-Inf
"1105",0.3,9,1,0.5,20,0.247244186357313,0.148774041420849,-Inf
"1106",0.35,9,1,0.5,20,0.245617893725635,0.136126610481329,-Inf
"1107",0.4,9,1,0.5,20,0.256179073621631,0.155366551984731,-Inf
"1108",0.01,3,2,0.5,20,0.254304343479563,0.149559554518836,-Inf
"1109",0.05,3,2,0.5,20,0.246074637358462,0.145648149647728,-Inf
"1110",0.1,3,2,0.5,20,0.248657561869381,0.142551611589428,-Inf
"1111",0.15,3,2,0.5,20,0.243848469175827,0.143311124566082,-Inf
"1112",0.2,3,2,0.5,20,0.242564247156447,0.146538195427742,-Inf
"1113",0.25,3,2,0.5,20,0.243693064988877,0.150374898803026,-Inf
"1114",0.3,3,2,0.5,20,0.249686820752973,0.148170683620654,-Inf
"1115",0.35,3,2,0.5,20,0.24679503562665,0.14768465487533,-Inf
"1116",0.4,3,2,0.5,20,0.239378499748675,0.149976701549554,-Inf
"1117",0.01,6,2,0.5,20,0.256094228611852,0.152558985320374,-Inf
"1118",0.05,6,2,0.5,20,0.252300158483195,0.146858996351323,-Inf
"1119",0.1,6,2,0.5,20,0.245753470921994,0.147817712200536,-Inf
"1120",0.15,6,2,0.5,20,0.248901656096681,0.15267017791135,-Inf
"1121",0.2,6,2,0.5,20,0.249050062646487,0.140572124936733,-Inf
"1122",0.25,6,2,0.5,20,0.24895403299302,0.149743600597222,-Inf
"1123",0.3,6,2,0.5,20,0.240080677296647,0.149009343621388,-Inf
"1124",0.35,6,2,0.5,20,0.270545928476597,0.161545390798678,-Inf
"1125",0.4,6,2,0.5,20,0.258483765854893,0.145544963376455,-Inf
"1126",0.01,9,2,0.5,20,0.25404165412363,0.150406714539394,-Inf
"1127",0.05,9,2,0.5,20,0.248228815903507,0.142971642744941,-Inf
"1128",0.1,9,2,0.5,20,0.246870438538619,0.141980767840179,-Inf
"1129",0.15,9,2,0.5,20,0.245241213611652,0.151245396917916,-Inf
"1130",0.2,9,2,0.5,20,0.243134942021932,0.146306164550504,-Inf
"1131",0.25,9,2,0.5,20,0.249078697844808,0.159968623780696,-Inf
"1132",0.3,9,2,0.5,20,0.250698298839489,0.147676177210832,-Inf
"1133",0.35,9,2,0.5,20,0.248197752552248,0.143907652390961,-Inf
"1134",0.4,9,2,0.5,20,0.259763277950421,0.148910686631985,-Inf
"1135",0.01,3,3,0.5,20,0.254199920453859,0.150483748441134,-Inf
"1136",0.05,3,3,0.5,20,0.250695329035839,0.149319339263886,-Inf
"1137",0.1,3,3,0.5,20,0.253549306550038,0.151674581431623,-Inf
"1138",0.15,3,3,0.5,20,0.248053837304062,0.15114020889186,-Inf
"1139",0.2,3,3,0.5,20,0.232624358588331,0.150034005185175,-Inf
"1140",0.25,3,3,0.5,20,0.250720742043032,0.149478244496055,-Inf
"1141",0.3,3,3,0.5,20,0.25377741634284,0.144402454489727,-Inf
"1142",0.35,3,3,0.5,20,0.255359629241491,0.150767942834232,-Inf
"1143",0.4,3,3,0.5,20,0.250040187149317,0.149703274676286,-Inf
"1144",0.01,6,3,0.5,20,0.250542933610967,0.148296442167366,-Inf
"1145",0.05,6,3,0.5,20,0.249679564365575,0.1485877422778,-Inf
"1146",0.1,6,3,0.5,20,0.246991794457244,0.146438812534067,-Inf
"1147",0.15,6,3,0.5,20,0.239830472213013,0.143654772350593,-Inf
"1148",0.2,6,3,0.5,20,0.261055617330209,0.148508758245267,-Inf
"1149",0.25,6,3,0.5,20,0.257188708851367,0.146927088949129,-Inf
"1150",0.3,6,3,0.5,20,0.250720802628423,0.144855737870163,-Inf
"1151",0.35,6,3,0.5,20,0.257352007883409,0.151923694532219,-Inf
"1152",0.4,6,3,0.5,20,0.268530814686627,0.15911479531684,-Inf
"1153",0.01,9,3,0.5,20,0.25268417459109,0.148034898320572,-Inf
"1154",0.05,9,3,0.5,20,0.245300294848812,0.144818258053115,-Inf
"1155",0.1,9,3,0.5,20,0.254556651777412,0.14668241715807,-Inf
"1156",0.15,9,3,0.5,20,0.245083106781425,0.143491964175991,-Inf
"1157",0.2,9,3,0.5,20,0.255616226670354,0.151899504471247,-Inf
"1158",0.25,9,3,0.5,20,0.254819658041172,0.149096134386499,-Inf
"1159",0.3,9,3,0.5,20,0.250478578477529,0.152209791285913,-Inf
"1160",0.35,9,3,0.5,20,0.258435143963981,0.156494570348253,-Inf
"1161",0.4,9,3,0.5,20,0.249631095559837,0.140420058809286,-Inf
"1162",0.01,3,4,0.5,20,0.254699006743554,0.149677917081026,-Inf
"1163",0.05,3,4,0.5,20,0.24978974928319,0.147662342936482,-Inf
"1164",0.1,3,4,0.5,20,0.250891558668407,0.148762341574747,-Inf
"1165",0.15,3,4,0.5,20,0.256164517314922,0.155630928607378,-Inf
"1166",0.2,3,4,0.5,20,0.246887010514835,0.144455548325659,-Inf
"1167",0.25,3,4,0.5,20,0.247458521929869,0.15396290970579,-Inf
"1168",0.3,3,4,0.5,20,0.262269946289734,0.15778098605079,-Inf
"1169",0.35,3,4,0.5,20,0.2599859888196,0.16159519441245,-Inf
"1170",0.4,3,4,0.5,20,0.253721538637117,0.140935743808699,-Inf
"1171",0.01,6,4,0.5,20,0.2541094548647,0.14955168006424,-Inf
"1172",0.05,6,4,0.5,20,0.249274403550915,0.147907260899829,-Inf
"1173",0.1,6,4,0.5,20,0.245497271989014,0.146590631187808,-Inf
"1174",0.15,6,4,0.5,20,0.247520754285273,0.142816440687558,-Inf
"1175",0.2,6,4,0.5,20,0.252845847059063,0.155170640306745,-Inf
"1176",0.25,6,4,0.5,20,0.246278830248405,0.142464248714309,-Inf
"1177",0.3,6,4,0.5,20,0.260143244286993,0.155796896181029,-Inf
"1178",0.35,6,4,0.5,20,0.265964902860418,0.156824881171698,-Inf
"1179",0.4,6,4,0.5,20,0.268194623134319,0.170300904938011,-Inf
"1180",0.01,9,4,0.5,20,0.252589069630879,0.148543406009184,-Inf
"1181",0.05,9,4,0.5,20,0.253108171114334,0.150238656377778,-Inf
"1182",0.1,9,4,0.5,20,0.25591670461524,0.152147721282796,-Inf
"1183",0.15,9,4,0.5,20,0.244916591982344,0.147454834262875,-Inf
"1184",0.2,9,4,0.5,20,0.231642499504108,0.141891797920758,-Inf
"1185",0.25,9,4,0.5,20,0.245053952465956,0.145582256412138,-Inf
"1186",0.3,9,4,0.5,20,0.255808336867245,0.152361557101818,-Inf
"1187",0.35,9,4,0.5,20,0.261446401206084,0.156282300119962,-Inf
"1188",0.4,9,4,0.5,20,0.264115384614389,0.156257196903313,-Inf
"1189",0.01,3,5,0.5,20,0.261156852931875,0.155319400171293,-Inf
"1190",0.05,3,5,0.5,20,0.251967588965179,0.14775053166504,-Inf
"1191",0.1,3,5,0.5,20,0.245599614128783,0.150578750137115,-Inf
"1192",0.15,3,5,0.5,20,0.248594525074249,0.145807007261531,-Inf
"1193",0.2,3,5,0.5,20,0.250768215940307,0.148032317726087,-Inf
"1194",0.25,3,5,0.5,20,0.245545782983968,0.151775725475148,-Inf
"1195",0.3,3,5,0.5,20,0.247937652547482,0.144612850039349,-Inf
"1196",0.35,3,5,0.5,20,0.248326700621304,0.148552973892409,-Inf
"1197",0.4,3,5,0.5,20,0.273686575174446,0.154249437767101,-Inf
"1198",0.01,6,5,0.5,20,0.258361359921464,0.151177048600357,-Inf
"1199",0.05,6,5,0.5,20,0.247068547226726,0.148764894770239,-Inf
"1200",0.1,6,5,0.5,20,0.247531926125807,0.144291537167535,-Inf
"1201",0.15,6,5,0.5,20,0.253926822033422,0.144545868381067,-Inf
"1202",0.2,6,5,0.5,20,0.265176941242885,0.157326260007606,-Inf
"1203",0.25,6,5,0.5,20,0.251106947189589,0.155769795825651,-Inf
"1204",0.3,6,5,0.5,20,0.252883223312276,0.153328712389639,-Inf
"1205",0.35,6,5,0.5,20,0.260690541545613,0.154587998892487,-Inf
"1206",0.4,6,5,0.5,20,0.251570265599349,0.149775214936567,-Inf
"1207",0.01,9,5,0.5,20,0.258544053104351,0.151701663111481,-Inf
"1208",0.05,9,5,0.5,20,0.248878568703628,0.146051617443811,-Inf
"1209",0.1,9,5,0.5,20,0.243930912006531,0.147935496557673,-Inf
"1210",0.15,9,5,0.5,20,0.246448682423637,0.151405252841472,-Inf
"1211",0.2,9,5,0.5,20,0.247634073359137,0.151103376025622,-Inf
"1212",0.25,9,5,0.5,20,0.241500755632005,0.148921610014535,-Inf
"1213",0.3,9,5,0.5,20,0.262654556431949,0.158075453709058,-Inf
"1214",0.35,9,5,0.5,20,0.25361944045557,0.15346708654742,-Inf
"1215",0.4,9,5,0.5,20,0.264453102520758,0.1532411211417,-Inf
"1216",0.01,3,1,0.6,20,0.251913958186632,0.14444917536322,-Inf
"1217",0.05,3,1,0.6,20,0.247794719468944,0.147716489526981,-Inf
"1218",0.1,3,1,0.6,20,0.250787435014565,0.14706572433735,-Inf
"1219",0.15,3,1,0.6,20,0.245779692485217,0.142649045195057,-Inf
"1220",0.2,3,1,0.6,20,0.240581851818482,0.135194900652799,-Inf
"1221",0.25,3,1,0.6,20,0.24416967462323,0.138815265046932,-Inf
"1222",0.3,3,1,0.6,20,0.249244337309382,0.149629669956795,-Inf
"1223",0.35,3,1,0.6,20,0.253699825082989,0.146114615346136,-Inf
"1224",0.4,3,1,0.6,20,0.249455706528629,0.151849439131045,-Inf
"1225",0.01,6,1,0.6,20,0.250518304443944,0.145078045648193,-Inf
"1226",0.05,6,1,0.6,20,0.247730449119555,0.140116217182157,-Inf
"1227",0.1,6,1,0.6,20,0.241773525364672,0.139168030537407,-Inf
"1228",0.15,6,1,0.6,20,0.250142396190359,0.145458733401323,-Inf
"1229",0.2,6,1,0.6,20,0.255173484793258,0.145886422181578,-Inf
"1230",0.25,6,1,0.6,20,0.25720648832069,0.145140798513013,-Inf
"1231",0.3,6,1,0.6,20,0.260346667401014,0.152035073502378,-Inf
"1232",0.35,6,1,0.6,20,0.26290538504222,0.160526598098782,-Inf
"1233",0.4,6,1,0.6,20,0.243923746451949,0.149494979511253,-Inf
"1234",0.01,9,1,0.6,20,0.249747627294824,0.144207945023045,-Inf
"1235",0.05,9,1,0.6,20,0.24637143462104,0.141969845438914,-Inf
"1236",0.1,9,1,0.6,20,0.246246158208479,0.141285589520674,-Inf
"1237",0.15,9,1,0.6,20,0.246609871494096,0.144625064850843,-Inf
"1238",0.2,9,1,0.6,20,0.259706032039327,0.144026636330321,-Inf
"1239",0.25,9,1,0.6,20,0.258202330845145,0.143601728356929,-Inf
"1240",0.3,9,1,0.6,20,0.244113793400814,0.143500764922714,-Inf
"1241",0.35,9,1,0.6,20,0.266340913100358,0.151429154485177,-Inf
"1242",0.4,9,1,0.6,20,0.245884669658474,0.144994858478181,-Inf
"1243",0.01,3,2,0.6,20,0.250906632423099,0.146561171049557,-Inf
"1244",0.05,3,2,0.6,20,0.251682144320723,0.143289469284046,-Inf
"1245",0.1,3,2,0.6,20,0.247111208651144,0.143806492664066,-Inf
"1246",0.15,3,2,0.6,20,0.250860133217648,0.148469410541939,-Inf
"1247",0.2,3,2,0.6,20,0.258838328890273,0.145207548491735,-Inf
"1248",0.25,3,2,0.6,20,0.248223443241326,0.148488023865374,-Inf
"1249",0.3,3,2,0.6,20,0.265848279148425,0.15226027383779,-Inf
"1250",0.35,3,2,0.6,20,0.258762765043609,0.157278552279674,-Inf
"1251",0.4,3,2,0.6,20,0.237163003748281,0.13543249607098,-Inf
"1252",0.01,6,2,0.6,20,0.251596724434273,0.147099030375168,-Inf
"1253",0.05,6,2,0.6,20,0.2483716781178,0.143751240368398,-Inf
"1254",0.1,6,2,0.6,20,0.247278643172659,0.14562958040667,-Inf
"1255",0.15,6,2,0.6,20,0.248820001130745,0.147534878881049,-Inf
"1256",0.2,6,2,0.6,20,0.2510506469579,0.145606220888945,-Inf
"1257",0.25,6,2,0.6,20,0.252687616852492,0.145826642863067,-Inf
"1258",0.3,6,2,0.6,20,0.258979565947685,0.155960125884591,-Inf
"1259",0.35,6,2,0.6,20,0.255985097286749,0.144480473440917,-Inf
"1260",0.4,6,2,0.6,20,0.256745175965919,0.141828845846013,-Inf
"1261",0.01,9,2,0.6,20,0.24824180373293,0.146641159812753,-Inf
"1262",0.05,9,2,0.6,20,0.240496563676074,0.140439435626602,-Inf
"1263",0.1,9,2,0.6,20,0.248036266287076,0.142537149377604,-Inf
"1264",0.15,9,2,0.6,20,0.248515671174924,0.148113826986489,-Inf
"1265",0.2,9,2,0.6,20,0.249045513542064,0.146697449761841,-Inf
"1266",0.25,9,2,0.6,20,0.238541624761648,0.143122045749933,-Inf
"1267",0.3,9,2,0.6,20,0.258779529238191,0.148057191818655,-Inf
"1268",0.35,9,2,0.6,20,0.244839473585927,0.142367780517117,-Inf
"1269",0.4,9,2,0.6,20,0.272838045498663,0.160491681664686,-Inf
"1270",0.01,3,3,0.6,20,0.252745348193609,0.147151230265952,-Inf
"1271",0.05,3,3,0.6,20,0.252608155959087,0.148704540117187,-Inf
"1272",0.1,3,3,0.6,20,0.248981210108332,0.146876838097918,-Inf
"1273",0.15,3,3,0.6,20,0.2444212690228,0.141840372264056,-Inf
"1274",0.2,3,3,0.6,20,0.24580607209306,0.141229096867209,-Inf
"1275",0.25,3,3,0.6,20,0.256667845723597,0.153009281748538,-Inf
"1276",0.3,3,3,0.6,20,0.259273174738186,0.15340238814668,-Inf
"1277",0.35,3,3,0.6,20,0.266958833901248,0.146794961524527,-Inf
"1278",0.4,3,3,0.6,20,0.244732775882556,0.143887746910762,-Inf
"1279",0.01,6,3,0.6,20,0.25450792990452,0.150892360035737,-Inf
"1280",0.05,6,3,0.6,20,0.245278130157012,0.146082452086097,-Inf
"1281",0.1,6,3,0.6,20,0.246756752459544,0.147484815461632,-Inf
"1282",0.15,6,3,0.6,20,0.240548669979486,0.145681991416265,-Inf
"1283",0.2,6,3,0.6,20,0.249269327232631,0.15087835784585,-Inf
"1284",0.25,6,3,0.6,20,0.247483670982728,0.148765693143133,-Inf
"1285",0.3,6,3,0.6,20,0.261235604298657,0.158892877066166,-Inf
"1286",0.35,6,3,0.6,20,0.24350915285108,0.139176399553916,-Inf
"1287",0.4,6,3,0.6,20,0.273273300525211,0.161086141981256,-Inf
"1288",0.01,9,3,0.6,20,0.253278361885064,0.150112692970751,-Inf
"1289",0.05,9,3,0.6,20,0.249118594088304,0.146861027115611,-Inf
"1290",0.1,9,3,0.6,20,0.250807989521344,0.153372480087233,-Inf
"1291",0.15,9,3,0.6,20,0.247158811434563,0.146134579672802,-Inf
"1292",0.2,9,3,0.6,20,0.248493177000227,0.153000000099288,-Inf
"1293",0.25,9,3,0.6,20,0.241441594134519,0.143413623765818,-Inf
"1294",0.3,9,3,0.6,20,0.249645692820228,0.151486953978322,-Inf
"1295",0.35,9,3,0.6,20,0.258508316844248,0.148967441314723,-Inf
"1296",0.4,9,3,0.6,20,0.238368948780421,0.135318906718578,-Inf
"1297",0.01,3,4,0.6,20,0.25636551068893,0.15137559796075,-Inf
"1298",0.05,3,4,0.6,20,0.252807959010595,0.152532355484768,-Inf
"1299",0.1,3,4,0.6,20,0.251058565395871,0.141721349707313,-Inf
"1300",0.15,3,4,0.6,20,0.258975708914791,0.148616252324569,-Inf
"1301",0.2,3,4,0.6,20,0.241550940205884,0.144887181813496,-Inf
"1302",0.25,3,4,0.6,20,0.245100435454394,0.140761903678388,-Inf
"1303",0.3,3,4,0.6,20,0.262500691597869,0.157215895421807,-Inf
"1304",0.35,3,4,0.6,20,0.248487072088802,0.146169656190052,-Inf
"1305",0.4,3,4,0.6,20,0.248411525234331,0.139142439557773,-Inf
"1306",0.01,6,4,0.6,20,0.257467597201583,0.152158192958384,-Inf
"1307",0.05,6,4,0.6,20,0.250075817896165,0.14949862049201,-Inf
"1308",0.1,6,4,0.6,20,0.246861773523754,0.145973741280233,-Inf
"1309",0.15,6,4,0.6,20,0.251515680849017,0.147937542841859,-Inf
"1310",0.2,6,4,0.6,20,0.246186441500089,0.147545171952883,-Inf
"1311",0.25,6,4,0.6,20,0.249738735008487,0.147609095543125,-Inf
"1312",0.3,6,4,0.6,20,0.253186909456998,0.151796577122418,-Inf
"1313",0.35,6,4,0.6,20,0.265415937078008,0.158894360478485,-Inf
"1314",0.4,6,4,0.6,20,0.268015385357004,0.15445590796161,-Inf
"1315",0.01,9,4,0.6,20,0.255423904285469,0.150112809100181,-Inf
"1316",0.05,9,4,0.6,20,0.251008826244581,0.149731857214364,-Inf
"1317",0.1,9,4,0.6,20,0.255219944045859,0.152440319762693,-Inf
"1318",0.15,9,4,0.6,20,0.254454504611485,0.14825520945597,-Inf
"1319",0.2,9,4,0.6,20,0.253634271244731,0.150759299037031,-Inf
"1320",0.25,9,4,0.6,20,0.25595346252667,0.153410038520203,-Inf
"1321",0.3,9,4,0.6,20,0.256666654606298,0.151834196933612,-Inf
"1322",0.35,9,4,0.6,20,0.25580692648854,0.155492106148457,-Inf
"1323",0.4,9,4,0.6,20,0.257462509295232,0.156743709336197,-Inf
"1324",0.01,3,5,0.6,20,0.257163853954148,0.152452455099278,-Inf
"1325",0.05,3,5,0.6,20,0.251190866151832,0.148511022457946,-Inf
"1326",0.1,3,5,0.6,20,0.248460640445112,0.149990166327811,-Inf
"1327",0.15,3,5,0.6,20,0.248586481457832,0.14837484342375,-Inf
"1328",0.2,3,5,0.6,20,0.247784519554289,0.150089039409416,-Inf
"1329",0.25,3,5,0.6,20,0.251631572393017,0.148047219657624,-Inf
"1330",0.3,3,5,0.6,20,0.25770230735889,0.142570283223513,-Inf
"1331",0.35,3,5,0.6,20,0.245867216757558,0.147255938151972,-Inf
"1332",0.4,3,5,0.6,20,0.249378335016301,0.149140597468065,-Inf
"1333",0.01,6,5,0.6,20,0.255031609620185,0.149569966512086,-Inf
"1334",0.05,6,5,0.6,20,0.253242263378196,0.150961895150417,-Inf
"1335",0.1,6,5,0.6,20,0.240422544924919,0.139846514137367,-Inf
"1336",0.15,6,5,0.6,20,0.252345210707232,0.152499035613978,-Inf
"1337",0.2,6,5,0.6,20,0.255181665743432,0.147720892125496,-Inf
"1338",0.25,6,5,0.6,20,0.24462210571376,0.139952191760457,-Inf
"1339",0.3,6,5,0.6,20,0.2629373679178,0.157390975559504,-Inf
"1340",0.35,6,5,0.6,20,0.247781322562012,0.152465054782672,-Inf
"1341",0.4,6,5,0.6,20,0.261204139432854,0.153886396216082,-Inf
"1342",0.01,9,5,0.6,20,0.254307113894059,0.150032101021546,-Inf
"1343",0.05,9,5,0.6,20,0.260199321922531,0.156108851191537,-Inf
"1344",0.1,9,5,0.6,20,0.249653874248062,0.147674741104256,-Inf
"1345",0.15,9,5,0.6,20,0.242053111769923,0.144411939081359,-Inf
"1346",0.2,9,5,0.6,20,0.241499930413251,0.144602731891789,-Inf
"1347",0.25,9,5,0.6,20,0.245842823275363,0.14561091309163,-Inf
"1348",0.3,9,5,0.6,20,0.260126167542119,0.165854241687619,-Inf
"1349",0.35,9,5,0.6,20,0.257839687576884,0.164394799040118,-Inf
"1350",0.4,9,5,0.6,20,0.265708201116009,0.151258840910317,-Inf
"1351",0.01,3,1,0.7,20,0.256154417003492,0.146523503127635,-Inf
"1352",0.05,3,1,0.7,20,0.250460730657508,0.147341030523188,-Inf
"1353",0.1,3,1,0.7,20,0.251415961938376,0.144595860041195,-Inf
"1354",0.15,3,1,0.7,20,0.243644825014194,0.140952384999835,-Inf
"1355",0.2,3,1,0.7,20,0.240995973355247,0.140712931184535,-Inf
"1356",0.25,3,1,0.7,20,0.248732498248548,0.141332318277661,-Inf
"1357",0.3,3,1,0.7,20,0.240716175013151,0.132541620072929,-Inf
"1358",0.35,3,1,0.7,20,0.254200241702872,0.155522281228783,-Inf
"1359",0.4,3,1,0.7,20,0.236644265321999,0.145238416171308,-Inf
"1360",0.01,6,1,0.7,20,0.245359872364425,0.143446181069167,-Inf
"1361",0.05,6,1,0.7,20,0.243325675406653,0.140495430185698,-Inf
"1362",0.1,6,1,0.7,20,0.242225535439854,0.139408655183434,-Inf
"1363",0.15,6,1,0.7,20,0.250976586708134,0.143072538101838,-Inf
"1364",0.2,6,1,0.7,20,0.233825045506768,0.138114948001309,-Inf
"1365",0.25,6,1,0.7,20,0.240517893323125,0.135306632639754,-Inf
"1366",0.3,6,1,0.7,20,0.245071062941385,0.137683651447481,-Inf
"1367",0.35,6,1,0.7,20,0.259052217000182,0.144492323848288,-Inf
"1368",0.4,6,1,0.7,20,0.229846210255815,0.134783503349195,-Inf
"1369",0.01,9,1,0.7,20,0.245577529690953,0.142445621875815,-Inf
"1370",0.05,9,1,0.7,20,0.241361065229023,0.140722311607642,-Inf
"1371",0.1,9,1,0.7,20,0.240763179788064,0.135408971344969,-Inf
"1372",0.15,9,1,0.7,20,0.24111180738943,0.14019691849709,-Inf
"1373",0.2,9,1,0.7,20,0.239902091001986,0.135335145483339,-Inf
"1374",0.25,9,1,0.7,20,0.246750790632226,0.147396221697763,-Inf
"1375",0.3,9,1,0.7,20,0.263171324089316,0.151052334687827,-Inf
"1376",0.35,9,1,0.7,20,0.260728728769868,0.151403314821575,-Inf
"1377",0.4,9,1,0.7,20,0.249930142376868,0.136386213547746,-Inf
"1378",0.01,3,2,0.7,20,0.252279558902448,0.146004159018176,-Inf
"1379",0.05,3,2,0.7,20,0.249042823120854,0.144818247943343,-Inf
"1380",0.1,3,2,0.7,20,0.243004846472668,0.142943438769357,-Inf
"1381",0.15,3,2,0.7,20,0.239142172338844,0.140890872018789,-Inf
"1382",0.2,3,2,0.7,20,0.243369092513085,0.143048819249446,-Inf
"1383",0.25,3,2,0.7,20,0.251544774301853,0.148434038398365,-Inf
"1384",0.3,3,2,0.7,20,0.266477900737266,0.150483449472073,-Inf
"1385",0.35,3,2,0.7,20,0.246070379766877,0.145868918908998,-Inf
"1386",0.4,3,2,0.7,20,0.247889435997625,0.147107161848361,-Inf
"1387",0.01,6,2,0.7,20,0.249988954774252,0.148068135518607,-Inf
"1388",0.05,6,2,0.7,20,0.245558215296792,0.144127784269933,-Inf
"1389",0.1,6,2,0.7,20,0.243452645182422,0.145965205336152,-Inf
"1390",0.15,6,2,0.7,20,0.247200711603206,0.147663839397012,-Inf
"1391",0.2,6,2,0.7,20,0.240033258000199,0.137660937960872,-Inf
"1392",0.25,6,2,0.7,20,0.2546381619097,0.143592630010624,-Inf
"1393",0.3,6,2,0.7,20,0.265870542451506,0.156122889025404,-Inf
"1394",0.35,6,2,0.7,20,0.263991381998665,0.152848573976351,-Inf
"1395",0.4,6,2,0.7,20,0.258901371841272,0.148488231809881,-Inf
"1396",0.01,9,2,0.7,20,0.247928455989876,0.14459576361772,-Inf
"1397",0.05,9,2,0.7,20,0.243162247649819,0.144857476679501,-Inf
"1398",0.1,9,2,0.7,20,0.235388533004658,0.140929017982833,-Inf
"1399",0.15,9,2,0.7,20,0.252142206503831,0.150362325287419,-Inf
"1400",0.2,9,2,0.7,20,0.256886205127534,0.151994441484068,-Inf
"1401",0.25,9,2,0.7,20,0.24734598355057,0.152598419989521,-Inf
"1402",0.3,9,2,0.7,20,0.261001825448251,0.155049590662876,-Inf
"1403",0.35,9,2,0.7,20,0.261566619802929,0.155338568170365,-Inf
"1404",0.4,9,2,0.7,20,0.232501502541032,0.141624278979112,-Inf
"1405",0.01,3,3,0.7,20,0.254604529717506,0.148868787178746,-Inf
"1406",0.05,3,3,0.7,20,0.249276648016725,0.149206339830217,-Inf
"1407",0.1,3,3,0.7,20,0.254106646087371,0.147046358891017,-Inf
"1408",0.15,3,3,0.7,20,0.249207283269233,0.143393126565144,-Inf
"1409",0.2,3,3,0.7,20,0.243145197289522,0.136726132696571,-Inf
"1410",0.25,3,3,0.7,20,0.250199805016561,0.146446344971002,-Inf
"1411",0.3,3,3,0.7,20,0.244775809609285,0.144061828168853,-Inf
"1412",0.35,3,3,0.7,20,0.256421209660882,0.14622492437492,-Inf
"1413",0.4,3,3,0.7,20,0.26483632091807,0.150030702736799,-Inf
"1414",0.01,6,3,0.7,20,0.250814283066247,0.149214534290226,-Inf
"1415",0.05,6,3,0.7,20,0.247147404725759,0.145379458161539,-Inf
"1416",0.1,6,3,0.7,20,0.254703903838252,0.15107158524787,-Inf
"1417",0.15,6,3,0.7,20,0.244544449649399,0.148699284345042,-Inf
"1418",0.2,6,3,0.7,20,0.25763357444207,0.149750720879687,-Inf
"1419",0.25,6,3,0.7,20,0.255612606466172,0.15237205370104,-Inf
"1420",0.3,6,3,0.7,20,0.257958065264791,0.154149574033934,-Inf
"1421",0.35,6,3,0.7,20,0.254601363941796,0.150596667942802,-Inf
"1422",0.4,6,3,0.7,20,0.2512578738226,0.146661162999847,-Inf
"1423",0.01,9,3,0.7,20,0.251180881670598,0.148455435207408,-Inf
"1424",0.05,9,3,0.7,20,0.2509953241856,0.146925653100089,-Inf
"1425",0.1,9,3,0.7,20,0.24956891048978,0.146142737791754,-Inf
"1426",0.15,9,3,0.7,20,0.25440787707637,0.148937497746941,-Inf
"1427",0.2,9,3,0.7,20,0.254487336267959,0.145960825040191,-Inf
"1428",0.25,9,3,0.7,20,0.250937602468349,0.146825375328244,-Inf
"1429",0.3,9,3,0.7,20,0.253564983404621,0.153099842300873,-Inf
"1430",0.35,9,3,0.7,20,0.259193916732876,0.145349058180882,-Inf
"1431",0.4,9,3,0.7,20,0.273320701901045,0.166400978997882,-Inf
"1432",0.01,3,4,0.7,20,0.252725259306176,0.149405899589313,-Inf
"1433",0.05,3,4,0.7,20,0.250952427837699,0.148883226663515,-Inf
"1434",0.1,3,4,0.7,20,0.2550583213776,0.149092341996832,-Inf
"1435",0.15,3,4,0.7,20,0.243945953376136,0.146711120939602,-Inf
"1436",0.2,3,4,0.7,20,0.24247034338634,0.140811174027024,-Inf
"1437",0.25,3,4,0.7,20,0.243301761681359,0.146345680664875,-Inf
"1438",0.3,3,4,0.7,20,0.246779984976967,0.149316275100441,-Inf
"1439",0.35,3,4,0.7,20,0.257643624799985,0.154173802555579,-Inf
"1440",0.4,3,4,0.7,20,0.263879657540522,0.15444917246293,-Inf
"1441",0.01,6,4,0.7,20,0.2532799585348,0.151349844660125,-Inf
"1442",0.05,6,4,0.7,20,0.245984484246706,0.14668942849636,-Inf
"1443",0.1,6,4,0.7,20,0.2499231286285,0.150158309661015,-Inf
"1444",0.15,6,4,0.7,20,0.25380968900132,0.147740952743141,-Inf
"1445",0.2,6,4,0.7,20,0.242973050849455,0.144383787249471,-Inf
"1446",0.25,6,4,0.7,20,0.248882371314389,0.149574280779807,-Inf
"1447",0.3,6,4,0.7,20,0.255328157636111,0.149447282394369,-Inf
"1448",0.35,6,4,0.7,20,0.25513747547467,0.15172040784784,-Inf
"1449",0.4,6,4,0.7,20,0.26577215290804,0.15499737009588,-Inf
"1450",0.01,9,4,0.7,20,0.252596397954333,0.151335129807559,-Inf
"1451",0.05,9,4,0.7,20,0.251021669489034,0.150968544623333,-Inf
"1452",0.1,9,4,0.7,20,0.246150096710727,0.144037700838244,-Inf
"1453",0.15,9,4,0.7,20,0.252982814557528,0.155094269444964,-Inf
"1454",0.2,9,4,0.7,20,0.249335309342113,0.150788872846654,-Inf
"1455",0.25,9,4,0.7,20,0.253883995378329,0.153297509135632,-Inf
"1456",0.3,9,4,0.7,20,0.256676084590194,0.149102404112568,-Inf
"1457",0.35,9,4,0.7,20,0.277038848272983,0.161620312876905,-Inf
"1458",0.4,9,4,0.7,20,0.253367237604512,0.146654828129438,-Inf
"1459",0.01,3,5,0.7,20,0.251312890777247,0.147924227542558,-Inf
"1460",0.05,3,5,0.7,20,0.249152619336455,0.148563577368671,-Inf
"1461",0.1,3,5,0.7,20,0.255212702520065,0.151742524207653,-Inf
"1462",0.15,3,5,0.7,20,0.250833924426941,0.149144864588173,-Inf
"1463",0.2,3,5,0.7,20,0.243706186253914,0.144416405731413,-Inf
"1464",0.25,3,5,0.7,20,0.241394865040015,0.140902629087568,-Inf
"1465",0.3,3,5,0.7,20,0.245683224039953,0.141320910643405,-Inf
"1466",0.35,3,5,0.7,20,0.252556903624531,0.154788097265601,-Inf
"1467",0.4,3,5,0.7,20,0.252342391126831,0.152331125767473,-Inf
"1468",0.01,6,5,0.7,20,0.254983388847336,0.151614268232023,-Inf
"1469",0.05,6,5,0.7,20,0.251760379294687,0.149611310639749,-Inf
"1470",0.1,6,5,0.7,20,0.249663525268759,0.148964500432571,-Inf
"1471",0.15,6,5,0.7,20,0.257075248774447,0.152739834991756,-Inf
"1472",0.2,6,5,0.7,20,0.243077868781262,0.141917653726319,-Inf
"1473",0.25,6,5,0.7,20,0.256678537809126,0.152085668144808,-Inf
"1474",0.3,6,5,0.7,20,0.254153434666057,0.155209926793581,-Inf
"1475",0.35,6,5,0.7,20,0.247702332050693,0.143851034022802,-Inf
"1476",0.4,6,5,0.7,20,0.263980441616816,0.154610611997234,-Inf
"1477",0.01,9,5,0.7,20,0.256370413140638,0.151420506331955,-Inf
"1478",0.05,9,5,0.7,20,0.250659332832594,0.150932788554177,-Inf
"1479",0.1,9,5,0.7,20,0.251845800879003,0.153780738990531,-Inf
"1480",0.15,9,5,0.7,20,0.249575025319829,0.144329917285319,-Inf
"1481",0.2,9,5,0.7,20,0.244441680768591,0.141462490017396,-Inf
"1482",0.25,9,5,0.7,20,0.249707716628998,0.156154350024187,-Inf
"1483",0.3,9,5,0.7,20,0.25919820018597,0.1517212903149,-Inf
"1484",0.35,9,5,0.7,20,0.251895935890711,0.14756034219104,-Inf
"1485",0.4,9,5,0.7,20,0.262264096718555,0.158199692128455,-Inf
"1486",0.01,3,1,0.8,20,0.252249769987933,0.145911483920749,-Inf
"1487",0.05,3,1,0.8,20,0.247444859357747,0.141913894427661,-Inf
"1488",0.1,3,1,0.8,20,0.240303814764474,0.13705735242505,-Inf
"1489",0.15,3,1,0.8,20,0.236535273913943,0.138187882190249,-Inf
"1490",0.2,3,1,0.8,20,0.242189986568771,0.141756538666326,-Inf
"1491",0.25,3,1,0.8,20,0.251422389406299,0.146925722234183,-Inf
"1492",0.3,3,1,0.8,20,0.248835117047757,0.146262785693554,-Inf
"1493",0.35,3,1,0.8,20,0.271763104655314,0.156193828497565,-Inf
"1494",0.4,3,1,0.8,20,0.258251588958589,0.147212176756596,-Inf
"1495",0.01,6,1,0.8,20,0.241704108605621,0.138803839553728,-Inf
"1496",0.05,6,1,0.8,20,0.241454112773263,0.143022983976565,-Inf
"1497",0.1,6,1,0.8,20,0.244508912291109,0.143302393929411,-Inf
"1498",0.15,6,1,0.8,20,0.245912655506624,0.137139426335566,-Inf
"1499",0.2,6,1,0.8,20,0.241291643621695,0.143777113754265,-Inf
"1500",0.25,6,1,0.8,20,0.251961472682784,0.147982656280689,-Inf
"1501",0.3,6,1,0.8,20,0.245553054169939,0.141742765033437,-Inf
"1502",0.35,6,1,0.8,20,0.241675463452434,0.136958398352959,-Inf
"1503",0.4,6,1,0.8,20,0.269861375304564,0.141345674663495,-Inf
"1504",0.01,9,1,0.8,20,0.24022032422579,0.138334368115137,-Inf
"1505",0.05,9,1,0.8,20,0.242115524858813,0.138975959500784,-Inf
"1506",0.1,9,1,0.8,20,0.228964587423454,0.130312351206903,-Inf
"1507",0.15,9,1,0.8,20,0.246627885002962,0.141347377968338,-Inf
"1508",0.2,9,1,0.8,20,0.247998795352713,0.141720691154895,-Inf
"1509",0.25,9,1,0.8,20,0.242887265116684,0.140888911053767,-Inf
"1510",0.3,9,1,0.8,20,0.251869858266883,0.14495044442814,-Inf
"1511",0.35,9,1,0.8,20,0.258433606087402,0.141714527495296,-Inf
"1512",0.4,9,1,0.8,20,0.274042934525314,0.153739278214755,-Inf
"1513",0.01,3,2,0.8,20,0.249026010898294,0.144272203355061,-Inf
"1514",0.05,3,2,0.8,20,0.247059162913569,0.144040441516596,-Inf
"1515",0.1,3,2,0.8,20,0.249747023383925,0.139124681277662,-Inf
"1516",0.15,3,2,0.8,20,0.242911270807407,0.143740226466276,-Inf
"1517",0.2,3,2,0.8,20,0.257898915498245,0.14957346912816,-Inf
"1518",0.25,3,2,0.8,20,0.252780119055101,0.141072095821664,-Inf
"1519",0.3,3,2,0.8,20,0.251404207412622,0.147947965014077,-Inf
"1520",0.35,3,2,0.8,20,0.248692716633013,0.143123391114813,-Inf
"1521",0.4,3,2,0.8,20,0.234440950733641,0.135760471154564,-Inf
"1522",0.01,6,2,0.8,20,0.245746019558068,0.144415545897337,-Inf
"1523",0.05,6,2,0.8,20,0.252743285131612,0.14991532088412,-Inf
"1524",0.1,6,2,0.8,20,0.240465010882907,0.136177184282094,-Inf
"1525",0.15,6,2,0.8,20,0.250522160549341,0.147911699573486,-Inf
"1526",0.2,6,2,0.8,20,0.258787069033697,0.147763850861932,-Inf
"1527",0.25,6,2,0.8,20,0.246828074697062,0.143981703629178,-Inf
"1528",0.3,6,2,0.8,20,0.248438367318163,0.138390142365683,-Inf
"1529",0.35,6,2,0.8,20,0.257754585886356,0.143851067905046,-Inf
"1530",0.4,6,2,0.8,20,0.264368361584636,0.153857357399193,-Inf
"1531",0.01,9,2,0.8,20,0.248565234019804,0.145590873858648,-Inf
"1532",0.05,9,2,0.8,20,0.246596786636435,0.145057030893253,-Inf
"1533",0.1,9,2,0.8,20,0.248589760950948,0.143463590241601,-Inf
"1534",0.15,9,2,0.8,20,0.244708861358483,0.13905249488807,-Inf
"1535",0.2,9,2,0.8,20,0.252195730764513,0.14596062265336,-Inf
"1536",0.25,9,2,0.8,20,0.251403887933685,0.141446536133988,-Inf
"1537",0.3,9,2,0.8,20,0.253274948040271,0.149287103165833,-Inf
"1538",0.35,9,2,0.8,20,0.259933217989221,0.149673347677372,-Inf
"1539",0.4,9,2,0.8,20,0.262048033901908,0.155016503079635,-Inf
"1540",0.01,3,3,0.8,20,0.25231931019909,0.14900571836074,-Inf
"1541",0.05,3,3,0.8,20,0.245779990022842,0.1458621162023,-Inf
"1542",0.1,3,3,0.8,20,0.251824622695827,0.149115362291359,-Inf
"1543",0.15,3,3,0.8,20,0.253954096647788,0.150645026551161,-Inf
"1544",0.2,3,3,0.8,20,0.25668526619846,0.145198961482379,-Inf
"1545",0.25,3,3,0.8,20,0.236623846063237,0.138124759880172,-Inf
"1546",0.3,3,3,0.8,20,0.257874409225767,0.150149544780375,-Inf
"1547",0.35,3,3,0.8,20,0.268909192989732,0.157733706547507,-Inf
"1548",0.4,3,3,0.8,20,0.265281316005936,0.145478951958382,-Inf
"1549",0.01,6,3,0.8,20,0.252026165802003,0.149218156945577,-Inf
"1550",0.05,6,3,0.8,20,0.255591341567082,0.15047276199983,-Inf
"1551",0.1,6,3,0.8,20,0.250334111602563,0.146229140459601,-Inf
"1552",0.15,6,3,0.8,20,0.252837809172281,0.146908961869103,-Inf
"1553",0.2,6,3,0.8,20,0.253853709066432,0.148263148757963,-Inf
"1554",0.25,6,3,0.8,20,0.256652688132284,0.147213078440421,-Inf
"1555",0.3,6,3,0.8,20,0.25623549323193,0.150706242501216,-Inf
"1556",0.35,6,3,0.8,20,0.260881402963754,0.152548920030785,-Inf
"1557",0.4,6,3,0.8,20,0.259561660697976,0.155786812915476,-Inf
"1558",0.01,9,3,0.8,20,0.252740707224762,0.151483279219496,-Inf
"1559",0.05,9,3,0.8,20,0.250587099256821,0.147000439815321,-Inf
"1560",0.1,9,3,0.8,20,0.255151416786789,0.144472022847096,-Inf
"1561",0.15,9,3,0.8,20,0.263441053984437,0.155984792884071,-Inf
"1562",0.2,9,3,0.8,20,0.242896854003791,0.146036816781608,-Inf
"1563",0.25,9,3,0.8,20,0.252372672783733,0.147512695357928,-Inf
"1564",0.3,9,3,0.8,20,0.249248573820649,0.150879702867535,-Inf
"1565",0.35,9,3,0.8,20,0.254642028499153,0.144142134732538,-Inf
"1566",0.4,9,3,0.8,20,0.262753822029009,0.157484322268706,-Inf
"1567",0.01,3,4,0.8,20,0.252881677149938,0.15005195035508,-Inf
"1568",0.05,3,4,0.8,20,0.246998366371552,0.146283223924081,-Inf
"1569",0.1,3,4,0.8,20,0.246251829274199,0.147942250682299,-Inf
"1570",0.15,3,4,0.8,20,0.246581481420538,0.142407809023703,-Inf
"1571",0.2,3,4,0.8,20,0.246301550979294,0.147440816282053,-Inf
"1572",0.25,3,4,0.8,20,0.250197849970056,0.141685316824145,-Inf
"1573",0.3,3,4,0.8,20,0.244052583365092,0.144181113506667,-Inf
"1574",0.35,3,4,0.8,20,0.252019863381602,0.145409550833427,-Inf
"1575",0.4,3,4,0.8,20,0.266223309995773,0.155315084881443,-Inf
"1576",0.01,6,4,0.8,20,0.250879878932819,0.150096309877918,-Inf
"1577",0.05,6,4,0.8,20,0.246881550498908,0.147369807665401,-Inf
"1578",0.1,6,4,0.8,20,0.243728288978301,0.147306917492222,-Inf
"1579",0.15,6,4,0.8,20,0.247124400792646,0.149904684094592,-Inf
"1580",0.2,6,4,0.8,20,0.248167557315226,0.143951870407325,-Inf
"1581",0.25,6,4,0.8,20,0.257346607433089,0.152904089705976,-Inf
"1582",0.3,6,4,0.8,20,0.25079062454892,0.146337900475313,-Inf
"1583",0.35,6,4,0.8,20,0.267142248706636,0.160909869204616,-Inf
"1584",0.4,6,4,0.8,20,0.240104260893196,0.142652128070005,-Inf
"1585",0.01,9,4,0.8,20,0.25270546573979,0.149539653310085,-Inf
"1586",0.05,9,4,0.8,20,0.249304873218077,0.147852331919342,-Inf
"1587",0.1,9,4,0.8,20,0.247659584027664,0.148550048145346,-Inf
"1588",0.15,9,4,0.8,20,0.253605524438604,0.149869634537313,-Inf
"1589",0.2,9,4,0.8,20,0.245489659974805,0.145849391672536,-Inf
"1590",0.25,9,4,0.8,20,0.247732275898002,0.14211488589712,-Inf
"1591",0.3,9,4,0.8,20,0.255763319972688,0.150756642889364,-Inf
"1592",0.35,9,4,0.8,20,0.252310599819329,0.146823111036651,-Inf
"1593",0.4,9,4,0.8,20,0.248955041985358,0.147790781742485,-Inf
"1594",0.01,3,5,0.8,20,0.254941133678577,0.150420859285402,-Inf
"1595",0.05,3,5,0.8,20,0.251016735935296,0.150293004178771,-Inf
"1596",0.1,3,5,0.8,20,0.244247734164901,0.145446086795505,-Inf
"1597",0.15,3,5,0.8,20,0.251703189516088,0.151615826051407,-Inf
"1598",0.2,3,5,0.8,20,0.242794228292717,0.147164362899243,-Inf
"1599",0.25,3,5,0.8,20,0.247106985265126,0.145320844795513,-Inf
"1600",0.3,3,5,0.8,20,0.251544723223437,0.144752963960161,-Inf
"1601",0.35,3,5,0.8,20,0.254283696907143,0.145429260882023,-Inf
"1602",0.4,3,5,0.8,20,0.250918945598288,0.149612866537123,-Inf
"1603",0.01,6,5,0.8,20,0.253177417640671,0.151778655357487,-Inf
"1604",0.05,6,5,0.8,20,0.247573208255699,0.147413658983244,-Inf
"1605",0.1,6,5,0.8,20,0.248419068626001,0.144927242837795,-Inf
"1606",0.15,6,5,0.8,20,0.251759567513606,0.147806934343676,-Inf
"1607",0.2,6,5,0.8,20,0.258352840065604,0.153047066272384,-Inf
"1608",0.25,6,5,0.8,20,0.246499314812985,0.14212928984678,-Inf
"1609",0.3,6,5,0.8,20,0.251730620619238,0.151264522551249,-Inf
"1610",0.35,6,5,0.8,20,0.237682975890097,0.144478490509016,-Inf
"1611",0.4,6,5,0.8,20,0.238217606963095,0.143733877107171,-Inf
"1612",0.01,9,5,0.8,20,0.253038109183195,0.151106278160949,-Inf
"1613",0.05,9,5,0.8,20,0.253123080650896,0.150356318265124,-Inf
"1614",0.1,9,5,0.8,20,0.24672113055421,0.14332710257161,-Inf
"1615",0.15,9,5,0.8,20,0.245653244580973,0.143934921823846,-Inf
"1616",0.2,9,5,0.8,20,0.253534737786709,0.149910121931088,-Inf
"1617",0.25,9,5,0.8,20,0.252619384937619,0.148873174935015,-Inf
"1618",0.3,9,5,0.8,20,0.248060531523536,0.148783841180523,-Inf
"1619",0.35,9,5,0.8,20,0.252358498338002,0.151565502615039,-Inf
"1620",0.4,9,5,0.8,20,0.262607455146699,0.154270358733386,-Inf
"1621",0.01,3,1,0.9,20,0.249869792167636,0.144269904847182,-Inf
"1622",0.05,3,1,0.9,20,0.241277462987767,0.136992162157891,-Inf
"1623",0.1,3,1,0.9,20,0.241874970594924,0.141626528138718,-Inf
"1624",0.15,3,1,0.9,20,0.240563650790221,0.13875255543691,-Inf
"1625",0.2,3,1,0.9,20,0.244359724104735,0.141007065977345,-Inf
"1626",0.25,3,1,0.9,20,0.234358505240275,0.138503958256645,-Inf
"1627",0.3,3,1,0.9,20,0.234522043367022,0.135791731746385,-Inf
"1628",0.35,3,1,0.9,20,0.250550721087135,0.142460185958718,-Inf
"1629",0.4,3,1,0.9,20,0.249940614515645,0.144182344783059,-Inf
"1630",0.01,6,1,0.9,20,0.236663855083061,0.137802730613889,-Inf
"1631",0.05,6,1,0.9,20,0.235351779025345,0.134434342462658,-Inf
"1632",0.1,6,1,0.9,20,0.239056079420145,0.141382069519196,-Inf
"1633",0.15,6,1,0.9,20,0.247654846550329,0.146892034331922,-Inf
"1634",0.2,6,1,0.9,20,0.237753846985202,0.134894239742723,-Inf
"1635",0.25,6,1,0.9,20,0.25677237123458,0.147262688541823,-Inf
"1636",0.3,6,1,0.9,20,0.248220183043492,0.135713512230419,-Inf
"1637",0.35,6,1,0.9,20,0.237448886520944,0.130514539889877,-Inf
"1638",0.4,6,1,0.9,20,0.258225384572913,0.141568106368876,-Inf
"1639",0.01,9,1,0.9,20,0.237384578595227,0.135976652584063,-Inf
"1640",0.05,9,1,0.9,20,0.236611051927655,0.136746287317128,-Inf
"1641",0.1,9,1,0.9,20,0.241912869633583,0.138153509169122,-Inf
"1642",0.15,9,1,0.9,20,0.233452330087834,0.135931709594877,-Inf
"1643",0.2,9,1,0.9,20,0.245220905233967,0.142050534748305,-Inf
"1644",0.25,9,1,0.9,20,0.25042107874093,0.141397110796856,-Inf
"1645",0.3,9,1,0.9,20,0.240995403244447,0.136652813857373,-Inf
"1646",0.35,9,1,0.9,20,0.241603940275474,0.132784461009798,-Inf
"1647",0.4,9,1,0.9,20,0.239331312628748,0.127657513417998,-Inf
"1648",0.01,3,2,0.9,20,0.247173434127845,0.144600099954821,-Inf
"1649",0.05,3,2,0.9,20,0.248493596534118,0.145693412207658,-Inf
"1650",0.1,3,2,0.9,20,0.240039183114165,0.141920381637471,-Inf
"1651",0.15,3,2,0.9,20,0.240092205216939,0.139559602986693,-Inf
"1652",0.2,3,2,0.9,20,0.251866766372399,0.145568770647461,-Inf
"1653",0.25,3,2,0.9,20,0.251214991644554,0.144586907254475,-Inf
"1654",0.3,3,2,0.9,20,0.259195758766965,0.146990277400441,-Inf
"1655",0.35,3,2,0.9,20,0.253289688687105,0.149996383443947,-Inf
"1656",0.4,3,2,0.9,20,0.249880780372545,0.143635928596077,-Inf
"1657",0.01,6,2,0.9,20,0.244410645743474,0.145152663354292,-Inf
"1658",0.05,6,2,0.9,20,0.243300858617775,0.140949210830906,-Inf
"1659",0.1,6,2,0.9,20,0.244351784051668,0.14051150183252,-Inf
"1660",0.15,6,2,0.9,20,0.241590998059385,0.143301190546557,-Inf
"1661",0.2,6,2,0.9,20,0.244040154044722,0.141767985818967,-Inf
"1662",0.25,6,2,0.9,20,0.253374240336319,0.146058446919072,-Inf
"1663",0.3,6,2,0.9,20,0.242602035002124,0.140299317536738,-Inf
"1664",0.35,6,2,0.9,20,0.24414802811655,0.137940870236603,-Inf
"1665",0.4,6,2,0.9,20,0.281239287169104,0.160727779995434,-Inf
"1666",0.01,9,2,0.9,20,0.242101298040871,0.141940781439271,-Inf
"1667",0.05,9,2,0.9,20,0.240927927126231,0.140908796277494,-Inf
"1668",0.1,9,2,0.9,20,0.241045838663647,0.143351437430877,-Inf
"1669",0.15,9,2,0.9,20,0.250013809558798,0.143312479856923,-Inf
"1670",0.2,9,2,0.9,20,0.255145108792254,0.149605980892973,-Inf
"1671",0.25,9,2,0.9,20,0.253054844570058,0.147000693670498,-Inf
"1672",0.3,9,2,0.9,20,0.239982898271887,0.137672041352862,-Inf
"1673",0.35,9,2,0.9,20,0.241356208089351,0.134633178898505,-Inf
"1674",0.4,9,2,0.9,20,0.269720711770681,0.159010049542584,-Inf
"1675",0.01,3,3,0.9,20,0.256459810485761,0.151460631225628,-Inf
"1676",0.05,3,3,0.9,20,0.252291693505528,0.149213976898635,-Inf
"1677",0.1,3,3,0.9,20,0.252346987530785,0.148395688109073,-Inf
"1678",0.15,3,3,0.9,20,0.245145083179459,0.14346273385998,-Inf
"1679",0.2,3,3,0.9,20,0.255827122786212,0.149320791671798,-Inf
"1680",0.25,3,3,0.9,20,0.258583180226068,0.14771777620312,-Inf
"1681",0.3,3,3,0.9,20,0.249811921489502,0.149346465832605,-Inf
"1682",0.35,3,3,0.9,20,0.246135992065731,0.13947215323698,-Inf
"1683",0.4,3,3,0.9,20,0.248980231382321,0.140685307442924,-Inf
"1684",0.01,6,3,0.9,20,0.253687604882987,0.151948491603795,-Inf
"1685",0.05,6,3,0.9,20,0.248714409783163,0.147550938624838,-Inf
"1686",0.1,6,3,0.9,20,0.24374287206422,0.144298868135364,-Inf
"1687",0.15,6,3,0.9,20,0.25777728266549,0.148204431367613,-Inf
"1688",0.2,6,3,0.9,20,0.253554480413892,0.150800828404763,-Inf
"1689",0.25,6,3,0.9,20,0.26263576944993,0.153461108408741,-Inf
"1690",0.3,6,3,0.9,20,0.25325266412171,0.146810359233108,-Inf
"1691",0.35,6,3,0.9,20,0.261595621935339,0.148276843053381,-Inf
"1692",0.4,6,3,0.9,20,0.267715523010003,0.157895772146555,-Inf
"1693",0.01,9,3,0.9,20,0.253915565263173,0.151121054649809,-Inf
"1694",0.05,9,3,0.9,20,0.248024573235542,0.149313962896443,-Inf
"1695",0.1,9,3,0.9,20,0.251067262939844,0.148917935639935,-Inf
"1696",0.15,9,3,0.9,20,0.24916290564129,0.152608103037293,-Inf
"1697",0.2,9,3,0.9,20,0.257350338051303,0.150074629970077,-Inf
"1698",0.25,9,3,0.9,20,0.259230990466089,0.153457951224396,-Inf
"1699",0.3,9,3,0.9,20,0.250351759619098,0.152560761550501,-Inf
"1700",0.35,9,3,0.9,20,0.257785396586521,0.148829670241894,-Inf
"1701",0.4,9,3,0.9,20,0.267354357277672,0.151540578023723,-Inf
"1702",0.01,3,4,0.9,20,0.252731122293624,0.15081114874615,-Inf
"1703",0.05,3,4,0.9,20,0.242634233256851,0.146182846034618,-Inf
"1704",0.1,3,4,0.9,20,0.249887714485026,0.146032622905343,-Inf
"1705",0.15,3,4,0.9,20,0.250740227306511,0.150494407484464,-Inf
"1706",0.2,3,4,0.9,20,0.236575165461175,0.140819836366911,-Inf
"1707",0.25,3,4,0.9,20,0.244566339725746,0.145224387320815,-Inf
"1708",0.3,3,4,0.9,20,0.235537004451045,0.139803898941752,-Inf
"1709",0.35,3,4,0.9,20,0.23999210031718,0.138780440879246,-Inf
"1710",0.4,3,4,0.9,20,0.266899990031213,0.15043438846878,-Inf
"1711",0.01,6,4,0.9,20,0.250771092431863,0.150384484456556,-Inf
"1712",0.05,6,4,0.9,20,0.249301413510077,0.146514739744565,-Inf
"1713",0.1,6,4,0.9,20,0.246454544557531,0.147110418504744,-Inf
"1714",0.15,6,4,0.9,20,0.242746816255554,0.144740628513178,-Inf
"1715",0.2,6,4,0.9,20,0.243802599171508,0.143590498087828,-Inf
"1716",0.25,6,4,0.9,20,0.241638510800175,0.146664786332823,-Inf
"1717",0.3,6,4,0.9,20,0.244835448545029,0.15152854728418,-Inf
"1718",0.35,6,4,0.9,20,0.254323360799983,0.141416021289144,-Inf
"1719",0.4,6,4,0.9,20,0.242923486082741,0.143259577164563,-Inf
"1720",0.01,9,4,0.9,20,0.253208776437808,0.153380961525568,-Inf
"1721",0.05,9,4,0.9,20,0.246776480182832,0.147072807963835,-Inf
"1722",0.1,9,4,0.9,20,0.242007404293631,0.146289964183112,-Inf
"1723",0.15,9,4,0.9,20,0.241689852516066,0.14519563502799,-Inf
"1724",0.2,9,4,0.9,20,0.257725006709665,0.150557842136822,-Inf
"1725",0.25,9,4,0.9,20,0.247236558492634,0.146871954316495,-Inf
"1726",0.3,9,4,0.9,20,0.254417925778299,0.148671205398398,-Inf
"1727",0.35,9,4,0.9,20,0.244404888992877,0.146902577457991,-Inf
"1728",0.4,9,4,0.9,20,0.24820718797408,0.144145523893188,-Inf
"1729",0.01,3,5,0.9,20,0.251088882448266,0.150021111851774,-Inf
"1730",0.05,3,5,0.9,20,0.245478727490258,0.145126735294737,-Inf
"1731",0.1,3,5,0.9,20,0.248851188734527,0.142528862802582,-Inf
"1732",0.15,3,5,0.9,20,0.24555310606925,0.145267941256624,-Inf
"1733",0.2,3,5,0.9,20,0.246053848354768,0.150168589654915,-Inf
"1734",0.25,3,5,0.9,20,0.248666231489876,0.142937208485548,-Inf
"1735",0.3,3,5,0.9,20,0.240384290401687,0.13889151591869,-Inf
"1736",0.35,3,5,0.9,20,0.252972571020156,0.147452989937433,-Inf
"1737",0.4,3,5,0.9,20,0.246464045403258,0.146543794670368,-Inf
"1738",0.01,6,5,0.9,20,0.252688253637665,0.150510816978665,-Inf
"1739",0.05,6,5,0.9,20,0.25331732155246,0.150997464349435,-Inf
"1740",0.1,6,5,0.9,20,0.241021916902688,0.140398159363677,-Inf
"1741",0.15,6,5,0.9,20,0.256501219331438,0.151349991016861,-Inf
"1742",0.2,6,5,0.9,20,0.246989701600706,0.145932153836228,-Inf
"1743",0.25,6,5,0.9,20,0.243958617617272,0.147314701381499,-Inf
"1744",0.3,6,5,0.9,20,0.239022146861363,0.138942355719413,-Inf
"1745",0.35,6,5,0.9,20,0.247466186936713,0.143113021998638,-Inf
"1746",0.4,6,5,0.9,20,0.253188019676843,0.149956900904873,-Inf
"1747",0.01,9,5,0.9,20,0.251598198568367,0.15107194777152,-Inf
"1748",0.05,9,5,0.9,20,0.25064650802279,0.150013664970393,-Inf
"1749",0.1,9,5,0.9,20,0.254757263832815,0.15252344076528,-Inf
"1750",0.15,9,5,0.9,20,0.260733687470534,0.160288558311146,-Inf
"1751",0.2,9,5,0.9,20,0.255365238264418,0.151082763311125,-Inf
"1752",0.25,9,5,0.9,20,0.248896785900169,0.144199172722045,-Inf
"1753",0.3,9,5,0.9,20,0.252839346648329,0.145867956227778,-Inf
"1754",0.35,9,5,0.9,20,0.243627954741715,0.150739663316433,-Inf
"1755",0.4,9,5,0.9,20,0.242377246370111,0.14222428379016,-Inf
"1756",0.01,3,1,1,20,0.253984639604033,0.145632221564837,-Inf
"1757",0.05,3,1,1,20,0.239443251645188,0.140398695325008,-Inf
"1758",0.1,3,1,1,20,0.23468045926242,0.135365869257456,-Inf
"1759",0.15,3,1,1,20,0.234109131695856,0.133827101015644,-Inf
"1760",0.2,3,1,1,20,0.23493813767703,0.136880437129482,-Inf
"1761",0.25,3,1,1,20,0.240395935900038,0.136151499040699,-Inf
"1762",0.3,3,1,1,20,0.242108033086947,0.13949828126874,-Inf
"1763",0.35,3,1,1,20,0.242938650865304,0.135706505162598,-Inf
"1764",0.4,3,1,1,20,0.244610357753022,0.141351793582862,-Inf
"1765",0.01,6,1,1,20,0.250962687896336,0.145477122489497,-Inf
"1766",0.05,6,1,1,20,0.243821851168361,0.13947047634061,-Inf
"1767",0.1,6,1,1,20,0.24538747688105,0.139019939970089,-Inf
"1768",0.15,6,1,1,20,0.246001764636572,0.140558376577387,-Inf
"1769",0.2,6,1,1,20,0.245456777695757,0.14121030690682,-Inf
"1770",0.25,6,1,1,20,0.242942154839973,0.138475880306633,-Inf
"1771",0.3,6,1,1,20,0.240741778429333,0.134880827059035,-Inf
"1772",0.35,6,1,1,20,0.24070149619797,0.13406335848388,-Inf
"1773",0.4,6,1,1,20,0.245781674359165,0.136506263245688,-Inf
"1774",0.01,9,1,1,20,0.247230732893624,0.144134922623344,-Inf
"1775",0.05,9,1,1,20,0.23787537056469,0.133800544366458,-Inf
"1776",0.1,9,1,1,20,0.23781807838662,0.134506112265863,-Inf
"1777",0.15,9,1,1,20,0.236174958636181,0.133064864829018,-Inf
"1778",0.2,9,1,1,20,0.236620564821112,0.13337019249331,-Inf
"1779",0.25,9,1,1,20,0.24406288987235,0.136071605314162,-Inf
"1780",0.3,9,1,1,20,0.24295595319191,0.133459093978272,-Inf
"1781",0.35,9,1,1,20,0.246894483898777,0.130807073002902,-Inf
"1782",0.4,9,1,1,20,0.245758437284324,0.126317819113719,-Inf
"1783",0.01,3,2,1,20,0.22961098485724,0.140377414791509,-Inf
"1784",0.05,3,2,1,20,0.225272910476518,0.137125228467216,-Inf
"1785",0.1,3,2,1,20,0.224841250853051,0.136929510717907,-Inf
"1786",0.15,3,2,1,20,0.230507182120733,0.138369283631627,-Inf
"1787",0.2,3,2,1,20,0.232769392719152,0.137646237371134,-Inf
"1788",0.25,3,2,1,20,0.246408226262553,0.143858459635218,-Inf
"1789",0.3,3,2,1,20,0.251970510449746,0.143477783982532,-Inf
"1790",0.35,3,2,1,20,0.253818615559635,0.146343152245538,-Inf
"1791",0.4,3,2,1,20,0.259704800481625,0.148594815327292,-Inf
"1792",0.01,6,2,1,20,0.247523252963867,0.148396817581578,-Inf
"1793",0.05,6,2,1,20,0.246195032345198,0.146149385355922,-Inf
"1794",0.1,6,2,1,20,0.248512835785032,0.1494514253034,-Inf
"1795",0.15,6,2,1,20,0.249035388947124,0.148334948939861,-Inf
"1796",0.2,6,2,1,20,0.246411153119088,0.145872277224612,-Inf
"1797",0.25,6,2,1,20,0.252015269701381,0.143661222447246,-Inf
"1798",0.3,6,2,1,20,0.249697131800796,0.146897641074905,-Inf
"1799",0.35,6,2,1,20,0.253652332490505,0.143372514745603,-Inf
"1800",0.4,6,2,1,20,0.26152996218503,0.146739607726958,-Inf
"1801",0.01,9,2,1,20,0.244168454264365,0.146238821226722,-Inf
"1802",0.05,9,2,1,20,0.243303687740985,0.144295038684385,-Inf
"1803",0.1,9,2,1,20,0.245725681084888,0.145597168957217,-Inf
"1804",0.15,9,2,1,20,0.248086745311397,0.145891186040682,-Inf
"1805",0.2,9,2,1,20,0.246464082875943,0.14537520646816,-Inf
"1806",0.25,9,2,1,20,0.24479182641573,0.142262946629765,-Inf
"1807",0.3,9,2,1,20,0.255483671186345,0.150985548736149,-Inf
"1808",0.35,9,2,1,20,0.253213136783352,0.147546129355097,-Inf
"1809",0.4,9,2,1,20,0.253822965752645,0.14605990845778,-Inf
"1810",0.01,3,3,1,20,0.249662499612843,0.151482997119165,-Inf
"1811",0.05,3,3,1,20,0.250044802769256,0.151376453425106,-Inf
"1812",0.1,3,3,1,20,0.250295840449193,0.152436626549091,-Inf
"1813",0.15,3,3,1,20,0.24998416242834,0.15452506644678,-Inf
"1814",0.2,3,3,1,20,0.254405714133273,0.153761368630093,-Inf
"1815",0.25,3,3,1,20,0.253253590759579,0.154038220357985,-Inf
"1816",0.3,3,3,1,20,0.25574114158879,0.153510323845659,-Inf
"1817",0.35,3,3,1,20,0.256475959402844,0.155424627431456,-Inf
"1818",0.4,3,3,1,20,0.256841305759264,0.15614981746101,-Inf
"1819",0.01,6,3,1,20,0.260718850984578,0.156775829288422,-Inf
"1820",0.05,6,3,1,20,0.259933471971179,0.154348317858321,-Inf
"1821",0.1,6,3,1,20,0.260225341550963,0.153699672687719,-Inf
"1822",0.15,6,3,1,20,0.261829519774154,0.15359037444287,-Inf
"1823",0.2,6,3,1,20,0.262307013475574,0.156609299108007,-Inf
"1824",0.25,6,3,1,20,0.266072709548726,0.157677580831065,-Inf
"1825",0.3,6,3,1,20,0.265936981211854,0.160922905988775,-Inf
"1826",0.35,6,3,1,20,0.267719507747568,0.156547898220428,-Inf
"1827",0.4,6,3,1,20,0.267599464370694,0.156209279242053,-Inf
"1828",0.01,9,3,1,20,0.260379034681219,0.156670157663303,-Inf
"1829",0.05,9,3,1,20,0.25992988873165,0.156012067133045,-Inf
"1830",0.1,9,3,1,20,0.260685664389078,0.15438411566653,-Inf
"1831",0.15,9,3,1,20,0.263210838657475,0.156785363917519,-Inf
"1832",0.2,9,3,1,20,0.261266992797709,0.155114631507022,-Inf
"1833",0.25,9,3,1,20,0.263735349413935,0.155342913293527,-Inf
"1834",0.3,9,3,1,20,0.267343152733503,0.159826420958834,-Inf
"1835",0.35,9,3,1,20,0.268918987616043,0.15783597136886,-Inf
"1836",0.4,9,3,1,20,0.266006379471203,0.155273887567021,-Inf
"1837",0.01,3,4,1,20,0.247688028148614,0.146479612502436,-Inf
"1838",0.05,3,4,1,20,0.247596329427416,0.146173915147458,-Inf
"1839",0.1,3,4,1,20,0.243342162370963,0.145688416390035,-Inf
"1840",0.15,3,4,1,20,0.240969341850603,0.143141323883627,-Inf
"1841",0.2,3,4,1,20,0.242123558839901,0.14263302124565,-Inf
"1842",0.25,3,4,1,20,0.241225960249693,0.144539394969889,-Inf
"1843",0.3,3,4,1,20,0.235153605372487,0.140860259331701,-Inf
"1844",0.35,3,4,1,20,0.243844308837157,0.141553600496567,-Inf
"1845",0.4,3,4,1,20,0.242404066406508,0.137044261608965,-Inf
"1846",0.01,6,4,1,20,0.245605758542325,0.148301020881931,-Inf
"1847",0.05,6,4,1,20,0.243522317710601,0.145092308912757,-Inf
"1848",0.1,6,4,1,20,0.243774365967379,0.145568782767147,-Inf
"1849",0.15,6,4,1,20,0.245038642380633,0.147173677816421,-Inf
"1850",0.2,6,4,1,20,0.24285918423666,0.142131376584526,-Inf
"1851",0.25,6,4,1,20,0.245846545444838,0.145323899556347,-Inf
"1852",0.3,6,4,1,20,0.247818784580993,0.143042496430814,-Inf
"1853",0.35,6,4,1,20,0.236635887664607,0.138963017287905,-Inf
"1854",0.4,6,4,1,20,0.246852158244012,0.146070771421693,-Inf
"1855",0.01,9,4,1,20,0.245877214472595,0.148523082727396,-Inf
"1856",0.05,9,4,1,20,0.245946165424801,0.145867210210994,-Inf
"1857",0.1,9,4,1,20,0.241615106688748,0.144166424753273,-Inf
"1858",0.15,9,4,1,20,0.245231824613295,0.145710979985246,-Inf
"1859",0.2,9,4,1,20,0.248759965240988,0.145907097892906,-Inf
"1860",0.25,9,4,1,20,0.249328862516822,0.147052030880305,-Inf
"1861",0.3,9,4,1,20,0.243151891102695,0.143829721789713,-Inf
"1862",0.35,9,4,1,20,0.240691796432978,0.14557951479942,-Inf
"1863",0.4,9,4,1,20,0.241483773881819,0.144667128952569,-Inf
"1864",0.01,3,5,1,20,0.251416826518605,0.149436719253761,-Inf
"1865",0.05,3,5,1,20,0.241503706182212,0.14102443960516,-Inf
"1866",0.1,3,5,1,20,0.240232405552571,0.140562460865916,-Inf
"1867",0.15,3,5,1,20,0.237923733054135,0.140179208874593,-Inf
"1868",0.2,3,5,1,20,0.243179726163195,0.14441074194723,-Inf
"1869",0.25,3,5,1,20,0.241482483836881,0.139249844224702,-Inf
"1870",0.3,3,5,1,20,0.249439531146232,0.14282326835559,-Inf
"1871",0.35,3,5,1,20,0.245802833942754,0.142665594416598,-Inf
"1872",0.4,3,5,1,20,0.244192423306763,0.137932440075678,-Inf
"1873",0.01,6,5,1,20,0.252993790499854,0.152657296043721,-Inf
"1874",0.05,6,5,1,20,0.250018655081301,0.147591843722932,-Inf
"1875",0.1,6,5,1,20,0.249797557187588,0.149821378815013,-Inf
"1876",0.15,6,5,1,20,0.247875087046962,0.148247989669052,-Inf
"1877",0.2,6,5,1,20,0.25176966612092,0.153218894680407,-Inf
"1878",0.25,6,5,1,20,0.249018732119539,0.150900128226992,-Inf
"1879",0.3,6,5,1,20,0.253628801235846,0.146095157029089,-Inf
"1880",0.35,6,5,1,20,0.253446060729151,0.143899485728669,-Inf
"1881",0.4,6,5,1,20,0.253457917155966,0.144006020934887,-Inf
"1882",0.01,9,5,1,20,0.253227592680788,0.152839103732844,-Inf
"1883",0.05,9,5,1,20,0.249689571044562,0.148462574052239,-Inf
"1884",0.1,9,5,1,20,0.248941793333323,0.149657233575522,-Inf
"1885",0.15,9,5,1,20,0.249474157358317,0.150856127949567,-Inf
"1886",0.2,9,5,1,20,0.254988433334619,0.152528440961438,-Inf
"1887",0.25,9,5,1,20,0.24891876689535,0.147514545483861,-Inf
"1888",0.3,9,5,1,20,0.252210842250996,0.147279772224472,-Inf
"1889",0.35,9,5,1,20,0.250256608795451,0.143990373567411,-Inf
"1890",0.4,9,5,1,20,0.253861054359313,0.145119587878149,-Inf
"1891",0.01,3,1,0.4,30,0.253461229510162,0.147624746862051,-Inf
"1892",0.05,3,1,0.4,30,0.246549706303721,0.140042746580502,-Inf
"1893",0.1,3,1,0.4,30,0.245128209328043,0.143125360188463,-Inf
"1894",0.15,3,1,0.4,30,0.237059247390666,0.143887615632059,-Inf
"1895",0.2,3,1,0.4,30,0.243210504992492,0.145899349302707,-Inf
"1896",0.25,3,1,0.4,30,0.233618375325028,0.143565886247584,-Inf
"1897",0.3,3,1,0.4,30,0.260286634680001,0.157745561426377,-Inf
"1898",0.35,3,1,0.4,30,0.245988964338636,0.143480883627765,-Inf
"1899",0.4,3,1,0.4,30,0.245766018174211,0.151009785352626,-Inf
"1900",0.01,6,1,0.4,30,0.251368127488377,0.146706760978657,-Inf
"1901",0.05,6,1,0.4,30,0.251788434858212,0.146927384819472,-Inf
"1902",0.1,6,1,0.4,30,0.238218844728383,0.143267897589785,-Inf
"1903",0.15,6,1,0.4,30,0.249271442213855,0.151649238263954,-Inf
"1904",0.2,6,1,0.4,30,0.25563243845857,0.154388901229992,-Inf
"1905",0.25,6,1,0.4,30,0.248822137709916,0.148092495682427,-Inf
"1906",0.3,6,1,0.4,30,0.261164279571593,0.152561642277793,-Inf
"1907",0.35,6,1,0.4,30,0.271484484661186,0.149321017747227,-Inf
"1908",0.4,6,1,0.4,30,0.282548478476625,0.168105725545836,-Inf
"1909",0.01,9,1,0.4,30,0.257177475024414,0.152767700132455,-Inf
"1910",0.05,9,1,0.4,30,0.253405171745887,0.148194627683954,-Inf
"1911",0.1,9,1,0.4,30,0.245309105919489,0.152582963142935,-Inf
"1912",0.15,9,1,0.4,30,0.258282341909136,0.148617988813716,-Inf
"1913",0.2,9,1,0.4,30,0.246679729420711,0.15668445869603,-Inf
"1914",0.25,9,1,0.4,30,0.258114107014813,0.159337019869755,-Inf
"1915",0.3,9,1,0.4,30,0.255526525153459,0.150815760967792,-Inf
"1916",0.35,9,1,0.4,30,0.246308334412484,0.150686814346502,-Inf
"1917",0.4,9,1,0.4,30,0.280068059213635,0.161550959036041,-Inf
"1918",0.01,3,2,0.4,30,0.250603106406356,0.147977628609187,-Inf
"1919",0.05,3,2,0.4,30,0.251476146202547,0.148283430226585,-Inf
"1920",0.1,3,2,0.4,30,0.249723452395306,0.147542860575508,-Inf
"1921",0.15,3,2,0.4,30,0.244762419318818,0.147344788344216,-Inf
"1922",0.2,3,2,0.4,30,0.24215199890109,0.143580321489062,-Inf
"1923",0.25,3,2,0.4,30,0.257850549769366,0.14567521499293,-Inf
"1924",0.3,3,2,0.4,30,0.256721384316224,0.152109985700231,-Inf
"1925",0.35,3,2,0.4,30,0.262650144523382,0.154239784892806,-Inf
"1926",0.4,3,2,0.4,30,0.271833144214575,0.159293496598695,-Inf
"1927",0.01,6,2,0.4,30,0.249246914849441,0.147126856190589,-Inf
"1928",0.05,6,2,0.4,30,0.25146286847657,0.150437074503475,-Inf
"1929",0.1,6,2,0.4,30,0.247373893848274,0.148266064149931,-Inf
"1930",0.15,6,2,0.4,30,0.250209621842825,0.149363894209238,-Inf
"1931",0.2,6,2,0.4,30,0.252571775091751,0.151959022515998,-Inf
"1932",0.25,6,2,0.4,30,0.26163508572285,0.153287814644089,-Inf
"1933",0.3,6,2,0.4,30,0.2523566089266,0.155044704232862,-Inf
"1934",0.35,6,2,0.4,30,0.244540267628702,0.143437437374007,-Inf
"1935",0.4,6,2,0.4,30,0.268431753586459,0.146901484233613,-Inf
"1936",0.01,9,2,0.4,30,0.24811586307375,0.146503470840917,-Inf
"1937",0.05,9,2,0.4,30,0.245277762040643,0.148103721638311,-Inf
"1938",0.1,9,2,0.4,30,0.24375645583248,0.147437924800206,-Inf
"1939",0.15,9,2,0.4,30,0.250396699725286,0.150318150968275,-Inf
"1940",0.2,9,2,0.4,30,0.250838879532102,0.151922787075568,-Inf
"1941",0.25,9,2,0.4,30,0.247982412396733,0.147854293705407,-Inf
"1942",0.3,9,2,0.4,30,0.254180457728294,0.158622281185049,-Inf
"1943",0.35,9,2,0.4,30,0.256653174699873,0.161826009217199,-Inf
"1944",0.4,9,2,0.4,30,0.276142367971235,0.170636489503754,-Inf
"1945",0.01,3,3,0.4,30,0.257370439795557,0.152861307883928,-Inf
"1946",0.05,3,3,0.4,30,0.244566060577255,0.146024217662547,-Inf
"1947",0.1,3,3,0.4,30,0.239663732295106,0.146062003541678,-Inf
"1948",0.15,3,3,0.4,30,0.250542331421369,0.157055024501381,-Inf
"1949",0.2,3,3,0.4,30,0.244772132961577,0.148979837922061,-Inf
"1950",0.25,3,3,0.4,30,0.24655309136061,0.148841071313961,-Inf
"1951",0.3,3,3,0.4,30,0.263680951374075,0.156013412499812,-Inf
"1952",0.35,3,3,0.4,30,0.248206509192504,0.14658443054953,-Inf
"1953",0.4,3,3,0.4,30,0.255902130370309,0.154858335091084,-Inf
"1954",0.01,6,3,0.4,30,0.251907754737704,0.148009037270773,-Inf
"1955",0.05,6,3,0.4,30,0.249099193380634,0.151852732081641,-Inf
"1956",0.1,6,3,0.4,30,0.249662117113745,0.154604130135776,-Inf
"1957",0.15,6,3,0.4,30,0.246802111808954,0.14875710326471,-Inf
"1958",0.2,6,3,0.4,30,0.254065101713759,0.149560216758803,-Inf
"1959",0.25,6,3,0.4,30,0.253354528014882,0.147624524461832,-Inf
"1960",0.3,6,3,0.4,30,0.266495302899545,0.154703771011955,-Inf
"1961",0.35,6,3,0.4,30,0.26484815347932,0.15992769497161,-Inf
"1962",0.4,6,3,0.4,30,0.272939853635008,0.164303059479234,-Inf
"1963",0.01,9,3,0.4,30,0.254196130439995,0.149832906917955,-Inf
"1964",0.05,9,3,0.4,30,0.251425132265293,0.148488355203702,-Inf
"1965",0.1,9,3,0.4,30,0.248101293341944,0.151318722771569,-Inf
"1966",0.15,9,3,0.4,30,0.243801742178268,0.146775032501276,-Inf
"1967",0.2,9,3,0.4,30,0.251170574000316,0.157473723254999,-Inf
"1968",0.25,9,3,0.4,30,0.263358355311096,0.151820198734339,-Inf
"1969",0.3,9,3,0.4,30,0.254211681623611,0.159312458211919,-Inf
"1970",0.35,9,3,0.4,30,0.264567889819511,0.157891794923335,-Inf
"1971",0.4,9,3,0.4,30,0.276178032998701,0.171704644622747,-Inf
"1972",0.01,3,4,0.4,30,0.255953354310472,0.150907308120229,-Inf
"1973",0.05,3,4,0.4,30,0.242765020295627,0.149209982372871,-Inf
"1974",0.1,3,4,0.4,30,0.25202582562418,0.152787335883822,-Inf
"1975",0.15,3,4,0.4,30,0.255083563387817,0.154195093360077,-Inf
"1976",0.2,3,4,0.4,30,0.257132812908811,0.153638407595162,-Inf
"1977",0.25,3,4,0.4,30,0.24933076645727,0.147497430655757,-Inf
"1978",0.3,3,4,0.4,30,0.24965195473316,0.15005272815378,-Inf
"1979",0.35,3,4,0.4,30,0.247781917342264,0.144994479817073,-Inf
"1980",0.4,3,4,0.4,30,0.256923391280895,0.150037647008343,-Inf
"1981",0.01,6,4,0.4,30,0.25707340779046,0.151237504890337,-Inf
"1982",0.05,6,4,0.4,30,0.254397427382367,0.151339323112581,-Inf
"1983",0.1,6,4,0.4,30,0.249946709202462,0.157065225975168,-Inf
"1984",0.15,6,4,0.4,30,0.247487957334006,0.146656544730252,-Inf
"1985",0.2,6,4,0.4,30,0.249170191211729,0.150215685188612,-Inf
"1986",0.25,6,4,0.4,30,0.244617706237588,0.15165523944962,-Inf
"1987",0.3,6,4,0.4,30,0.253203678702145,0.157010777625715,-Inf
"1988",0.35,6,4,0.4,30,0.245883282235799,0.145758321009277,-Inf
"1989",0.4,6,4,0.4,30,0.256033402736458,0.157189610048644,-Inf
"1990",0.01,9,4,0.4,30,0.256766367619308,0.15312807346599,-Inf
"1991",0.05,9,4,0.4,30,0.248679362517254,0.147202782290077,-Inf
"1992",0.1,9,4,0.4,30,0.24677993230725,0.149599255576557,-Inf
"1993",0.15,9,4,0.4,30,0.250282049552659,0.150371454981054,-Inf
"1994",0.2,9,4,0.4,30,0.253946640825093,0.151373318930652,-Inf
"1995",0.25,9,4,0.4,30,0.252635060174861,0.143092183302095,-Inf
"1996",0.3,9,4,0.4,30,0.25659757848574,0.151696840186076,-Inf
"1997",0.35,9,4,0.4,30,0.239911467141421,0.137725708297835,-Inf
"1998",0.4,9,4,0.4,30,0.253230026646945,0.156400931830116,-Inf
"1999",0.01,3,5,0.4,30,0.25694925924407,0.150762814641251,-Inf
"2000",0.05,3,5,0.4,30,0.25170867960941,0.149348884484275,-Inf
"2001",0.1,3,5,0.4,30,0.252512375978852,0.153343989592665,-Inf
"2002",0.15,3,5,0.4,30,0.251825831159195,0.152174938659856,-Inf
"2003",0.2,3,5,0.4,30,0.258087964403969,0.159575668108876,-Inf
"2004",0.25,3,5,0.4,30,0.246421402276698,0.150601274748981,-Inf
"2005",0.3,3,5,0.4,30,0.244265738997109,0.147319397744262,-Inf
"2006",0.35,3,5,0.4,30,0.231152253546952,0.145780146452449,-Inf
"2007",0.4,3,5,0.4,30,0.258727687276275,0.158879059424261,-Inf
"2008",0.01,6,5,0.4,30,0.253667755558121,0.149423013640963,-Inf
"2009",0.05,6,5,0.4,30,0.246352590022417,0.146843199125058,-Inf
"2010",0.1,6,5,0.4,30,0.244220710297943,0.149371517194377,-Inf
"2011",0.15,6,5,0.4,30,0.250699374232971,0.155987443421548,-Inf
"2012",0.2,6,5,0.4,30,0.246723398252808,0.147446185856493,-Inf
"2013",0.25,6,5,0.4,30,0.242985626485529,0.146160255662734,-Inf
"2014",0.3,6,5,0.4,30,0.257120068852485,0.151040746411073,-Inf
"2015",0.35,6,5,0.4,30,0.25813034353901,0.154323022731857,-Inf
"2016",0.4,6,5,0.4,30,0.269469681897208,0.157368024300047,-Inf
"2017",0.01,9,5,0.4,30,0.255681332490657,0.152025402572582,-Inf
"2018",0.05,9,5,0.4,30,0.253352312211046,0.152297760101529,-Inf
"2019",0.1,9,5,0.4,30,0.243383869230656,0.151823920873144,-Inf
"2020",0.15,9,5,0.4,30,0.255394072684868,0.148139930383333,-Inf
"2021",0.2,9,5,0.4,30,0.256858355168972,0.152668980796413,-Inf
"2022",0.25,9,5,0.4,30,0.246034339577253,0.153465582709251,-Inf
"2023",0.3,9,5,0.4,30,0.23716667607633,0.155231568734171,-Inf
"2024",0.35,9,5,0.4,30,0.241100781113866,0.143348544667965,-Inf
"2025",0.4,9,5,0.4,30,0.241749150714035,0.146710016205439,-Inf
"2026",0.01,3,1,0.5,30,0.251620581455438,0.145289810270527,-Inf
"2027",0.05,3,1,0.5,30,0.244840350187037,0.139246894367243,-Inf
"2028",0.1,3,1,0.5,30,0.25614421977454,0.146921173419536,-Inf
"2029",0.15,3,1,0.5,30,0.253057023831836,0.151683093185459,-Inf
"2030",0.2,3,1,0.5,30,0.244271311525652,0.147821280310785,-Inf
"2031",0.25,3,1,0.5,30,0.243613107843193,0.15173359474036,-Inf
"2032",0.3,3,1,0.5,30,0.24941340334058,0.150665238805509,-Inf
"2033",0.35,3,1,0.5,30,0.264012009860964,0.15251355364488,-Inf
"2034",0.4,3,1,0.5,30,0.257980427406933,0.153467305948482,-Inf
"2035",0.01,6,1,0.5,30,0.252142834413327,0.147260433672684,-Inf
"2036",0.05,6,1,0.5,30,0.245522002773684,0.145082603268735,-Inf
"2037",0.1,6,1,0.5,30,0.244029895831062,0.150047938145988,-Inf
"2038",0.15,6,1,0.5,30,0.237794113933327,0.141202921836812,-Inf
"2039",0.2,6,1,0.5,30,0.25613227120118,0.146167671552776,-Inf
"2040",0.25,6,1,0.5,30,0.264461955699624,0.157330262986775,-Inf
"2041",0.3,6,1,0.5,30,0.25948793676709,0.145096070445193,-Inf
"2042",0.35,6,1,0.5,30,0.258741010547997,0.147484067744585,-Inf
"2043",0.4,6,1,0.5,30,0.25857120647365,0.147008232980885,-Inf
"2044",0.01,9,1,0.5,30,0.253113099621105,0.148279531008657,-Inf
"2045",0.05,9,1,0.5,30,0.250887825852309,0.144968257939798,-Inf
"2046",0.1,9,1,0.5,30,0.252726125460772,0.148012652880321,-Inf
"2047",0.15,9,1,0.5,30,0.259713894584963,0.151674070640787,-Inf
"2048",0.2,9,1,0.5,30,0.246193674914281,0.145147867664078,-Inf
"2049",0.25,9,1,0.5,30,0.269189834863304,0.156201415090091,-Inf
"2050",0.3,9,1,0.5,30,0.260588987488254,0.145447268207853,-Inf
"2051",0.35,9,1,0.5,30,0.238698128961513,0.144147799678273,-Inf
"2052",0.4,9,1,0.5,30,0.259617916834206,0.15500866174581,-Inf
"2053",0.01,3,2,0.5,30,0.253479243276884,0.147984950097963,-Inf
"2054",0.05,3,2,0.5,30,0.239473013424521,0.142984889479314,-Inf
"2055",0.1,3,2,0.5,30,0.254004580400695,0.15303272607752,-Inf
"2056",0.15,3,2,0.5,30,0.247686118121886,0.145952970676482,-Inf
"2057",0.2,3,2,0.5,30,0.246905916034284,0.14153893949351,-Inf
"2058",0.25,3,2,0.5,30,0.243917256208082,0.137973091519011,-Inf
"2059",0.3,3,2,0.5,30,0.2555169442917,0.155422511710468,-Inf
"2060",0.35,3,2,0.5,30,0.260397615337182,0.153814894619701,-Inf
"2061",0.4,3,2,0.5,30,0.254665543455072,0.152779998603589,-Inf
"2062",0.01,6,2,0.5,30,0.251990723517254,0.147585110287366,-Inf
"2063",0.05,6,2,0.5,30,0.247601966940141,0.148805455200237,-Inf
"2064",0.1,6,2,0.5,30,0.246101085554537,0.14709852003641,-Inf
"2065",0.15,6,2,0.5,30,0.236163380918619,0.142337763812597,-Inf
"2066",0.2,6,2,0.5,30,0.254275639074174,0.14864275093247,-Inf
"2067",0.25,6,2,0.5,30,0.254348376528785,0.154169229981402,-Inf
"2068",0.3,6,2,0.5,30,0.250084592999878,0.159001403863874,-Inf
"2069",0.35,6,2,0.5,30,0.237988105513923,0.14168473458446,-Inf
"2070",0.4,6,2,0.5,30,0.26825965675556,0.16165968156543,-Inf
"2071",0.01,9,2,0.5,30,0.247815283862353,0.144981257947966,-Inf
"2072",0.05,9,2,0.5,30,0.244046835115074,0.143775051863959,-Inf
"2073",0.1,9,2,0.5,30,0.243951911287105,0.151982019894086,-Inf
"2074",0.15,9,2,0.5,30,0.246036757524433,0.148997152989523,-Inf
"2075",0.2,9,2,0.5,30,0.247660243411879,0.142407054349479,-Inf
"2076",0.25,9,2,0.5,30,0.235048309653291,0.143535937799261,-Inf
"2077",0.3,9,2,0.5,30,0.256199285777464,0.142138520959475,-Inf
"2078",0.35,9,2,0.5,30,0.272932521288772,0.157907816463299,-Inf
"2079",0.4,9,2,0.5,30,0.26578622087192,0.162289862317132,-Inf
"2080",0.01,3,3,0.5,30,0.251242842462255,0.147257702446412,-Inf
"2081",0.05,3,3,0.5,30,0.251129940116074,0.149345781638442,-Inf
"2082",0.1,3,3,0.5,30,0.252389729943278,0.145410236431027,-Inf
"2083",0.15,3,3,0.5,30,0.253190319917236,0.151458166452332,-Inf
"2084",0.2,3,3,0.5,30,0.265006380734128,0.158558506742415,-Inf
"2085",0.25,3,3,0.5,30,0.240994822048562,0.14771331952102,-Inf
"2086",0.3,3,3,0.5,30,0.252193625432659,0.155291641723879,-Inf
"2087",0.35,3,3,0.5,30,0.237192926059705,0.141595546470341,-Inf
"2088",0.4,3,3,0.5,30,0.255320887513592,0.148992238072482,-Inf
"2089",0.01,6,3,0.5,30,0.251038063533498,0.149050690498402,-Inf
"2090",0.05,6,3,0.5,30,0.25237632295767,0.147829849026719,-Inf
"2091",0.1,6,3,0.5,30,0.244186288071177,0.14416775667026,-Inf
"2092",0.15,6,3,0.5,30,0.255586061515975,0.15091649884412,-Inf
"2093",0.2,6,3,0.5,30,0.245452880702933,0.144147609517045,-Inf
"2094",0.25,6,3,0.5,30,0.253027705124655,0.151789550946514,-Inf
"2095",0.3,6,3,0.5,30,0.249552286688415,0.147163752983237,-Inf
"2096",0.35,6,3,0.5,30,0.257816899406095,0.159489879936679,-Inf
"2097",0.4,6,3,0.5,30,0.277198576195007,0.164186353615536,-Inf
"2098",0.01,9,3,0.5,30,0.253736810953059,0.150265698084141,-Inf
"2099",0.05,9,3,0.5,30,0.247002662707259,0.145807516860616,-Inf
"2100",0.1,9,3,0.5,30,0.240983267858218,0.141823018946773,-Inf
"2101",0.15,9,3,0.5,30,0.257752360030694,0.146384775261887,-Inf
"2102",0.2,9,3,0.5,30,0.258144124295007,0.153799269374199,-Inf
"2103",0.25,9,3,0.5,30,0.25700995974994,0.151963272009023,-Inf
"2104",0.3,9,3,0.5,30,0.263652286100647,0.15609278833095,-Inf
"2105",0.35,9,3,0.5,30,0.276981656672431,0.168641371703021,-Inf
"2106",0.4,9,3,0.5,30,0.262569853525927,0.155126092163106,-Inf
"2107",0.01,3,4,0.5,30,0.254110406859241,0.147803690281064,-Inf
"2108",0.05,3,4,0.5,30,0.25193676666645,0.149513876186535,-Inf
"2109",0.1,3,4,0.5,30,0.249319390813142,0.144959734820848,-Inf
"2110",0.15,3,4,0.5,30,0.25078298365269,0.149985193500674,-Inf
"2111",0.2,3,4,0.5,30,0.23358435498703,0.139275862557015,-Inf
"2112",0.25,3,4,0.5,30,0.24932431088877,0.145818954245781,-Inf
"2113",0.3,3,4,0.5,30,0.266384235871325,0.158342672603667,-Inf
"2114",0.35,3,4,0.5,30,0.263530704025819,0.159931473909062,-Inf
"2115",0.4,3,4,0.5,30,0.259068440332548,0.160300062545366,-Inf
"2116",0.01,6,4,0.5,30,0.251839214433136,0.148160925558933,-Inf
"2117",0.05,6,4,0.5,30,0.252445505144346,0.153252058925302,-Inf
"2118",0.1,6,4,0.5,30,0.250621535257029,0.151242184325399,-Inf
"2119",0.15,6,4,0.5,30,0.252372602008492,0.157444392970514,-Inf
"2120",0.2,6,4,0.5,30,0.254683611809769,0.155216992999318,-Inf
"2121",0.25,6,4,0.5,30,0.260530455064398,0.155681922777676,-Inf
"2122",0.3,6,4,0.5,30,0.253560592214072,0.15707412092001,-Inf
"2123",0.35,6,4,0.5,30,0.265912070047161,0.16142790464067,-Inf
"2124",0.4,6,4,0.5,30,0.24914796620429,0.150475112694557,-Inf
"2125",0.01,9,4,0.5,30,0.250461746573862,0.148023075675634,-Inf
"2126",0.05,9,4,0.5,30,0.248377802749585,0.146140277368343,-Inf
"2127",0.1,9,4,0.5,30,0.251962837687323,0.150538023863389,-Inf
"2128",0.15,9,4,0.5,30,0.253094894412811,0.151915187782287,-Inf
"2129",0.2,9,4,0.5,30,0.249673468467265,0.150490746854843,-Inf
"2130",0.25,9,4,0.5,30,0.259804974333453,0.15464624379961,-Inf
"2131",0.3,9,4,0.5,30,0.26124204382263,0.155381222499247,-Inf
"2132",0.35,9,4,0.5,30,0.24999378119752,0.147905528929334,-Inf
"2133",0.4,9,4,0.5,30,0.246932633206256,0.151890490920419,-Inf
"2134",0.01,3,5,0.5,30,0.253462681752719,0.150106497112831,-Inf
"2135",0.05,3,5,0.5,30,0.249193291489393,0.150719177289888,-Inf
"2136",0.1,3,5,0.5,30,0.251557614694058,0.150464689139658,-Inf
"2137",0.15,3,5,0.5,30,0.251534172451552,0.152465327797528,-Inf
"2138",0.2,3,5,0.5,30,0.249271831020116,0.151410484861806,-Inf
"2139",0.25,3,5,0.5,30,0.258272830722098,0.155558621722856,-Inf
"2140",0.3,3,5,0.5,30,0.257954639129707,0.154568822261503,-Inf
"2141",0.35,3,5,0.5,30,0.245522891321375,0.138974785201644,-Inf
"2142",0.4,3,5,0.5,30,0.25406933324731,0.148704199215225,-Inf
"2143",0.01,6,5,0.5,30,0.253487362634764,0.15029554482297,-Inf
"2144",0.05,6,5,0.5,30,0.246176746976167,0.146899905479617,-Inf
"2145",0.1,6,5,0.5,30,0.254359270759076,0.153928740013621,-Inf
"2146",0.15,6,5,0.5,30,0.260111950615754,0.147815621556042,-Inf
"2147",0.2,6,5,0.5,30,0.237784480542828,0.149726187701199,-Inf
"2148",0.25,6,5,0.5,30,0.250284273893066,0.158715875638638,-Inf
"2149",0.3,6,5,0.5,30,0.255926153350198,0.153872283843077,-Inf
"2150",0.35,6,5,0.5,30,0.27131449355641,0.163640872933399,-Inf
"2151",0.4,6,5,0.5,30,0.2467054957347,0.150435721049038,-Inf
"2152",0.01,9,5,0.5,30,0.253189337429716,0.150599909237695,-Inf
"2153",0.05,9,5,0.5,30,0.255767487636741,0.153168827354342,-Inf
"2154",0.1,9,5,0.5,30,0.252994491159657,0.145618915185678,-Inf
"2155",0.15,9,5,0.5,30,0.263593985295416,0.157837510348799,-Inf
"2156",0.2,9,5,0.5,30,0.255093944789423,0.154326423995692,-Inf
"2157",0.25,9,5,0.5,30,0.249643759338082,0.152846817823445,-Inf
"2158",0.3,9,5,0.5,30,0.259813512290946,0.157853376450643,-Inf
"2159",0.35,9,5,0.5,30,0.261211452423965,0.158935284967017,-Inf
"2160",0.4,9,5,0.5,30,0.247126482682507,0.142421616444929,-Inf
"2161",0.01,3,1,0.6,30,0.251806672870038,0.144620028055379,-Inf
"2162",0.05,3,1,0.6,30,0.255525492235573,0.146208168782131,-Inf
"2163",0.1,3,1,0.6,30,0.248376447323593,0.140350085820335,-Inf
"2164",0.15,3,1,0.6,30,0.245712660509294,0.142649359862745,-Inf
"2165",0.2,3,1,0.6,30,0.250509557049967,0.13730861656916,-Inf
"2166",0.25,3,1,0.6,30,0.252287385613483,0.150330060631705,-Inf
"2167",0.3,3,1,0.6,30,0.244608366055854,0.140036670880078,-Inf
"2168",0.35,3,1,0.6,30,0.250581718436767,0.145556399851892,-Inf
"2169",0.4,3,1,0.6,30,0.251966045629974,0.134937749554229,-Inf
"2170",0.01,6,1,0.6,30,0.250408971550305,0.145096470391548,-Inf
"2171",0.05,6,1,0.6,30,0.250514463285,0.145829433806117,-Inf
"2172",0.1,6,1,0.6,30,0.24713933300615,0.144728275635575,-Inf
"2173",0.15,6,1,0.6,30,0.251699497698113,0.149712922244068,-Inf
"2174",0.2,6,1,0.6,30,0.251329151097176,0.143710987911104,-Inf
"2175",0.25,6,1,0.6,30,0.255598420233515,0.150662491922195,-Inf
"2176",0.3,6,1,0.6,30,0.259789288834375,0.147162925314851,-Inf
"2177",0.35,6,1,0.6,30,0.266905662316325,0.155842996303903,-Inf
"2178",0.4,6,1,0.6,30,0.261317591124807,0.145268297885425,-Inf
"2179",0.01,9,1,0.6,30,0.248281013893335,0.144475299890859,-Inf
"2180",0.05,9,1,0.6,30,0.247049519624916,0.144289769080986,-Inf
"2181",0.1,9,1,0.6,30,0.246008291075881,0.143849382634598,-Inf
"2182",0.15,9,1,0.6,30,0.252020158823346,0.151196340101679,-Inf
"2183",0.2,9,1,0.6,30,0.254643601097278,0.146648019275185,-Inf
"2184",0.25,9,1,0.6,30,0.24962276908361,0.144436643272283,-Inf
"2185",0.3,9,1,0.6,30,0.244687487019298,0.135963746885504,-Inf
"2186",0.35,9,1,0.6,30,0.252677585178282,0.138702611267427,-Inf
"2187",0.4,9,1,0.6,30,0.246088079110926,0.139310074017687,-Inf
"2188",0.01,3,2,0.6,30,0.248899169086961,0.144761987093794,-Inf
"2189",0.05,3,2,0.6,30,0.248406914763819,0.143819496510624,-Inf
"2190",0.1,3,2,0.6,30,0.25288695651799,0.143575040815265,-Inf
"2191",0.15,3,2,0.6,30,0.248801478028116,0.141310342184613,-Inf
"2192",0.2,3,2,0.6,30,0.247541293256065,0.14423290653533,-Inf
"2193",0.25,3,2,0.6,30,0.241190869203193,0.142724556948097,-Inf
"2194",0.3,3,2,0.6,30,0.248113416706253,0.143984394382534,-Inf
"2195",0.35,3,2,0.6,30,0.26741385199255,0.153896208873826,-Inf
"2196",0.4,3,2,0.6,30,0.255715039841336,0.149009011399673,-Inf
"2197",0.01,6,2,0.6,30,0.250678977830085,0.148181681441525,-Inf
"2198",0.05,6,2,0.6,30,0.244137924503213,0.145426082392305,-Inf
"2199",0.1,6,2,0.6,30,0.252162653996757,0.150340170478824,-Inf
"2200",0.15,6,2,0.6,30,0.250147306668611,0.145857775014594,-Inf
"2201",0.2,6,2,0.6,30,0.248478242024592,0.151727297024289,-Inf
"2202",0.25,6,2,0.6,30,0.257725479226736,0.151806933174261,-Inf
"2203",0.3,6,2,0.6,30,0.260623698852938,0.153014208434059,-Inf
"2204",0.35,6,2,0.6,30,0.236894464674523,0.13899213922812,-Inf
"2205",0.4,6,2,0.6,30,0.257765647103928,0.15317940397496,-Inf
"2206",0.01,9,2,0.6,30,0.253301574439315,0.149072705827592,-Inf
"2207",0.05,9,2,0.6,30,0.243902965567647,0.144999872376434,-Inf
"2208",0.1,9,2,0.6,30,0.249422437339122,0.146510803228752,-Inf
"2209",0.15,9,2,0.6,30,0.24959795223668,0.149419993131718,-Inf
"2210",0.2,9,2,0.6,30,0.249640752734682,0.151055848626135,-Inf
"2211",0.25,9,2,0.6,30,0.232329829369056,0.141597288117898,-Inf
"2212",0.3,9,2,0.6,30,0.254097507542448,0.154353466020515,-Inf
"2213",0.35,9,2,0.6,30,0.247308507756036,0.141797677240233,-Inf
"2214",0.4,9,2,0.6,30,0.256876148186975,0.146052390595115,-Inf
"2215",0.01,3,3,0.6,30,0.250771576064054,0.147972673322858,-Inf
"2216",0.05,3,3,0.6,30,0.247486084851531,0.143725321628148,-Inf
"2217",0.1,3,3,0.6,30,0.252908917882391,0.149594136510653,-Inf
"2218",0.15,3,3,0.6,30,0.249960510530601,0.147883657259093,-Inf
"2219",0.2,3,3,0.6,30,0.242564973581834,0.14049336360816,-Inf
"2220",0.25,3,3,0.6,30,0.252855081785638,0.14645377042203,-Inf
"2221",0.3,3,3,0.6,30,0.25980552327541,0.147010002129281,-Inf
"2222",0.35,3,3,0.6,30,0.257945805371107,0.151388494565311,-Inf
"2223",0.4,3,3,0.6,30,0.265123055627301,0.154577017797673,-Inf
"2224",0.01,6,3,0.6,30,0.250888811744147,0.148660817959985,-Inf
"2225",0.05,6,3,0.6,30,0.247670555815627,0.145267303917934,-Inf
"2226",0.1,6,3,0.6,30,0.248662361490743,0.15002731149627,-Inf
"2227",0.15,6,3,0.6,30,0.24869777599885,0.141072456063343,-Inf
"2228",0.2,6,3,0.6,30,0.249347210743331,0.152951673051303,-Inf
"2229",0.25,6,3,0.6,30,0.234664052679506,0.136532637332996,-Inf
"2230",0.3,6,3,0.6,30,0.235154497664512,0.142917807687829,-Inf
"2231",0.35,6,3,0.6,30,0.251528208316925,0.143944777887602,-Inf
"2232",0.4,6,3,0.6,30,0.234918190209613,0.138099919100776,-Inf
"2233",0.01,9,3,0.6,30,0.251904264892788,0.147940638056377,-Inf
"2234",0.05,9,3,0.6,30,0.251537178275153,0.150405947787339,-Inf
"2235",0.1,9,3,0.6,30,0.251033599413617,0.150279704071201,-Inf
"2236",0.15,9,3,0.6,30,0.245045396051627,0.14672704608465,-Inf
"2237",0.2,9,3,0.6,30,0.254161616561531,0.145534596758065,-Inf
"2238",0.25,9,3,0.6,30,0.258854077071319,0.146674673444558,-Inf
"2239",0.3,9,3,0.6,30,0.248787597574778,0.14541838125974,-Inf
"2240",0.35,9,3,0.6,30,0.251854182194515,0.152940124607243,-Inf
"2241",0.4,9,3,0.6,30,0.266927785021554,0.153902343964124,-Inf
"2242",0.01,3,4,0.6,30,0.253589698336856,0.149770842731546,-Inf
"2243",0.05,3,4,0.6,30,0.251502203223072,0.150324765742942,-Inf
"2244",0.1,3,4,0.6,30,0.249635700783399,0.147328669511659,-Inf
"2245",0.15,3,4,0.6,30,0.243545648983632,0.139166459348844,-Inf
"2246",0.2,3,4,0.6,30,0.24362652939234,0.143180296408914,-Inf
"2247",0.25,3,4,0.6,30,0.238063086925105,0.141949057669117,-Inf
"2248",0.3,3,4,0.6,30,0.250293047233099,0.150009922122826,-Inf
"2249",0.35,3,4,0.6,30,0.260023772768061,0.157397863489116,-Inf
"2250",0.4,3,4,0.6,30,0.248870974885915,0.151059906087778,-Inf
"2251",0.01,6,4,0.6,30,0.251818995734795,0.149435216058006,-Inf
"2252",0.05,6,4,0.6,30,0.249240445904546,0.14824938655614,-Inf
"2253",0.1,6,4,0.6,30,0.249984134339134,0.145700801003233,-Inf
"2254",0.15,6,4,0.6,30,0.243537090766638,0.14705812525011,-Inf
"2255",0.2,6,4,0.6,30,0.253568192316899,0.152531868642842,-Inf
"2256",0.25,6,4,0.6,30,0.253200956266771,0.151402562986824,-Inf
"2257",0.3,6,4,0.6,30,0.232203663098423,0.144261068903457,-Inf
"2258",0.35,6,4,0.6,30,0.25883073458927,0.154240382374946,-Inf
"2259",0.4,6,4,0.6,30,0.269665646934744,0.149596996334708,-Inf
"2260",0.01,9,4,0.6,30,0.254571190364838,0.151383233949263,-Inf
"2261",0.05,9,4,0.6,30,0.244609475939,0.143320237304717,-Inf
"2262",0.1,9,4,0.6,30,0.260699478452334,0.154361964551889,-Inf
"2263",0.15,9,4,0.6,30,0.249908713351076,0.1495811224618,-Inf
"2264",0.2,9,4,0.6,30,0.264852021202461,0.151463154684645,-Inf
"2265",0.25,9,4,0.6,30,0.241483947814708,0.149831574423947,-Inf
"2266",0.3,9,4,0.6,30,0.258075563806671,0.145202277980519,-Inf
"2267",0.35,9,4,0.6,30,0.241024955567172,0.147809190190881,-Inf
"2268",0.4,9,4,0.6,30,0.254796441487404,0.142834327957896,-Inf
"2269",0.01,3,5,0.6,30,0.255129968688882,0.150897827262634,-Inf
"2270",0.05,3,5,0.6,30,0.246808131355536,0.145367714836432,-Inf
"2271",0.1,3,5,0.6,30,0.251326527857891,0.150750147138951,-Inf
"2272",0.15,3,5,0.6,30,0.242662643303511,0.146133225132673,-Inf
"2273",0.2,3,5,0.6,30,0.250876102958705,0.146559793806829,-Inf
"2274",0.25,3,5,0.6,30,0.258585579298115,0.157491975348051,-Inf
"2275",0.3,3,5,0.6,30,0.265311106873329,0.153027173934253,-Inf
"2276",0.35,3,5,0.6,30,0.264497942633613,0.160121598889881,-Inf
"2277",0.4,3,5,0.6,30,0.236594559618333,0.14227730472338,-Inf
"2278",0.01,6,5,0.6,30,0.253021754389188,0.150464351002035,-Inf
"2279",0.05,6,5,0.6,30,0.251972642897009,0.14887782954711,-Inf
"2280",0.1,6,5,0.6,30,0.245682151510758,0.145947014263162,-Inf
"2281",0.15,6,5,0.6,30,0.249885575642153,0.147915353620643,-Inf
"2282",0.2,6,5,0.6,30,0.249409103924423,0.152451955961597,-Inf
"2283",0.25,6,5,0.6,30,0.259739514208293,0.157522885442621,-Inf
"2284",0.3,6,5,0.6,30,0.259483526834592,0.1535237011147,-Inf
"2285",0.35,6,5,0.6,30,0.24269818170804,0.142668706215232,-Inf
"2286",0.4,6,5,0.6,30,0.252542407335309,0.153466924341276,-Inf
"2287",0.01,9,5,0.6,30,0.25632252406318,0.151910076095269,-Inf
"2288",0.05,9,5,0.6,30,0.25250749884533,0.147360504686375,-Inf
"2289",0.1,9,5,0.6,30,0.242259539949325,0.145148487085003,-Inf
"2290",0.15,9,5,0.6,30,0.24617419990969,0.143993477794174,-Inf
"2291",0.2,9,5,0.6,30,0.248683899003587,0.153908060848855,-Inf
"2292",0.25,9,5,0.6,30,0.245529780615893,0.153192157945913,-Inf
"2293",0.3,9,5,0.6,30,0.258499090658616,0.157425541225237,-Inf
"2294",0.35,9,5,0.6,30,0.244354675343419,0.148403105640625,-Inf
"2295",0.4,9,5,0.6,30,0.260479566138072,0.152758461683535,-Inf
"2296",0.01,3,1,0.7,30,0.251905431010717,0.14347716145989,-Inf
"2297",0.05,3,1,0.7,30,0.248343040509775,0.138681118658021,-Inf
"2298",0.1,3,1,0.7,30,0.243317724212631,0.141606061748572,-Inf
"2299",0.15,3,1,0.7,30,0.242754942978983,0.141107610810233,-Inf
"2300",0.2,3,1,0.7,30,0.248258003844373,0.144683444002892,-Inf
"2301",0.25,3,1,0.7,30,0.24965707791193,0.145224761830076,-Inf
"2302",0.3,3,1,0.7,30,0.252579133227606,0.147686050668938,-Inf
"2303",0.35,3,1,0.7,30,0.244477888559125,0.140743566323045,-Inf
"2304",0.4,3,1,0.7,30,0.257508654198091,0.141146172833398,-Inf
"2305",0.01,6,1,0.7,30,0.244787838075749,0.142329702397043,-Inf
"2306",0.05,6,1,0.7,30,0.247182699615564,0.144364714710963,-Inf
"2307",0.1,6,1,0.7,30,0.248327919883245,0.138419386699323,-Inf
"2308",0.15,6,1,0.7,30,0.247411396866534,0.13993431610743,-Inf
"2309",0.2,6,1,0.7,30,0.247109961450968,0.138206126170426,-Inf
"2310",0.25,6,1,0.7,30,0.244778857312546,0.141187661650928,-Inf
"2311",0.3,6,1,0.7,30,0.249269697422042,0.140327213137549,-Inf
"2312",0.35,6,1,0.7,30,0.254969024639941,0.148147175076259,-Inf
"2313",0.4,6,1,0.7,30,0.248386701277462,0.144519556169618,-Inf
"2314",0.01,9,1,0.7,30,0.241276011821073,0.139026429504151,-Inf
"2315",0.05,9,1,0.7,30,0.246015638312436,0.14292174366211,-Inf
"2316",0.1,9,1,0.7,30,0.238263234568525,0.137291652700568,-Inf
"2317",0.15,9,1,0.7,30,0.241420966561411,0.143367036265426,-Inf
"2318",0.2,9,1,0.7,30,0.263317140752558,0.149018019573622,-Inf
"2319",0.25,9,1,0.7,30,0.265746891634336,0.1543782402406,-Inf
"2320",0.3,9,1,0.7,30,0.240360156905017,0.130960974912065,-Inf
"2321",0.35,9,1,0.7,30,0.258955154844451,0.141412414000998,-Inf
"2322",0.4,9,1,0.7,30,0.246859000469751,0.144534687803779,-Inf
"2323",0.01,3,2,0.7,30,0.254421126462841,0.147453139601617,-Inf
"2324",0.05,3,2,0.7,30,0.248811228504406,0.145482358587907,-Inf
"2325",0.1,3,2,0.7,30,0.249701472698972,0.143355317639259,-Inf
"2326",0.15,3,2,0.7,30,0.239419004910478,0.140085676580415,-Inf
"2327",0.2,3,2,0.7,30,0.245481728001908,0.140992667186306,-Inf
"2328",0.25,3,2,0.7,30,0.248525189828007,0.150504701743278,-Inf
"2329",0.3,3,2,0.7,30,0.241533565614707,0.144692961432728,-Inf
"2330",0.35,3,2,0.7,30,0.251361481121029,0.144997552609044,-Inf
"2331",0.4,3,2,0.7,30,0.248633727489583,0.138733996686443,-Inf
"2332",0.01,6,2,0.7,30,0.248126208687623,0.146770504432819,-Inf
"2333",0.05,6,2,0.7,30,0.24570298467788,0.143822774954668,-Inf
"2334",0.1,6,2,0.7,30,0.248100941831723,0.147887542492981,-Inf
"2335",0.15,6,2,0.7,30,0.241276311351441,0.136940034764027,-Inf
"2336",0.2,6,2,0.7,30,0.245242983220716,0.142341983481721,-Inf
"2337",0.25,6,2,0.7,30,0.233215546320493,0.134442301798465,-Inf
"2338",0.3,6,2,0.7,30,0.247753122165963,0.142594918496187,-Inf
"2339",0.35,6,2,0.7,30,0.255202821464243,0.152059679167416,-Inf
"2340",0.4,6,2,0.7,30,0.257736008185389,0.149925786481488,-Inf
"2341",0.01,9,2,0.7,30,0.249832230843834,0.147035578044895,-Inf
"2342",0.05,9,2,0.7,30,0.24863383094139,0.145183467907031,-Inf
"2343",0.1,9,2,0.7,30,0.245277402690165,0.140904373854151,-Inf
"2344",0.15,9,2,0.7,30,0.243921301801022,0.146501651042195,-Inf
"2345",0.2,9,2,0.7,30,0.244915296575668,0.147131506916844,-Inf
"2346",0.25,9,2,0.7,30,0.236744350205351,0.139084877070287,-Inf
"2347",0.3,9,2,0.7,30,0.254524039696299,0.160847657890762,-Inf
"2348",0.35,9,2,0.7,30,0.246096814424142,0.140328764456422,-Inf
"2349",0.4,9,2,0.7,30,0.279867305464586,0.161659395345944,-Inf
"2350",0.01,3,3,0.7,30,0.251567184692432,0.147171131639099,-Inf
"2351",0.05,3,3,0.7,30,0.2491984742051,0.14160933549887,-Inf
"2352",0.1,3,3,0.7,30,0.243488464531072,0.146599044297817,-Inf
"2353",0.15,3,3,0.7,30,0.258509007055708,0.152686357290965,-Inf
"2354",0.2,3,3,0.7,30,0.25522200761638,0.144065193714138,-Inf
"2355",0.25,3,3,0.7,30,0.255922014806443,0.14531382638879,-Inf
"2356",0.3,3,3,0.7,30,0.252965266666433,0.141828826089163,-Inf
"2357",0.35,3,3,0.7,30,0.252378186793344,0.144883895022442,-Inf
"2358",0.4,3,3,0.7,30,0.241598573902647,0.149161660726863,-Inf
"2359",0.01,6,3,0.7,30,0.252487624057184,0.150249011279337,-Inf
"2360",0.05,6,3,0.7,30,0.251106303058275,0.150090904188373,-Inf
"2361",0.1,6,3,0.7,30,0.252126326699496,0.149992537236364,-Inf
"2362",0.15,6,3,0.7,30,0.247932550186562,0.149980036729644,-Inf
"2363",0.2,6,3,0.7,30,0.254746663982427,0.143607122447399,-Inf
"2364",0.25,6,3,0.7,30,0.243170235946423,0.144624559710114,-Inf
"2365",0.3,6,3,0.7,30,0.240384046461786,0.141422036176261,-Inf
"2366",0.35,6,3,0.7,30,0.256045528117768,0.157021873835067,-Inf
"2367",0.4,6,3,0.7,30,0.257134241227746,0.150562313883642,-Inf
"2368",0.01,9,3,0.7,30,0.253024155549467,0.148213804341957,-Inf
"2369",0.05,9,3,0.7,30,0.245116236117526,0.146168414278601,-Inf
"2370",0.1,9,3,0.7,30,0.244736942788523,0.147156207616843,-Inf
"2371",0.15,9,3,0.7,30,0.248494598027492,0.151993450670169,-Inf
"2372",0.2,9,3,0.7,30,0.248906142093501,0.145916568889586,-Inf
"2373",0.25,9,3,0.7,30,0.255464192820173,0.14450881800567,-Inf
"2374",0.3,9,3,0.7,30,0.269430041254453,0.155014501484459,-Inf
"2375",0.35,9,3,0.7,30,0.255712489111749,0.149854705739164,-Inf
"2376",0.4,9,3,0.7,30,0.251382758261185,0.151227291882706,-Inf
"2377",0.01,3,4,0.7,30,0.250627441333068,0.147754523964341,-Inf
"2378",0.05,3,4,0.7,30,0.252003171888748,0.148477727710335,-Inf
"2379",0.1,3,4,0.7,30,0.244202463646831,0.148324148015444,-Inf
"2380",0.15,3,4,0.7,30,0.246394485989522,0.1455606857756,-Inf
"2381",0.2,3,4,0.7,30,0.253138157578893,0.146094483375526,-Inf
"2382",0.25,3,4,0.7,30,0.260276634652445,0.153722402326375,-Inf
"2383",0.3,3,4,0.7,30,0.244941771548902,0.14847918898011,-Inf
"2384",0.35,3,4,0.7,30,0.266987545972105,0.154756684440016,-Inf
"2385",0.4,3,4,0.7,30,0.240962105091132,0.142271102381224,-Inf
"2386",0.01,6,4,0.7,30,0.252603469324549,0.149142161316484,-Inf
"2387",0.05,6,4,0.7,30,0.246547571103514,0.14721709144101,-Inf
"2388",0.1,6,4,0.7,30,0.25322582552556,0.149264805576893,-Inf
"2389",0.15,6,4,0.7,30,0.252246264909284,0.148640947309691,-Inf
"2390",0.2,6,4,0.7,30,0.251662072292257,0.149586706595581,-Inf
"2391",0.25,6,4,0.7,30,0.250978061468601,0.140260311023372,-Inf
"2392",0.3,6,4,0.7,30,0.253719482780229,0.150934592330182,-Inf
"2393",0.35,6,4,0.7,30,0.266121299745343,0.157133574547406,-Inf
"2394",0.4,6,4,0.7,30,0.253825657859835,0.141601615611367,-Inf
"2395",0.01,9,4,0.7,30,0.252384500568366,0.150489490648009,-Inf
"2396",0.05,9,4,0.7,30,0.247407372367061,0.14751953287072,-Inf
"2397",0.1,9,4,0.7,30,0.253844922040673,0.153504630338214,-Inf
"2398",0.15,9,4,0.7,30,0.246033936294256,0.142795856412561,-Inf
"2399",0.2,9,4,0.7,30,0.248187021163305,0.144695094788802,-Inf
"2400",0.25,9,4,0.7,30,0.246040760282186,0.149057989222624,-Inf
"2401",0.3,9,4,0.7,30,0.245491989446068,0.143477293256173,-Inf
"2402",0.35,9,4,0.7,30,0.269219889014864,0.159870520242941,-Inf
"2403",0.4,9,4,0.7,30,0.26150963047834,0.153784474160752,-Inf
"2404",0.01,3,5,0.7,30,0.253770582264044,0.149566405786486,-Inf
"2405",0.05,3,5,0.7,30,0.247628250170278,0.147883501813349,-Inf
"2406",0.1,3,5,0.7,30,0.24476740804493,0.14678938222384,-Inf
"2407",0.15,3,5,0.7,30,0.24901768652332,0.145005551944018,-Inf
"2408",0.2,3,5,0.7,30,0.249258896233674,0.145377896428776,-Inf
"2409",0.25,3,5,0.7,30,0.238287727849169,0.136941692012245,-Inf
"2410",0.3,3,5,0.7,30,0.259779156924114,0.153058858999612,-Inf
"2411",0.35,3,5,0.7,30,0.237870505247378,0.151384330398802,-Inf
"2412",0.4,3,5,0.7,30,0.244595671999777,0.140312634299217,-Inf
"2413",0.01,6,5,0.7,30,0.255276294469881,0.151366274200166,-Inf
"2414",0.05,6,5,0.7,30,0.248028899408459,0.145603401054451,-Inf
"2415",0.1,6,5,0.7,30,0.244883674132348,0.146706067084769,-Inf
"2416",0.15,6,5,0.7,30,0.252072171455299,0.149097197846299,-Inf
"2417",0.2,6,5,0.7,30,0.255385934997713,0.152176998295905,-Inf
"2418",0.25,6,5,0.7,30,0.244048428257784,0.147013954707716,-Inf
"2419",0.3,6,5,0.7,30,0.252814910919984,0.142497474978712,-Inf
"2420",0.35,6,5,0.7,30,0.250990800123412,0.145369280989178,-Inf
"2421",0.4,6,5,0.7,30,0.257979963300334,0.158200079750023,-Inf
"2422",0.01,9,5,0.7,30,0.254935974464783,0.153761491095363,-Inf
"2423",0.05,9,5,0.7,30,0.245012341368389,0.147094465752024,-Inf
"2424",0.1,9,5,0.7,30,0.251681000864222,0.152356133129897,-Inf
"2425",0.15,9,5,0.7,30,0.255197361036096,0.15048869357164,-Inf
"2426",0.2,9,5,0.7,30,0.247426555250514,0.147744304269883,-Inf
"2427",0.25,9,5,0.7,30,0.252402693421767,0.150016428103,-Inf
"2428",0.3,9,5,0.7,30,0.251456127033616,0.141070051567912,-Inf
"2429",0.35,9,5,0.7,30,0.262010423707885,0.159986206379493,-Inf
"2430",0.4,9,5,0.7,30,0.253818002776031,0.149294045905785,-Inf
"2431",0.01,3,1,0.8,30,0.251732636683002,0.144248602126778,-Inf
"2432",0.05,3,1,0.8,30,0.247162543449964,0.138652344195996,-Inf
"2433",0.1,3,1,0.8,30,0.25533158233156,0.146620507969977,-Inf
"2434",0.15,3,1,0.8,30,0.248672219486344,0.144766902855251,-Inf
"2435",0.2,3,1,0.8,30,0.25135928428984,0.145676361239797,-Inf
"2436",0.25,3,1,0.8,30,0.261251390453379,0.14405972676198,-Inf
"2437",0.3,3,1,0.8,30,0.245936045670442,0.141513094503818,-Inf
"2438",0.35,3,1,0.8,30,0.243463134707939,0.136568699861587,-Inf
"2439",0.4,3,1,0.8,30,0.261145384125736,0.145620127425113,-Inf
"2440",0.01,6,1,0.8,30,0.240364223011746,0.139460990639196,-Inf
"2441",0.05,6,1,0.8,30,0.241920816482117,0.139508248438743,-Inf
"2442",0.1,6,1,0.8,30,0.236268844534364,0.133555921239668,-Inf
"2443",0.15,6,1,0.8,30,0.235284980313398,0.140105448913039,-Inf
"2444",0.2,6,1,0.8,30,0.257670156236489,0.149561757166702,-Inf
"2445",0.25,6,1,0.8,30,0.246161959540732,0.140753961671431,-Inf
"2446",0.3,6,1,0.8,30,0.260327800782647,0.14627816842138,-Inf
"2447",0.35,6,1,0.8,30,0.280427155745176,0.159890510214907,-Inf
"2448",0.4,6,1,0.8,30,0.255022373244102,0.146184079104877,-Inf
"2449",0.01,9,1,0.8,30,0.240209610309551,0.139153326741259,-Inf
"2450",0.05,9,1,0.8,30,0.240681678827417,0.139371425416656,-Inf
"2451",0.1,9,1,0.8,30,0.2317012397598,0.136938071676956,-Inf
"2452",0.15,9,1,0.8,30,0.234292043631153,0.13474146348898,-Inf
"2453",0.2,9,1,0.8,30,0.249146213071803,0.142890203571335,-Inf
"2454",0.25,9,1,0.8,30,0.242344571719029,0.142661720646918,-Inf
"2455",0.3,9,1,0.8,30,0.260812024020701,0.149627582113123,-Inf
"2456",0.35,9,1,0.8,30,0.256525099083343,0.140921315218647,-Inf
"2457",0.4,9,1,0.8,30,0.254682371647315,0.143573003797452,-Inf
"2458",0.01,3,2,0.8,30,0.250894202324894,0.14450040474458,-Inf
"2459",0.05,3,2,0.8,30,0.24992081216718,0.1465453093716,-Inf
"2460",0.1,3,2,0.8,30,0.248550498037865,0.145847970589429,-Inf
"2461",0.15,3,2,0.8,30,0.247650465096597,0.144498353990062,-Inf
"2462",0.2,3,2,0.8,30,0.252258984617881,0.151455436239003,-Inf
"2463",0.25,3,2,0.8,30,0.258523943133592,0.147711192802293,-Inf
"2464",0.3,3,2,0.8,30,0.233478132888969,0.133570705853521,-Inf
"2465",0.35,3,2,0.8,30,0.264735562569287,0.157246317527502,-Inf
"2466",0.4,3,2,0.8,30,0.2602555850384,0.148270561606305,-Inf
"2467",0.01,6,2,0.8,30,0.246471044765995,0.144918002709939,-Inf
"2468",0.05,6,2,0.8,30,0.240604422602916,0.142688239602944,-Inf
"2469",0.1,6,2,0.8,30,0.251808954236695,0.143245624993931,-Inf
"2470",0.15,6,2,0.8,30,0.252905073605483,0.14963453406749,-Inf
"2471",0.2,6,2,0.8,30,0.256564293778007,0.141782713947882,-Inf
"2472",0.25,6,2,0.8,30,0.257686593907861,0.148856874099194,-Inf
"2473",0.3,6,2,0.8,30,0.246847822617831,0.145291219375939,-Inf
"2474",0.35,6,2,0.8,30,0.285872601240784,0.164099873842085,-Inf
"2475",0.4,6,2,0.8,30,0.241573432313932,0.140920553216515,-Inf
"2476",0.01,9,2,0.8,30,0.246484789554042,0.144539373118006,-Inf
"2477",0.05,9,2,0.8,30,0.243764297820453,0.144426790266374,-Inf
"2478",0.1,9,2,0.8,30,0.241897777218029,0.144296854148036,-Inf
"2479",0.15,9,2,0.8,30,0.243764531471187,0.145351268598602,-Inf
"2480",0.2,9,2,0.8,30,0.254321549707493,0.146086609922284,-Inf
"2481",0.25,9,2,0.8,30,0.252530705373174,0.144928928158774,-Inf
"2482",0.3,9,2,0.8,30,0.243744261526922,0.140804208280855,-Inf
"2483",0.35,9,2,0.8,30,0.255941364632217,0.149547177189367,-Inf
"2484",0.4,9,2,0.8,30,0.263270511562848,0.156186698625432,-Inf
"2485",0.01,3,3,0.8,30,0.251035434098293,0.148632008647724,-Inf
"2486",0.05,3,3,0.8,30,0.247904999097754,0.14627823001456,-Inf
"2487",0.1,3,3,0.8,30,0.246502658627621,0.142935976901052,-Inf
"2488",0.15,3,3,0.8,30,0.240520866579566,0.140512468876197,-Inf
"2489",0.2,3,3,0.8,30,0.238806459622626,0.136615021609,-Inf
"2490",0.25,3,3,0.8,30,0.257482830587502,0.151026712163048,-Inf
"2491",0.3,3,3,0.8,30,0.25794283169689,0.14703283244224,-Inf
"2492",0.35,3,3,0.8,30,0.249449578450196,0.141877000590213,-Inf
"2493",0.4,3,3,0.8,30,0.244061579393472,0.139786236949276,-Inf
"2494",0.01,6,3,0.8,30,0.251333707773496,0.14953185750734,-Inf
"2495",0.05,6,3,0.8,30,0.25183884903841,0.150460699371932,-Inf
"2496",0.1,6,3,0.8,30,0.248818419720052,0.148225696369651,-Inf
"2497",0.15,6,3,0.8,30,0.254876872513524,0.148685090932772,-Inf
"2498",0.2,6,3,0.8,30,0.259275759630983,0.145638553328739,-Inf
"2499",0.25,6,3,0.8,30,0.251246673204414,0.147864580261202,-Inf
"2500",0.3,6,3,0.8,30,0.262262650762625,0.147089066617002,-Inf
"2501",0.35,6,3,0.8,30,0.280542089081372,0.166044037814018,-Inf
"2502",0.4,6,3,0.8,30,0.276952527086236,0.154990784962001,-Inf
"2503",0.01,9,3,0.8,30,0.253361961028884,0.150580562835373,-Inf
"2504",0.05,9,3,0.8,30,0.252268277245894,0.151753747942498,-Inf
"2505",0.1,9,3,0.8,30,0.242979916143141,0.142378225471487,-Inf
"2506",0.15,9,3,0.8,30,0.251259783689121,0.148728266034245,-Inf
"2507",0.2,9,3,0.8,30,0.258052588620984,0.154826196597976,-Inf
"2508",0.25,9,3,0.8,30,0.252256697932974,0.15126540714218,-Inf
"2509",0.3,9,3,0.8,30,0.261303609239107,0.148990279459179,-Inf
"2510",0.35,9,3,0.8,30,0.270909533984952,0.155466536696102,-Inf
"2511",0.4,9,3,0.8,30,0.260403027042363,0.148798987401988,-Inf
"2512",0.01,3,4,0.8,30,0.247969180959461,0.146445827004964,-Inf
"2513",0.05,3,4,0.8,30,0.246581733216887,0.146637354768372,-Inf
"2514",0.1,3,4,0.8,30,0.246059312093019,0.146530230725995,-Inf
"2515",0.15,3,4,0.8,30,0.251482111866384,0.149953268307381,-Inf
"2516",0.2,3,4,0.8,30,0.245629467338549,0.145606173631969,-Inf
"2517",0.25,3,4,0.8,30,0.241661150234353,0.146455088168784,-Inf
"2518",0.3,3,4,0.8,30,0.243792026242135,0.141710354185464,-Inf
"2519",0.35,3,4,0.8,30,0.241032452860804,0.138035358101809,-Inf
"2520",0.4,3,4,0.8,30,0.259807559426363,0.153605596699423,-Inf
"2521",0.01,6,4,0.8,30,0.248994124629746,0.147882482491595,-Inf
"2522",0.05,6,4,0.8,30,0.252470207181436,0.150504073148638,-Inf
"2523",0.1,6,4,0.8,30,0.248417468804473,0.151604699228812,-Inf
"2524",0.15,6,4,0.8,30,0.24749195947861,0.149135024693109,-Inf
"2525",0.2,6,4,0.8,30,0.254275628778261,0.152857972333653,-Inf
"2526",0.25,6,4,0.8,30,0.251396763495211,0.143712083478289,-Inf
"2527",0.3,6,4,0.8,30,0.242697968834776,0.141992882785963,-Inf
"2528",0.35,6,4,0.8,30,0.253078840450823,0.146132228681451,-Inf
"2529",0.4,6,4,0.8,30,0.25105373211403,0.153314647999135,-Inf
"2530",0.01,9,4,0.8,30,0.251169160863711,0.149649750355854,-Inf
"2531",0.05,9,4,0.8,30,0.248106869369617,0.14768283337207,-Inf
"2532",0.1,9,4,0.8,30,0.244154993334014,0.142234083073159,-Inf
"2533",0.15,9,4,0.8,30,0.25058248294304,0.145636231959084,-Inf
"2534",0.2,9,4,0.8,30,0.256643022961101,0.149182177968781,-Inf
"2535",0.25,9,4,0.8,30,0.250512518843172,0.14669551512275,-Inf
"2536",0.3,9,4,0.8,30,0.23551032616552,0.139726957917223,-Inf
"2537",0.35,9,4,0.8,30,0.258944297460801,0.146695449369967,-Inf
"2538",0.4,9,4,0.8,30,0.251036551067678,0.143241355018038,-Inf
"2539",0.01,3,5,0.8,30,0.252759072464524,0.150612946369135,-Inf
"2540",0.05,3,5,0.8,30,0.251822850336532,0.149014931429537,-Inf
"2541",0.1,3,5,0.8,30,0.248567931439495,0.147961929010117,-Inf
"2542",0.15,3,5,0.8,30,0.241093091424006,0.141870737873061,-Inf
"2543",0.2,3,5,0.8,30,0.246841213642285,0.143387042031474,-Inf
"2544",0.25,3,5,0.8,30,0.253392225556904,0.147874849054613,-Inf
"2545",0.3,3,5,0.8,30,0.247172849845504,0.145070443560291,-Inf
"2546",0.35,3,5,0.8,30,0.253217473286775,0.149972450484364,-Inf
"2547",0.4,3,5,0.8,30,0.259838414408332,0.150289512979644,-Inf
"2548",0.01,6,5,0.8,30,0.253346244992247,0.150577973755913,-Inf
"2549",0.05,6,5,0.8,30,0.249005312843484,0.150039496340685,-Inf
"2550",0.1,6,5,0.8,30,0.243893544633881,0.145460797173114,-Inf
"2551",0.15,6,5,0.8,30,0.251315265385701,0.153828539304267,-Inf
"2552",0.2,6,5,0.8,30,0.252309883029604,0.144472644388465,-Inf
"2553",0.25,6,5,0.8,30,0.245974394339342,0.136933785645975,-Inf
"2554",0.3,6,5,0.8,30,0.255493365465422,0.142304229149841,-Inf
"2555",0.35,6,5,0.8,30,0.258516962792457,0.15512446184591,-Inf
"2556",0.4,6,5,0.8,30,0.239068861360458,0.14029631016915,-Inf
"2557",0.01,9,5,0.8,30,0.253009036466338,0.151956145858273,-Inf
"2558",0.05,9,5,0.8,30,0.24786481069898,0.149927974176269,-Inf
"2559",0.1,9,5,0.8,30,0.254191931533592,0.151849544064135,-Inf
"2560",0.15,9,5,0.8,30,0.250270656933076,0.146670541639062,-Inf
"2561",0.2,9,5,0.8,30,0.25232489681512,0.15302815747745,-Inf
"2562",0.25,9,5,0.8,30,0.252029460941332,0.147798860656672,-Inf
"2563",0.3,9,5,0.8,30,0.260296884418347,0.160571049817653,-Inf
"2564",0.35,9,5,0.8,30,0.251971144207636,0.143342830057221,-Inf
"2565",0.4,9,5,0.8,30,0.265972383488488,0.153043616395037,-Inf
"2566",0.01,3,1,0.9,30,0.248302563620232,0.141727634076901,-Inf
"2567",0.05,3,1,0.9,30,0.239596428992746,0.135873695626834,-Inf
"2568",0.1,3,1,0.9,30,0.24069806728168,0.135616302249362,-Inf
"2569",0.15,3,1,0.9,30,0.244330050962791,0.140956942235884,-Inf
"2570",0.2,3,1,0.9,30,0.237194258496015,0.130644911139631,-Inf
"2571",0.25,3,1,0.9,30,0.246716052718507,0.146443787638028,-Inf
"2572",0.3,3,1,0.9,30,0.249381312046932,0.139804487283097,-Inf
"2573",0.35,3,1,0.9,30,0.241637858693797,0.133429712380688,-Inf
"2574",0.4,3,1,0.9,30,0.243835023306593,0.142089903693462,-Inf
"2575",0.01,6,1,0.9,30,0.240001397561716,0.139908535116532,-Inf
"2576",0.05,6,1,0.9,30,0.236701241291383,0.138579566562089,-Inf
"2577",0.1,6,1,0.9,30,0.248631833608913,0.145873212784303,-Inf
"2578",0.15,6,1,0.9,30,0.248543088330605,0.145760363758685,-Inf
"2579",0.2,6,1,0.9,30,0.240322003057275,0.136189197638878,-Inf
"2580",0.25,6,1,0.9,30,0.23758455868588,0.135898854010434,-Inf
"2581",0.3,6,1,0.9,30,0.235981541964239,0.134581220673676,-Inf
"2582",0.35,6,1,0.9,30,0.248837435758314,0.142123004485745,-Inf
"2583",0.4,6,1,0.9,30,0.265537093943475,0.150087325745339,-Inf
"2584",0.01,9,1,0.9,30,0.236754477876726,0.135211064875013,-Inf
"2585",0.05,9,1,0.9,30,0.236709647757422,0.139536018630046,-Inf
"2586",0.1,9,1,0.9,30,0.234753403983576,0.135003958287164,-Inf
"2587",0.15,9,1,0.9,30,0.237094829164128,0.138580871331164,-Inf
"2588",0.2,9,1,0.9,30,0.246125965335253,0.147612351005073,-Inf
"2589",0.25,9,1,0.9,30,0.253834686362361,0.149520469503434,-Inf
"2590",0.3,9,1,0.9,30,0.239596721938516,0.137441635959381,-Inf
"2591",0.35,9,1,0.9,30,0.251557021780717,0.140358049086119,-Inf
"2592",0.4,9,1,0.9,30,0.248780011923384,0.146290870867481,-Inf
"2593",0.01,3,2,0.9,30,0.249003121034662,0.145840594567881,-Inf
"2594",0.05,3,2,0.9,30,0.236702322097439,0.143156013088159,-Inf
"2595",0.1,3,2,0.9,30,0.236934839236047,0.141847260935282,-Inf
"2596",0.15,3,2,0.9,30,0.240300305547918,0.136675176451764,-Inf
"2597",0.2,3,2,0.9,30,0.243823177425217,0.148292149329754,-Inf
"2598",0.25,3,2,0.9,30,0.246382403032822,0.14292204528158,-Inf
"2599",0.3,3,2,0.9,30,0.252024055461958,0.148168761173288,-Inf
"2600",0.35,3,2,0.9,30,0.240243300491774,0.136748536681882,-Inf
"2601",0.4,3,2,0.9,30,0.236316642442427,0.128516622715541,-Inf
"2602",0.01,6,2,0.9,30,0.24324317038904,0.143498672014583,-Inf
"2603",0.05,6,2,0.9,30,0.241406024609911,0.14268156973198,-Inf
"2604",0.1,6,2,0.9,30,0.23769400858763,0.137711192376196,-Inf
"2605",0.15,6,2,0.9,30,0.247289619942241,0.141700955929061,-Inf
"2606",0.2,6,2,0.9,30,0.238597749414746,0.13903308121939,-Inf
"2607",0.25,6,2,0.9,30,0.243033088053616,0.135755821369483,-Inf
"2608",0.3,6,2,0.9,30,0.253921080230446,0.149115264122799,-Inf
"2609",0.35,6,2,0.9,30,0.257256764434603,0.148621697350984,-Inf
"2610",0.4,6,2,0.9,30,0.265057169813259,0.154422878119143,-Inf
"2611",0.01,9,2,0.9,30,0.243876755231539,0.142941443243178,-Inf
"2612",0.05,9,2,0.9,30,0.244284190904201,0.142478217959006,-Inf
"2613",0.1,9,2,0.9,30,0.238970259233661,0.139849311372549,-Inf
"2614",0.15,9,2,0.9,30,0.241970404731309,0.144959524415315,-Inf
"2615",0.2,9,2,0.9,30,0.256667020009911,0.154825179325428,-Inf
"2616",0.25,9,2,0.9,30,0.256537188639263,0.155039842793037,-Inf
"2617",0.3,9,2,0.9,30,0.245433623297204,0.135929796472211,-Inf
"2618",0.35,9,2,0.9,30,0.261308630051757,0.149094421038466,-Inf
"2619",0.4,9,2,0.9,30,0.23703410597926,0.132959047347415,-Inf
"2620",0.01,3,3,0.9,30,0.256230944433577,0.152808141190374,-Inf
"2621",0.05,3,3,0.9,30,0.255149988453863,0.151224962111396,-Inf
"2622",0.1,3,3,0.9,30,0.253737816538492,0.149588892447276,-Inf
"2623",0.15,3,3,0.9,30,0.249733945570171,0.146914012658381,-Inf
"2624",0.2,3,3,0.9,30,0.260439583858151,0.152681920386039,-Inf
"2625",0.25,3,3,0.9,30,0.250714400821282,0.144751234991908,-Inf
"2626",0.3,3,3,0.9,30,0.256464207148032,0.147504773828718,-Inf
"2627",0.35,3,3,0.9,30,0.265264375491091,0.1523909960284,-Inf
"2628",0.4,3,3,0.9,30,0.253707268319114,0.145975073211146,-Inf
"2629",0.01,6,3,0.9,30,0.254356513894286,0.150903272510852,-Inf
"2630",0.05,6,3,0.9,30,0.253849891843069,0.148881134397239,-Inf
"2631",0.1,6,3,0.9,30,0.258846785341132,0.154043038110298,-Inf
"2632",0.15,6,3,0.9,30,0.251190574734072,0.14892221013091,-Inf
"2633",0.2,6,3,0.9,30,0.258031533065733,0.156006379433071,-Inf
"2634",0.25,6,3,0.9,30,0.244993930647441,0.14913506733441,-Inf
"2635",0.3,6,3,0.9,30,0.259322081461581,0.152087837995476,-Inf
"2636",0.35,6,3,0.9,30,0.250554448548612,0.146768904935547,-Inf
"2637",0.4,6,3,0.9,30,0.235909802902066,0.14021466614465,-Inf
"2638",0.01,9,3,0.9,30,0.254979204961687,0.152877865172171,-Inf
"2639",0.05,9,3,0.9,30,0.254157270132466,0.1522438884589,-Inf
"2640",0.1,9,3,0.9,30,0.252526766301697,0.149247431291189,-Inf
"2641",0.15,9,3,0.9,30,0.251317120588942,0.149640525191975,-Inf
"2642",0.2,9,3,0.9,30,0.248746292463826,0.146495513044298,-Inf
"2643",0.25,9,3,0.9,30,0.252745656001127,0.151189961230114,-Inf
"2644",0.3,9,3,0.9,30,0.258529414371099,0.154575850805398,-Inf
"2645",0.35,9,3,0.9,30,0.253474387894033,0.139367308016829,-Inf
"2646",0.4,9,3,0.9,30,0.257835694637984,0.145824725991559,-Inf
"2647",0.01,3,4,0.9,30,0.247611259676051,0.146985721129636,-Inf
"2648",0.05,3,4,0.9,30,0.242900998768266,0.143948638734582,-Inf
"2649",0.1,3,4,0.9,30,0.244863238745597,0.145264879259607,-Inf
"2650",0.15,3,4,0.9,30,0.24053576805363,0.144671497886405,-Inf
"2651",0.2,3,4,0.9,30,0.252683144493589,0.148733969504159,-Inf
"2652",0.25,3,4,0.9,30,0.232100769672349,0.135031749746193,-Inf
"2653",0.3,3,4,0.9,30,0.244474158476886,0.147997530556921,-Inf
"2654",0.35,3,4,0.9,30,0.247126234534333,0.140166052518412,-Inf
"2655",0.4,3,4,0.9,30,0.243216775523785,0.136845280826685,-Inf
"2656",0.01,6,4,0.9,30,0.250434949939319,0.149566763141942,-Inf
"2657",0.05,6,4,0.9,30,0.250255681642374,0.147857695546973,-Inf
"2658",0.1,6,4,0.9,30,0.245371060254968,0.145718399887886,-Inf
"2659",0.15,6,4,0.9,30,0.2525652155739,0.150774060849678,-Inf
"2660",0.2,6,4,0.9,30,0.240579485779258,0.145947912624338,-Inf
"2661",0.25,6,4,0.9,30,0.254271310476104,0.147717009013266,-Inf
"2662",0.3,6,4,0.9,30,0.249547567080221,0.147308965060025,-Inf
"2663",0.35,6,4,0.9,30,0.255128381249926,0.149138414068434,-Inf
"2664",0.4,6,4,0.9,30,0.254479289359156,0.148993071442375,-Inf
"2665",0.01,9,4,0.9,30,0.252026797889146,0.15183322034973,-Inf
"2666",0.05,9,4,0.9,30,0.25516005988921,0.152372575673862,-Inf
"2667",0.1,9,4,0.9,30,0.250111591654963,0.151091760458567,-Inf
"2668",0.15,9,4,0.9,30,0.25276529353148,0.148636561785598,-Inf
"2669",0.2,9,4,0.9,30,0.23976027070706,0.140502369354448,-Inf
"2670",0.25,9,4,0.9,30,0.251813227574092,0.148139444074189,-Inf
"2671",0.3,9,4,0.9,30,0.249712700457299,0.142118134754295,-Inf
"2672",0.35,9,4,0.9,30,0.254683508265735,0.149784741566323,-Inf
"2673",0.4,9,4,0.9,30,0.255533094354806,0.145332915813824,-Inf
"2674",0.01,3,5,0.9,30,0.249511656450667,0.14765724506025,-Inf
"2675",0.05,3,5,0.9,30,0.24782987101573,0.147147898613871,-Inf
"2676",0.1,3,5,0.9,30,0.248514960036738,0.145119592731109,-Inf
"2677",0.15,3,5,0.9,30,0.250950623699764,0.148259512811903,-Inf
"2678",0.2,3,5,0.9,30,0.249675604694502,0.151869260935959,-Inf
"2679",0.25,3,5,0.9,30,0.246452752390119,0.146030810611658,-Inf
"2680",0.3,3,5,0.9,30,0.234113030591551,0.141988738945023,-Inf
"2681",0.35,3,5,0.9,30,0.240583349989094,0.139716201735061,-Inf
"2682",0.4,3,5,0.9,30,0.255528208894195,0.146801095345836,-Inf
"2683",0.01,6,5,0.9,30,0.253001189816972,0.15176781983938,-Inf
"2684",0.05,6,5,0.9,30,0.248605636048751,0.148007432297569,-Inf
"2685",0.1,6,5,0.9,30,0.243088601955743,0.143312320475275,-Inf
"2686",0.15,6,5,0.9,30,0.250877025421598,0.152269722377128,-Inf
"2687",0.2,6,5,0.9,30,0.239786077198264,0.143889244568368,-Inf
"2688",0.25,6,5,0.9,30,0.233642223998838,0.133083321226132,-Inf
"2689",0.3,6,5,0.9,30,0.260109052320091,0.150675042737862,-Inf
"2690",0.35,6,5,0.9,30,0.255404759235782,0.14565356838694,-Inf
"2691",0.4,6,5,0.9,30,0.268166712240298,0.153259858299479,-Inf
"2692",0.01,9,5,0.9,30,0.252141009663768,0.151015128815501,-Inf
"2693",0.05,9,5,0.9,30,0.247435917745004,0.149134883528375,-Inf
"2694",0.1,9,5,0.9,30,0.245324681088821,0.140996498218439,-Inf
"2695",0.15,9,5,0.9,30,0.243465390165074,0.148339729329541,-Inf
"2696",0.2,9,5,0.9,30,0.245699954570646,0.143677723185918,-Inf
"2697",0.25,9,5,0.9,30,0.252965323448906,0.14624926718014,-Inf
"2698",0.3,9,5,0.9,30,0.248875750301323,0.14952165286837,-Inf
"2699",0.35,9,5,0.9,30,0.249571946922695,0.14825900756266,-Inf
"2700",0.4,9,5,0.9,30,0.259839463165029,0.155146158254082,-Inf
"2701",0.01,3,1,1,30,0.251386289206151,0.144047618091519,-Inf
"2702",0.05,3,1,1,30,0.236123009842564,0.138231167699866,-Inf
"2703",0.1,3,1,1,30,0.232021389055969,0.132983063872148,-Inf
"2704",0.15,3,1,1,30,0.233265268621954,0.132171250728215,-Inf
"2705",0.2,3,1,1,30,0.23493813767703,0.136880437129482,-Inf
"2706",0.25,3,1,1,30,0.240395935900038,0.136151499040699,-Inf
"2707",0.3,3,1,1,30,0.242108033086947,0.13949828126874,-Inf
"2708",0.35,3,1,1,30,0.242938650865304,0.135706505162598,-Inf
"2709",0.4,3,1,1,30,0.244534273547739,0.141197649330285,-Inf
"2710",0.01,6,1,1,30,0.250962687896336,0.145477122489497,-Inf
"2711",0.05,6,1,1,30,0.243502906127346,0.136362892583459,-Inf
"2712",0.1,6,1,1,30,0.245379403326012,0.139046359364015,-Inf
"2713",0.15,6,1,1,30,0.246001764636572,0.140558376577387,-Inf
"2714",0.2,6,1,1,30,0.245456777695757,0.14121030690682,-Inf
"2715",0.25,6,1,1,30,0.242942154839973,0.138475880306633,-Inf
"2716",0.3,6,1,1,30,0.240741778429333,0.134880827059035,-Inf
"2717",0.35,6,1,1,30,0.24070149619797,0.13406335848388,-Inf
"2718",0.4,6,1,1,30,0.245781674359165,0.136506263245688,-Inf
"2719",0.01,9,1,1,30,0.247230732893624,0.144134922623344,-Inf
"2720",0.05,9,1,1,30,0.23787537056469,0.133800544366458,-Inf
"2721",0.1,9,1,1,30,0.237755100539411,0.134468406031276,-Inf
"2722",0.15,9,1,1,30,0.236174958636181,0.133064864829018,-Inf
"2723",0.2,9,1,1,30,0.236620564821112,0.13337019249331,-Inf
"2724",0.25,9,1,1,30,0.24406288987235,0.136071605314162,-Inf
"2725",0.3,9,1,1,30,0.24295595319191,0.133459093978272,-Inf
"2726",0.35,9,1,1,30,0.246894483898777,0.130807073002902,-Inf
"2727",0.4,9,1,1,30,0.245758437284324,0.126317819113719,-Inf
"2728",0.01,3,2,1,30,0.229179325041095,0.138911847861571,-Inf
"2729",0.05,3,2,1,30,0.225223804482702,0.137333321546121,-Inf
"2730",0.1,3,2,1,30,0.224841250853051,0.136929510717907,-Inf
"2731",0.15,3,2,1,30,0.23047320488943,0.13815248758222,-Inf
"2732",0.2,3,2,1,30,0.232394296281795,0.139276718005203,-Inf
"2733",0.25,3,2,1,30,0.246303142490507,0.144268024257184,-Inf
"2734",0.3,3,2,1,30,0.251605842454853,0.143761319601753,-Inf
"2735",0.35,3,2,1,30,0.253818615559635,0.146343152245538,-Inf
"2736",0.4,3,2,1,30,0.259704800481625,0.148594815327292,-Inf
"2737",0.01,6,2,1,30,0.247523252963867,0.148396817581578,-Inf
"2738",0.05,6,2,1,30,0.246195032345198,0.146149385355922,-Inf
"2739",0.1,6,2,1,30,0.248512835785032,0.1494514253034,-Inf
"2740",0.15,6,2,1,30,0.249035388947124,0.148334948939861,-Inf
"2741",0.2,6,2,1,30,0.246411153119088,0.145872277224612,-Inf
"2742",0.25,6,2,1,30,0.252015269701381,0.143661222447246,-Inf
"2743",0.3,6,2,1,30,0.249697131800796,0.146897641074905,-Inf
"2744",0.35,6,2,1,30,0.253652332490505,0.143372514745603,-Inf
"2745",0.4,6,2,1,30,0.26152996218503,0.146739607726958,-Inf
"2746",0.01,9,2,1,30,0.243693012834412,0.144800853500251,-Inf
"2747",0.05,9,2,1,30,0.243303687740985,0.144295038684385,-Inf
"2748",0.1,9,2,1,30,0.245725681084888,0.145597168957217,-Inf
"2749",0.15,9,2,1,30,0.248086745311397,0.145891186040682,-Inf
"2750",0.2,9,2,1,30,0.245977999125534,0.145985109644181,-Inf
"2751",0.25,9,2,1,30,0.24479182641573,0.142262946629765,-Inf
"2752",0.3,9,2,1,30,0.255483671186345,0.150985548736149,-Inf
"2753",0.35,9,2,1,30,0.253213136783352,0.147546129355097,-Inf
"2754",0.4,9,2,1,30,0.253822965752645,0.14605990845778,-Inf
"2755",0.01,3,3,1,30,0.249662499612843,0.151482997119165,-Inf
"2756",0.05,3,3,1,30,0.250044802769256,0.151376453425106,-Inf
"2757",0.1,3,3,1,30,0.250295840449193,0.152436626549091,-Inf
"2758",0.15,3,3,1,30,0.247465376906932,0.153097770896439,-Inf
"2759",0.2,3,3,1,30,0.254405714133273,0.153761368630093,-Inf
"2760",0.25,3,3,1,30,0.252880066840475,0.153859880340651,-Inf
"2761",0.3,3,3,1,30,0.255609775486118,0.1531938055315,-Inf
"2762",0.35,3,3,1,30,0.256475959402844,0.155424627431456,-Inf
"2763",0.4,3,3,1,30,0.256841305759264,0.15614981746101,-Inf
"2764",0.01,6,3,1,30,0.260292185410007,0.155686803685893,-Inf
"2765",0.05,6,3,1,30,0.259933471971179,0.154348317858321,-Inf
"2766",0.1,6,3,1,30,0.259742435419771,0.154044745795142,-Inf
"2767",0.15,6,3,1,30,0.261171364962516,0.1538897608436,-Inf
"2768",0.2,6,3,1,30,0.262307013475574,0.156609299108007,-Inf
"2769",0.25,6,3,1,30,0.266072709548726,0.157677580831065,-Inf
"2770",0.3,6,3,1,30,0.265936981211854,0.160922905988775,-Inf
"2771",0.35,6,3,1,30,0.267719507747568,0.156547898220428,-Inf
"2772",0.4,6,3,1,30,0.267599464370694,0.156209279242053,-Inf
"2773",0.01,9,3,1,30,0.259902866822599,0.155538039392717,-Inf
"2774",0.05,9,3,1,30,0.259327019381097,0.154217939042203,-Inf
"2775",0.1,9,3,1,30,0.260685664389078,0.15438411566653,-Inf
"2776",0.15,9,3,1,30,0.263210838657475,0.156785363917519,-Inf
"2777",0.2,9,3,1,30,0.261266992797709,0.155114631507022,-Inf
"2778",0.25,9,3,1,30,0.263520469346713,0.155425433881776,-Inf
"2779",0.3,9,3,1,30,0.267343152733503,0.159826420958834,-Inf
"2780",0.35,9,3,1,30,0.268918987616043,0.15783597136886,-Inf
"2781",0.4,9,3,1,30,0.266006379471203,0.155273887567021,-Inf
"2782",0.01,3,4,1,30,0.247294157821886,0.146397312318142,-Inf
"2783",0.05,3,4,1,30,0.245511937436522,0.14515445633835,-Inf
"2784",0.1,3,4,1,30,0.243342162370963,0.145688416390035,-Inf
"2785",0.15,3,4,1,30,0.240969341850603,0.143141323883627,-Inf
"2786",0.2,3,4,1,30,0.242123558839901,0.14263302124565,-Inf
"2787",0.25,3,4,1,30,0.241225960249693,0.144539394969889,-Inf
"2788",0.3,3,4,1,30,0.234828460228183,0.139263369963009,-Inf
"2789",0.35,3,4,1,30,0.243844308837157,0.141553600496567,-Inf
"2790",0.4,3,4,1,30,0.242404066406508,0.137044261608965,-Inf
"2791",0.01,6,4,1,30,0.244709369346393,0.146496834473278,-Inf
"2792",0.05,6,4,1,30,0.243289368397283,0.145830687106233,-Inf
"2793",0.1,6,4,1,30,0.243290749463452,0.145562013858305,-Inf
"2794",0.15,6,4,1,30,0.244453772516534,0.146970046410789,-Inf
"2795",0.2,6,4,1,30,0.24285918423666,0.142131376584526,-Inf
"2796",0.25,6,4,1,30,0.245846545444838,0.145323899556347,-Inf
"2797",0.3,6,4,1,30,0.247818784580993,0.143042496430814,-Inf
"2798",0.35,6,4,1,30,0.23653371709914,0.138853309582253,-Inf
"2799",0.4,6,4,1,30,0.246852158244012,0.146070771421693,-Inf
"2800",0.01,9,4,1,30,0.245308956004589,0.146820485725951,-Inf
"2801",0.05,9,4,1,30,0.244441438807392,0.145832164630061,-Inf
"2802",0.1,9,4,1,30,0.241615106688748,0.144166424753273,-Inf
"2803",0.15,9,4,1,30,0.245231824613295,0.145710979985246,-Inf
"2804",0.2,9,4,1,30,0.248759965240988,0.145907097892906,-Inf
"2805",0.25,9,4,1,30,0.249328862516822,0.147052030880305,-Inf
"2806",0.3,9,4,1,30,0.243151891102695,0.143829721789713,-Inf
"2807",0.35,9,4,1,30,0.240691796432978,0.14557951479942,-Inf
"2808",0.4,9,4,1,30,0.241483773881819,0.144667128952569,-Inf
"2809",0.01,3,5,1,30,0.245556007887804,0.145842527523542,-Inf
"2810",0.05,3,5,1,30,0.241503706182212,0.14102443960516,-Inf
"2811",0.1,3,5,1,30,0.240232405552571,0.140562460865916,-Inf
"2812",0.15,3,5,1,30,0.237923733054135,0.140179208874593,-Inf
"2813",0.2,3,5,1,30,0.243179726163195,0.14441074194723,-Inf
"2814",0.25,3,5,1,30,0.241482483836881,0.139249844224702,-Inf
"2815",0.3,3,5,1,30,0.248919482385383,0.143360597104848,-Inf
"2816",0.35,3,5,1,30,0.243838278221656,0.143161059447786,-Inf
"2817",0.4,3,5,1,30,0.244192423306763,0.137932440075678,-Inf
"2818",0.01,6,5,1,30,0.250919849961667,0.151140034323905,-Inf
"2819",0.05,6,5,1,30,0.249873260459441,0.146726212503858,-Inf
"2820",0.1,6,5,1,30,0.249797557187588,0.149821378815013,-Inf
"2821",0.15,6,5,1,30,0.247514856552259,0.148269893171721,-Inf
"2822",0.2,6,5,1,30,0.25176966612092,0.153218894680407,-Inf
"2823",0.25,6,5,1,30,0.249018732119539,0.150900128226992,-Inf
"2824",0.3,6,5,1,30,0.253628801235846,0.146095157029089,-Inf
"2825",0.35,6,5,1,30,0.253446060729151,0.143899485728669,-Inf
"2826",0.4,6,5,1,30,0.253457917155966,0.144006020934887,-Inf
"2827",0.01,9,5,1,30,0.251690447982635,0.15243018711408,-Inf
"2828",0.05,9,5,1,30,0.246882125632469,0.14832330777797,-Inf
"2829",0.1,9,5,1,30,0.248941793333323,0.149657233575522,-Inf
"2830",0.15,9,5,1,30,0.249474157358317,0.150856127949567,-Inf
"2831",0.2,9,5,1,30,0.254988433334619,0.152528440961438,-Inf
"2832",0.25,9,5,1,30,0.247659400814532,0.147514516256263,-Inf
"2833",0.3,9,5,1,30,0.252034623398747,0.147456626108949,-Inf
"2834",0.35,9,5,1,30,0.250256608795451,0.143990373567411,-Inf
"2835",0.4,9,5,1,30,0.253861054359313,0.145119587878149,-Inf
