dashboard,feature,feature_match_score,feature_match_method,question,worksheet,Demographic Category-value,Demographic Category-alias,Demographic Group-value,Demographic Group-alias,Note1-alias,ATTR(Long Description)-alias,Measure Names-value,Measure Names-alias,Measure Values-alias
Data Table Builder 2002-2010,"Pneumonia Shot, 65+",0.664,feature_name_fuzzy,"Never Had Pneumonia Shot, Age 65+",Data Table 2002-2010 (mobile),Total,Total,Total,Total,"The sample size includes all survey respondents ages 65 years and older except those with missing, ""don't know"", or ""refused"" answers.",Percentage of adults 65 years and older who never had a pneumonia shot.,[federated.1vgb48v110x54q1gh5bp80qi14v1].[sum:UCI (copy)_529735946288271364:qk],95% CI (Upper),46.8%
Data Table Builder 2002-2010,"Pneumonia Shot, 65+",0.664,feature_name_fuzzy,"Never Had Pneumonia Shot, Age 65+",Data Table 2002-2010 (mobile),Total,Total,Total,Total,"The sample size includes all survey respondents ages 65 years and older except those with missing, ""don't know"", or ""refused"" answers.",Percentage of adults 65 years and older who never had a pneumonia shot.,[federated.1vgb48v110x54q1gh5bp80qi14v1].[sum:LCI (copy)_529735946288033795:qk],95% CI (Lower),39.4%
Data Table Builder 2002-2010,"Pneumonia Shot, 65+",0.664,feature_name_fuzzy,"Never Had Pneumonia Shot, Age 65+",Data Table 2002-2010 (mobile),Total,Total,Total,Total,"The sample size includes all survey respondents ages 65 years and older except those with missing, ""don't know"", or ""refused"" answers.",Percentage of adults 65 years and older who never had a pneumonia shot.,[federated.1vgb48v110x54q1gh5bp80qi14v1].[sum:Percent (copy)_529735946287837186:qk],Percentage,43.1%
Data Table Builder 2002-2010,"Pneumonia Shot, 65+",0.664,feature_name_fuzzy,"Never Had Pneumonia Shot, Age 65+",Data Table 2002-2010 (mobile),Total,Total,Total,Total,"The sample size includes all survey respondents ages 65 years and older except those with missing, ""don't know"", or ""refused"" answers.",Percentage of adults 65 years and older who never had a pneumonia shot.,[federated.1vgb48v110x54q1gh5bp80qi14v1].[sum:Sample Size (copy)_529735946285486081:qk],Sample Size*,"1,002"
Data Table Builder 2002-2010,"Pneumonia Shot, 65+",0.664,feature_name_fuzzy,"Never Had Pneumonia Shot, Age 65+",Data Table 2002-2010 (mobile),Sex,Sex,Male,Male,"The sample size includes all survey respondents ages 65 years and older except those with missing, ""don't know"", or ""refused"" answers.",Percentage of adults 65 years and older who never had a pneumonia shot.,[federated.1vgb48v110x54q1gh5bp80qi14v1].[sum:UCI (copy)_529735946288271364:qk],95% CI (Upper),53.1%
Data Table Builder 2002-2010,"Pneumonia Shot, 65+",0.664,feature_name_fuzzy,"Never Had Pneumonia Shot, Age 65+",Data Table 2002-2010 (mobile),Sex,Sex,Female,Female,"The sample size includes all survey respondents ages 65 years and older except those with missing, ""don't know"", or ""refused"" answers.",Percentage of adults 65 years and older who never had a pneumonia shot.,[federated.1vgb48v110x54q1gh5bp80qi14v1].[sum:UCI (copy)_529735946288271364:qk],95% CI (Upper),45.0%
Data Table Builder 2002-2010,"Pneumonia Shot, 65+",0.664,feature_name_fuzzy,"Never Had Pneumonia Shot, Age 65+",Data Table 2002-2010 (mobile),Sex,Sex,Male,Male,"The sample size includes all survey respondents ages 65 years and older except those with missing, ""don't know"", or ""refused"" answers.",Percentage of adults 65 years and older who never had a pneumonia shot.,[federated.1vgb48v110x54q1gh5bp80qi14v1].[sum:LCI (copy)_529735946288033795:qk],95% CI (Lower),41.5%
Data Table Builder 2002-2010,"Pneumonia Shot, 65+",0.664,feature_name_fuzzy,"Never Had Pneumonia Shot, Age 65+",Data Table 2002-2010 (mobile),Sex,Sex,Female,Female,"The sample size includes all survey respondents ages 65 years and older except those with missing, ""don't know"", or ""refused"" answers.",Percentage of adults 65 years and older who never had a pneumonia shot.,[federated.1vgb48v110x54q1gh5bp80qi14v1].[sum:LCI (copy)_529735946288033795:qk],95% CI (Lower),35.6%
Data Table Builder 2002-2010,"Pneumonia Shot, 65+",0.664,feature_name_fuzzy,"Never Had Pneumonia Shot, Age 65+",Data Table 2002-2010 (mobile),Sex,Sex,Male,Male,"The sample size includes all survey respondents ages 65 years and older except those with missing, ""don't know"", or ""refused"" answers.",Percentage of adults 65 years and older who never had a pneumonia shot.,[federated.1vgb48v110x54q1gh5bp80qi14v1].[sum:Percent (copy)_529735946287837186:qk],Percentage,47.2%
Data Table Builder 2002-2010,"Pneumonia Shot, 65+",0.664,feature_name_fuzzy,"Never Had Pneumonia Shot, Age 65+",Data Table 2002-2010 (mobile),Sex,Sex,Female,Female,"The sample size includes all survey respondents ages 65 years and older except those with missing, ""don't know"", or ""refused"" answers.",Percentage of adults 65 years and older who never had a pneumonia shot.,[federated.1vgb48v110x54q1gh5bp80qi14v1].[sum:Percent (copy)_529735946287837186:qk],Percentage,40.2%
Data Table Builder 2002-2010,"Pneumonia Shot, 65+",0.664,feature_name_fuzzy,"Never Had Pneumonia Shot, Age 65+",Data Table 2002-2010 (mobile),Sex,Sex,Male,Male,"The sample size includes all survey respondents ages 65 years and older except those with missing, ""don't know"", or ""refused"" answers.",Percentage of adults 65 years and older who never had a pneumonia shot.,[federated.1vgb48v110x54q1gh5bp80qi14v1].[sum:Sample Size (copy)_529735946285486081:qk],Sample Size*,344
Data Table Builder 2002-2010,"Pneumonia Shot, 65+",0.664,feature_name_fuzzy,"Never Had Pneumonia Shot, Age 65+",Data Table 2002-2010 (mobile),Sex,Sex,Female,Female,"The sample size includes all survey respondents ages 65 years and older except those with missing, ""don't know"", or ""refused"" answers.",Percentage of adults 65 years and older who never had a pneumonia shot.,[federated.1vgb48v110x54q1gh5bp80qi14v1].[sum:Sample Size (copy)_529735946285486081:qk],Sample Size*,658
Data Table Builder 2002-2010,"Pneumonia Shot, 65+",0.664,feature_name_fuzzy,"Never Had Pneumonia Shot, Age 65+",Data Table 2002-2010 (mobile),Race/Ethnicity,Race/Ethnicity,White,Non-Hispanic White,"The sample size includes all survey respondents ages 65 years and older except those with missing, ""don't know"", or ""refused"" answers.",Percentage of adults 65 years and older who never had a pneumonia shot.,[federated.1vgb48v110x54q1gh5bp80qi14v1].[sum:UCI (copy)_529735946288271364:qk],95% CI (Upper),39.5%
Data Table Builder 2002-2010,"Pneumonia Shot, 65+",0.664,feature_name_fuzzy,"Never Had Pneumonia Shot, Age 65+",Data Table 2002-2010 (mobile),Race/Ethnicity,Race/Ethnicity,Black,Non Hispanic Black,"The sample size includes all survey respondents ages 65 years and older except those with missing, ""don't know"", or ""refused"" answers.",Percentage of adults 65 years and older who never had a pneumonia shot.,[federated.1vgb48v110x54q1gh5bp80qi14v1].[sum:UCI (copy)_529735946288271364:qk],95% CI (Upper),75.8%
Data Table Builder 2002-2010,"Pneumonia Shot, 65+",0.664,feature_name_fuzzy,"Never Had Pneumonia Shot, Age 65+",Data Table 2002-2010 (mobile),Race/Ethnicity,Race/Ethnicity,Hispanic,Hispanic,"The sample size includes all survey respondents ages 65 years and older except those with missing, ""don't know"", or ""refused"" answers.",Percentage of adults 65 years and older who never had a pneumonia shot.,[federated.1vgb48v110x54q1gh5bp80qi14v1].[sum:UCI (copy)_529735946288271364:qk],95% CI (Upper),80.3%
Data Table Builder 2002-2010,"Pneumonia Shot, 65+",0.664,feature_name_fuzzy,"Never Had Pneumonia Shot, Age 65+",Data Table 2002-2010 (mobile),Race/Ethnicity,Race/Ethnicity,White,Non-Hispanic White,"The sample size includes all survey respondents ages 65 years and older except those with missing, ""don't know"", or ""refused"" answers.",Percentage of adults 65 years and older who never had a pneumonia shot.,[federated.1vgb48v110x54q1gh5bp80qi14v1].[sum:LCI (copy)_529735946288033795:qk],95% CI (Lower),32.2%
Data Table Builder 2002-2010,"Pneumonia Shot, 65+",0.664,feature_name_fuzzy,"Never Had Pneumonia Shot, Age 65+",Data Table 2002-2010 (mobile),Race/Ethnicity,Race/Ethnicity,Black,Non Hispanic Black,"The sample size includes all survey respondents ages 65 years and older except those with missing, ""don't know"", or ""refused"" answers.",Percentage of adults 65 years and older who never had a pneumonia shot.,[federated.1vgb48v110x54q1gh5bp80qi14v1].[sum:LCI (copy)_529735946288033795:qk],95% CI (Lower),43.9%
Data Table Builder 2002-2010,"Pneumonia Shot, 65+",0.664,feature_name_fuzzy,"Never Had Pneumonia Shot, Age 65+",Data Table 2002-2010 (mobile),Race/Ethnicity,Race/Ethnicity,Hispanic,Hispanic,"The sample size includes all survey respondents ages 65 years and older except those with missing, ""don't know"", or ""refused"" answers.",Percentage of adults 65 years and older who never had a pneumonia shot.,[federated.1vgb48v110x54q1gh5bp80qi14v1].[sum:LCI (copy)_529735946288033795:qk],95% CI (Lower),60.1%
Data Table Builder 2002-2010,"Pneumonia Shot, 65+",0.664,feature_name_fuzzy,"Never Had Pneumonia Shot, Age 65+",Data Table 2002-2010 (mobile),Race/Ethnicity,Race/Ethnicity,White,Non-Hispanic White,"The sample size includes all survey respondents ages 65 years and older except those with missing, ""don't know"", or ""refused"" answers.",Percentage of adults 65 years and older who never had a pneumonia shot.,[federated.1vgb48v110x54q1gh5bp80qi14v1].[sum:Percent (copy)_529735946287837186:qk],Percentage,35.8%
Data Table Builder 2002-2010,"Pneumonia Shot, 65+",0.664,feature_name_fuzzy,"Never Had Pneumonia Shot, Age 65+",Data Table 2002-2010 (mobile),Race/Ethnicity,Race/Ethnicity,Black,Non Hispanic Black,"The sample size includes all survey respondents ages 65 years and older except those with missing, ""don't know"", or ""refused"" answers.",Percentage of adults 65 years and older who never had a pneumonia shot.,[federated.1vgb48v110x54q1gh5bp80qi14v1].[sum:Percent (copy)_529735946287837186:qk],Percentage,61.0%
Data Table Builder 2002-2010,"Pneumonia Shot, 65+",0.664,feature_name_fuzzy,"Never Had Pneumonia Shot, Age 65+",Data Table 2002-2010 (mobile),Race/Ethnicity,Race/Ethnicity,Hispanic,Hispanic,"The sample size includes all survey respondents ages 65 years and older except those with missing, ""don't know"", or ""refused"" answers.",Percentage of adults 65 years and older who never had a pneumonia shot.,[federated.1vgb48v110x54q1gh5bp80qi14v1].[sum:Percent (copy)_529735946287837186:qk],Percentage,71.2%
Data Table Builder 2002-2010,"Pneumonia Shot, 65+",0.664,feature_name_fuzzy,"Never Had Pneumonia Shot, Age 65+",Data Table 2002-2010 (mobile),Race/Ethnicity,Race/Ethnicity,White,Non-Hispanic White,"The sample size includes all survey respondents ages 65 years and older except those with missing, ""don't know"", or ""refused"" answers.",Percentage of adults 65 years and older who never had a pneumonia shot.,[federated.1vgb48v110x54q1gh5bp80qi14v1].[sum:Sample Size (copy)_529735946285486081:qk],Sample Size*,815
Data Table Builder 2002-2010,"Pneumonia Shot, 65+",0.664,feature_name_fuzzy,"Never Had Pneumonia Shot, Age 65+",Data Table 2002-2010 (mobile),Race/Ethnicity,Race/Ethnicity,Black,Non Hispanic Black,"The sample size includes all survey respondents ages 65 years and older except those with missing, ""don't know"", or ""refused"" answers.",Percentage of adults 65 years and older who never had a pneumonia shot.,[federated.1vgb48v110x54q1gh5bp80qi14v1].[sum:Sample Size (copy)_529735946285486081:qk],Sample Size*,51
Data Table Builder 2002-2010,"Pneumonia Shot, 65+",0.664,feature_name_fuzzy,"Never Had Pneumonia Shot, Age 65+",Data Table 2002-2010 (mobile),Race/Ethnicity,Race/Ethnicity,Hispanic,Hispanic,"The sample size includes all survey respondents ages 65 years and older except those with missing, ""don't know"", or ""refused"" answers.",Percentage of adults 65 years and older who never had a pneumonia shot.,[federated.1vgb48v110x54q1gh5bp80qi14v1].[sum:Sample Size (copy)_529735946285486081:qk],Sample Size*,103
Data Table Builder 2002-2010,"Pneumonia Shot, 65+",0.664,feature_name_fuzzy,"Never Had Pneumonia Shot, Age 65+",Data Table 2002-2010 (mobile),Age Group,Age Group,65+,65+,"The sample size includes all survey respondents ages 65 years and older except those with missing, ""don't know"", or ""refused"" answers.",Percentage of adults 65 years and older who never had a pneumonia shot.,[federated.1vgb48v110x54q1gh5bp80qi14v1].[sum:UCI (copy)_529735946288271364:qk],95% CI (Upper),46.8%
Data Table Builder 2002-2010,"Pneumonia Shot, 65+",0.664,feature_name_fuzzy,"Never Had Pneumonia Shot, Age 65+",Data Table 2002-2010 (mobile),Age Group,Age Group,65+,65+,"The sample size includes all survey respondents ages 65 years and older except those with missing, ""don't know"", or ""refused"" answers.",Percentage of adults 65 years and older who never had a pneumonia shot.,[federated.1vgb48v110x54q1gh5bp80qi14v1].[sum:LCI (copy)_529735946288033795:qk],95% CI (Lower),39.4%
Data Table Builder 2002-2010,"Pneumonia Shot, 65+",0.664,feature_name_fuzzy,"Never Had Pneumonia Shot, Age 65+",Data Table 2002-2010 (mobile),Age Group,Age Group,65+,65+,"The sample size includes all survey respondents ages 65 years and older except those with missing, ""don't know"", or ""refused"" answers.",Percentage of adults 65 years and older who never had a pneumonia shot.,[federated.1vgb48v110x54q1gh5bp80qi14v1].[sum:Percent (copy)_529735946287837186:qk],Percentage,43.1%
Data Table Builder 2002-2010,"Pneumonia Shot, 65+",0.664,feature_name_fuzzy,"Never Had Pneumonia Shot, Age 65+",Data Table 2002-2010 (mobile),Age Group,Age Group,65+,65+,"The sample size includes all survey respondents ages 65 years and older except those with missing, ""don't know"", or ""refused"" answers.",Percentage of adults 65 years and older who never had a pneumonia shot.,[federated.1vgb48v110x54q1gh5bp80qi14v1].[sum:Sample Size (copy)_529735946285486081:qk],Sample Size*,"1,002"
Data Table Builder 2002-2010,"Pneumonia Shot, 65+",0.664,feature_name_fuzzy,"Never Had Pneumonia Shot, Age 65+",Data Table 2002-2010 (mobile),Education,Education,COL,College Graduate,"The sample size includes all survey respondents ages 65 years and older except those with missing, ""don't know"", or ""refused"" answers.",Percentage of adults 65 years and older who never had a pneumonia shot.,[federated.1vgb48v110x54q1gh5bp80qi14v1].[sum:UCI (copy)_529735946288271364:qk],95% CI (Upper),47.9%
Data Table Builder 2002-2010,"Pneumonia Shot, 65+",0.664,feature_name_fuzzy,"Never Had Pneumonia Shot, Age 65+",Data Table 2002-2010 (mobile),Education,Education,SCOL,Some College,"The sample size includes all survey respondents ages 65 years and older except those with missing, ""don't know"", or ""refused"" answers.",Percentage of adults 65 years and older who never had a pneumonia shot.,[federated.1vgb48v110x54q1gh5bp80qi14v1].[sum:UCI (copy)_529735946288271364:qk],95% CI (Upper),37.7%
Data Table Builder 2002-2010,"Pneumonia Shot, 65+",0.664,feature_name_fuzzy,"Never Had Pneumonia Shot, Age 65+",Data Table 2002-2010 (mobile),Education,Education,HS,High School Graduate,"The sample size includes all survey respondents ages 65 years and older except those with missing, ""don't know"", or ""refused"" answers.",Percentage of adults 65 years and older who never had a pneumonia shot.,[federated.1vgb48v110x54q1gh5bp80qi14v1].[sum:UCI (copy)_529735946288271364:qk],95% CI (Upper),48.5%
Data Table Builder 2002-2010,"Pneumonia Shot, 65+",0.664,feature_name_fuzzy,"Never Had Pneumonia Shot, Age 65+",Data Table 2002-2010 (mobile),Education,Education,<HS,Less Than High School,"The sample size includes all survey respondents ages 65 years and older except those with missing, ""don't know"", or ""refused"" answers.",Percentage of adults 65 years and older who never had a pneumonia shot.,[federated.1vgb48v110x54q1gh5bp80qi14v1].[sum:UCI (copy)_529735946288271364:qk],95% CI (Upper),66.2%
Data Table Builder 2002-2010,"Pneumonia Shot, 65+",0.664,feature_name_fuzzy,"Never Had Pneumonia Shot, Age 65+",Data Table 2002-2010 (mobile),Education,Education,COL,College Graduate,"The sample size includes all survey respondents ages 65 years and older except those with missing, ""don't know"", or ""refused"" answers.",Percentage of adults 65 years and older who never had a pneumonia shot.,[federated.1vgb48v110x54q1gh5bp80qi14v1].[sum:LCI (copy)_529735946288033795:qk],95% CI (Lower),34.4%
Data Table Builder 2002-2010,"Pneumonia Shot, 65+",0.664,feature_name_fuzzy,"Never Had Pneumonia Shot, Age 65+",Data Table 2002-2010 (mobile),Education,Education,SCOL,Some College,"The sample size includes all survey respondents ages 65 years and older except those with missing, ""don't know"", or ""refused"" answers.",Percentage of adults 65 years and older who never had a pneumonia shot.,[federated.1vgb48v110x54q1gh5bp80qi14v1].[sum:LCI (copy)_529735946288033795:qk],95% CI (Lower),24.9%
Data Table Builder 2002-2010,"Pneumonia Shot, 65+",0.664,feature_name_fuzzy,"Never Had Pneumonia Shot, Age 65+",Data Table 2002-2010 (mobile),Education,Education,HS,High School Graduate,"The sample size includes all survey respondents ages 65 years and older except those with missing, ""don't know"", or ""refused"" answers.",Percentage of adults 65 years and older who never had a pneumonia shot.,[federated.1vgb48v110x54q1gh5bp80qi14v1].[sum:LCI (copy)_529735946288033795:qk],95% CI (Lower),36.2%
Data Table Builder 2002-2010,"Pneumonia Shot, 65+",0.664,feature_name_fuzzy,"Never Had Pneumonia Shot, Age 65+",Data Table 2002-2010 (mobile),Education,Education,<HS,Less Than High School,"The sample size includes all survey respondents ages 65 years and older except those with missing, ""don't know"", or ""refused"" answers.",Percentage of adults 65 years and older who never had a pneumonia shot.,[federated.1vgb48v110x54q1gh5bp80qi14v1].[sum:LCI (copy)_529735946288033795:qk],95% CI (Lower),49.4%
Data Table Builder 2002-2010,"Pneumonia Shot, 65+",0.664,feature_name_fuzzy,"Never Had Pneumonia Shot, Age 65+",Data Table 2002-2010 (mobile),Education,Education,COL,College Graduate,"The sample size includes all survey respondents ages 65 years and older except those with missing, ""don't know"", or ""refused"" answers.",Percentage of adults 65 years and older who never had a pneumonia shot.,[federated.1vgb48v110x54q1gh5bp80qi14v1].[sum:Percent (copy)_529735946287837186:qk],Percentage,41.0%
Data Table Builder 2002-2010,"Pneumonia Shot, 65+",0.664,feature_name_fuzzy,"Never Had Pneumonia Shot, Age 65+",Data Table 2002-2010 (mobile),Education,Education,SCOL,Some College,"The sample size includes all survey respondents ages 65 years and older except those with missing, ""don't know"", or ""refused"" answers.",Percentage of adults 65 years and older who never had a pneumonia shot.,[federated.1vgb48v110x54q1gh5bp80qi14v1].[sum:Percent (copy)_529735946287837186:qk],Percentage,30.9%
Data Table Builder 2002-2010,"Pneumonia Shot, 65+",0.664,feature_name_fuzzy,"Never Had Pneumonia Shot, Age 65+",Data Table 2002-2010 (mobile),Education,Education,HS,High School Graduate,"The sample size includes all survey respondents ages 65 years and older except those with missing, ""don't know"", or ""refused"" answers.",Percentage of adults 65 years and older who never had a pneumonia shot.,[federated.1vgb48v110x54q1gh5bp80qi14v1].[sum:Percent (copy)_529735946287837186:qk],Percentage,42.2%
Data Table Builder 2002-2010,"Pneumonia Shot, 65+",0.664,feature_name_fuzzy,"Never Had Pneumonia Shot, Age 65+",Data Table 2002-2010 (mobile),Education,Education,<HS,Less Than High School,"The sample size includes all survey respondents ages 65 years and older except those with missing, ""don't know"", or ""refused"" answers.",Percentage of adults 65 years and older who never had a pneumonia shot.,[federated.1vgb48v110x54q1gh5bp80qi14v1].[sum:Percent (copy)_529735946287837186:qk],Percentage,58.0%
Data Table Builder 2002-2010,"Pneumonia Shot, 65+",0.664,feature_name_fuzzy,"Never Had Pneumonia Shot, Age 65+",Data Table 2002-2010 (mobile),Education,Education,COL,College Graduate,"The sample size includes all survey respondents ages 65 years and older except those with missing, ""don't know"", or ""refused"" answers.",Percentage of adults 65 years and older who never had a pneumonia shot.,[federated.1vgb48v110x54q1gh5bp80qi14v1].[sum:Sample Size (copy)_529735946285486081:qk],Sample Size*,245
Data Table Builder 2002-2010,"Pneumonia Shot, 65+",0.664,feature_name_fuzzy,"Never Had Pneumonia Shot, Age 65+",Data Table 2002-2010 (mobile),Education,Education,SCOL,Some College,"The sample size includes all survey respondents ages 65 years and older except those with missing, ""don't know"", or ""refused"" answers.",Percentage of adults 65 years and older who never had a pneumonia shot.,[federated.1vgb48v110x54q1gh5bp80qi14v1].[sum:Sample Size (copy)_529735946285486081:qk],Sample Size*,237
Data Table Builder 2002-2010,"Pneumonia Shot, 65+",0.664,feature_name_fuzzy,"Never Had Pneumonia Shot, Age 65+",Data Table 2002-2010 (mobile),Education,Education,HS,High School Graduate,"The sample size includes all survey respondents ages 65 years and older except those with missing, ""don't know"", or ""refused"" answers.",Percentage of adults 65 years and older who never had a pneumonia shot.,[federated.1vgb48v110x54q1gh5bp80qi14v1].[sum:Sample Size (copy)_529735946285486081:qk],Sample Size*,310
Data Table Builder 2002-2010,"Pneumonia Shot, 65+",0.664,feature_name_fuzzy,"Never Had Pneumonia Shot, Age 65+",Data Table 2002-2010 (mobile),Education,Education,<HS,Less Than High School,"The sample size includes all survey respondents ages 65 years and older except those with missing, ""don't know"", or ""refused"" answers.",Percentage of adults 65 years and older who never had a pneumonia shot.,[federated.1vgb48v110x54q1gh5bp80qi14v1].[sum:Sample Size (copy)_529735946285486081:qk],Sample Size*,205
Data Table Builder 2002-2010,"Pneumonia Shot, 65+",0.664,feature_name_fuzzy,"Never Had Pneumonia Shot, Age 65+",Data Table 2002-2010 (mobile),Income Level,Income Level,50K+,"$50,000 or More","The sample size includes all survey respondents ages 65 years and older except those with missing, ""don't know"", or ""refused"" answers.",Percentage of adults 65 years and older who never had a pneumonia shot.,[federated.1vgb48v110x54q1gh5bp80qi14v1].[sum:UCI (copy)_529735946288271364:qk],95% CI (Upper),49.8%
Data Table Builder 2002-2010,"Pneumonia Shot, 65+",0.664,feature_name_fuzzy,"Never Had Pneumonia Shot, Age 65+",Data Table 2002-2010 (mobile),Income Level,Income Level,25-50K,"$25,000-$49,999","The sample size includes all survey respondents ages 65 years and older except those with missing, ""don't know"", or ""refused"" answers.",Percentage of adults 65 years and older who never had a pneumonia shot.,[federated.1vgb48v110x54q1gh5bp80qi14v1].[sum:UCI (copy)_529735946288271364:qk],95% CI (Upper),50.1%
Data Table Builder 2002-2010,"Pneumonia Shot, 65+",0.664,feature_name_fuzzy,"Never Had Pneumonia Shot, Age 65+",Data Table 2002-2010 (mobile),Income Level,Income Level,<25K,"Less Than $25,000","The sample size includes all survey respondents ages 65 years and older except those with missing, ""don't know"", or ""refused"" answers.",Percentage of adults 65 years and older who never had a pneumonia shot.,[federated.1vgb48v110x54q1gh5bp80qi14v1].[sum:UCI (copy)_529735946288271364:qk],95% CI (Upper),45.5%
Data Table Builder 2002-2010,"Pneumonia Shot, 65+",0.664,feature_name_fuzzy,"Never Had Pneumonia Shot, Age 65+",Data Table 2002-2010 (mobile),Income Level,Income Level,50K+,"$50,000 or More","The sample size includes all survey respondents ages 65 years and older except those with missing, ""don't know"", or ""refused"" answers.",Percentage of adults 65 years and older who never had a pneumonia shot.,[federated.1vgb48v110x54q1gh5bp80qi14v1].[sum:LCI (copy)_529735946288033795:qk],95% CI (Lower),31.2%
Data Table Builder 2002-2010,"Pneumonia Shot, 65+",0.664,feature_name_fuzzy,"Never Had Pneumonia Shot, Age 65+",Data Table 2002-2010 (mobile),Income Level,Income Level,25-50K,"$25,000-$49,999","The sample size includes all survey respondents ages 65 years and older except those with missing, ""don't know"", or ""refused"" answers.",Percentage of adults 65 years and older who never had a pneumonia shot.,[federated.1vgb48v110x54q1gh5bp80qi14v1].[sum:LCI (copy)_529735946288033795:qk],95% CI (Lower),37.5%
Data Table Builder 2002-2010,"Pneumonia Shot, 65+",0.664,feature_name_fuzzy,"Never Had Pneumonia Shot, Age 65+",Data Table 2002-2010 (mobile),Income Level,Income Level,<25K,"Less Than $25,000","The sample size includes all survey respondents ages 65 years and older except those with missing, ""don't know"", or ""refused"" answers.",Percentage of adults 65 years and older who never had a pneumonia shot.,[federated.1vgb48v110x54q1gh5bp80qi14v1].[sum:LCI (copy)_529735946288033795:qk],95% CI (Lower),33.5%
Data Table Builder 2002-2010,"Pneumonia Shot, 65+",0.664,feature_name_fuzzy,"Never Had Pneumonia Shot, Age 65+",Data Table 2002-2010 (mobile),Income Level,Income Level,50K+,"$50,000 or More","The sample size includes all survey respondents ages 65 years and older except those with missing, ""don't know"", or ""refused"" answers.",Percentage of adults 65 years and older who never had a pneumonia shot.,[federated.1vgb48v110x54q1gh5bp80qi14v1].[sum:Percent (copy)_529735946287837186:qk],Percentage,40.1%
Data Table Builder 2002-2010,"Pneumonia Shot, 65+",0.664,feature_name_fuzzy,"Never Had Pneumonia Shot, Age 65+",Data Table 2002-2010 (mobile),Income Level,Income Level,25-50K,"$25,000-$49,999","The sample size includes all survey respondents ages 65 years and older except those with missing, ""don't know"", or ""refused"" answers.",Percentage of adults 65 years and older who never had a pneumonia shot.,[federated.1vgb48v110x54q1gh5bp80qi14v1].[sum:Percent (copy)_529735946287837186:qk],Percentage,43.7%
Data Table Builder 2002-2010,"Pneumonia Shot, 65+",0.664,feature_name_fuzzy,"Never Had Pneumonia Shot, Age 65+",Data Table 2002-2010 (mobile),Income Level,Income Level,<25K,"Less Than $25,000","The sample size includes all survey respondents ages 65 years and older except those with missing, ""don't know"", or ""refused"" answers.",Percentage of adults 65 years and older who never had a pneumonia shot.,[federated.1vgb48v110x54q1gh5bp80qi14v1].[sum:Percent (copy)_529735946287837186:qk],Percentage,39.3%
Data Table Builder 2002-2010,"Pneumonia Shot, 65+",0.664,feature_name_fuzzy,"Never Had Pneumonia Shot, Age 65+",Data Table 2002-2010 (mobile),Income Level,Income Level,50K+,"$50,000 or More","The sample size includes all survey respondents ages 65 years and older except those with missing, ""don't know"", or ""refused"" answers.",Percentage of adults 65 years and older who never had a pneumonia shot.,[federated.1vgb48v110x54q1gh5bp80qi14v1].[sum:Sample Size (copy)_529735946285486081:qk],Sample Size*,128
Data Table Builder 2002-2010,"Pneumonia Shot, 65+",0.664,feature_name_fuzzy,"Never Had Pneumonia Shot, Age 65+",Data Table 2002-2010 (mobile),Income Level,Income Level,25-50K,"$25,000-$49,999","The sample size includes all survey respondents ages 65 years and older except those with missing, ""don't know"", or ""refused"" answers.",Percentage of adults 65 years and older who never had a pneumonia shot.,[federated.1vgb48v110x54q1gh5bp80qi14v1].[sum:Sample Size (copy)_529735946285486081:qk],Sample Size*,282
Data Table Builder 2002-2010,"Pneumonia Shot, 65+",0.664,feature_name_fuzzy,"Never Had Pneumonia Shot, Age 65+",Data Table 2002-2010 (mobile),Income Level,Income Level,<25K,"Less Than $25,000","The sample size includes all survey respondents ages 65 years and older except those with missing, ""don't know"", or ""refused"" answers.",Percentage of adults 65 years and older who never had a pneumonia shot.,[federated.1vgb48v110x54q1gh5bp80qi14v1].[sum:Sample Size (copy)_529735946285486081:qk],Sample Size*,360
Data Table Builder 2002-2010,"Pneumonia Shot, 65+",0.664,feature_name_fuzzy,"Never Had Pneumonia Shot, Age 65+",Data Table 2002-2010,Total,Total,Total,Total,"The sample size includes all survey respondents ages 65 years and older except those with missing, ""don't know"", or ""refused"" answers.",Percentage of adults 65 years and older who never had a pneumonia shot.,[federated.1vgb48v110x54q1gh5bp80qi14v1].[sum:UCI (copy)_529735946288271364:qk],95% CI (Upper),32.1%
Data Table Builder 2002-2010,"Pneumonia Shot, 65+",0.664,feature_name_fuzzy,"Never Had Pneumonia Shot, Age 65+",Data Table 2002-2010,Total,Total,Total,Total,"The sample size includes all survey respondents ages 65 years and older except those with missing, ""don't know"", or ""refused"" answers.",Percentage of adults 65 years and older who never had a pneumonia shot.,[federated.1vgb48v110x54q1gh5bp80qi14v1].[sum:LCI (copy)_529735946288033795:qk],95% CI (Lower),27.7%
Data Table Builder 2002-2010,"Pneumonia Shot, 65+",0.664,feature_name_fuzzy,"Never Had Pneumonia Shot, Age 65+",Data Table 2002-2010,Total,Total,Total,Total,"The sample size includes all survey respondents ages 65 years and older except those with missing, ""don't know"", or ""refused"" answers.",Percentage of adults 65 years and older who never had a pneumonia shot.,[federated.1vgb48v110x54q1gh5bp80qi14v1].[sum:Percent (copy)_529735946287837186:qk],Percentage,29.9%
Data Table Builder 2002-2010,"Pneumonia Shot, 65+",0.664,feature_name_fuzzy,"Never Had Pneumonia Shot, Age 65+",Data Table 2002-2010,Total,Total,Total,Total,"The sample size includes all survey respondents ages 65 years and older except those with missing, ""don't know"", or ""refused"" answers.",Percentage of adults 65 years and older who never had a pneumonia shot.,[federated.1vgb48v110x54q1gh5bp80qi14v1].[sum:Sample Size (copy)_529735946285486081:qk],Sample Size*,"4,410"
Data Table Builder 2002-2010,"Pneumonia Shot, 65+",0.664,feature_name_fuzzy,"Never Had Pneumonia Shot, Age 65+",Data Table 2002-2010,Sex,Sex,Male,Male,"The sample size includes all survey respondents ages 65 years and older except those with missing, ""don't know"", or ""refused"" answers.",Percentage of adults 65 years and older who never had a pneumonia shot.,[federated.1vgb48v110x54q1gh5bp80qi14v1].[sum:UCI (copy)_529735946288271364:qk],95% CI (Upper),34.8%
Data Table Builder 2002-2010,"Pneumonia Shot, 65+",0.664,feature_name_fuzzy,"Never Had Pneumonia Shot, Age 65+",Data Table 2002-2010,Sex,Sex,Female,Female,"The sample size includes all survey respondents ages 65 years and older except those with missing, ""don't know"", or ""refused"" answers.",Percentage of adults 65 years and older who never had a pneumonia shot.,[federated.1vgb48v110x54q1gh5bp80qi14v1].[sum:UCI (copy)_529735946288271364:qk],95% CI (Upper),31.8%
Data Table Builder 2002-2010,"Pneumonia Shot, 65+",0.664,feature_name_fuzzy,"Never Had Pneumonia Shot, Age 65+",Data Table 2002-2010,Sex,Sex,Male,Male,"The sample size includes all survey respondents ages 65 years and older except those with missing, ""don't know"", or ""refused"" answers.",Percentage of adults 65 years and older who never had a pneumonia shot.,[federated.1vgb48v110x54q1gh5bp80qi14v1].[sum:LCI (copy)_529735946288033795:qk],95% CI (Lower),27.5%
Data Table Builder 2002-2010,"Pneumonia Shot, 65+",0.664,feature_name_fuzzy,"Never Had Pneumonia Shot, Age 65+",Data Table 2002-2010,Sex,Sex,Female,Female,"The sample size includes all survey respondents ages 65 years and older except those with missing, ""don't know"", or ""refused"" answers.",Percentage of adults 65 years and older who never had a pneumonia shot.,[federated.1vgb48v110x54q1gh5bp80qi14v1].[sum:LCI (copy)_529735946288033795:qk],95% CI (Lower),26.3%
Data Table Builder 2002-2010,"Pneumonia Shot, 65+",0.664,feature_name_fuzzy,"Never Had Pneumonia Shot, Age 65+",Data Table 2002-2010,Sex,Sex,Male,Male,"The sample size includes all survey respondents ages 65 years and older except those with missing, ""don't know"", or ""refused"" answers.",Percentage of adults 65 years and older who never had a pneumonia shot.,[federated.1vgb48v110x54q1gh5bp80qi14v1].[sum:Percent (copy)_529735946287837186:qk],Percentage,31.0%
Data Table Builder 2002-2010,"Pneumonia Shot, 65+",0.664,feature_name_fuzzy,"Never Had Pneumonia Shot, Age 65+",Data Table 2002-2010,Sex,Sex,Female,Female,"The sample size includes all survey respondents ages 65 years and older except those with missing, ""don't know"", or ""refused"" answers.",Percentage of adults 65 years and older who never had a pneumonia shot.,[federated.1vgb48v110x54q1gh5bp80qi14v1].[sum:Percent (copy)_529735946287837186:qk],Percentage,29.0%
Data Table Builder 2002-2010,"Pneumonia Shot, 65+",0.664,feature_name_fuzzy,"Never Had Pneumonia Shot, Age 65+",Data Table 2002-2010,Sex,Sex,Male,Male,"The sample size includes all survey respondents ages 65 years and older except those with missing, ""don't know"", or ""refused"" answers.",Percentage of adults 65 years and older who never had a pneumonia shot.,[federated.1vgb48v110x54q1gh5bp80qi14v1].[sum:Sample Size (copy)_529735946285486081:qk],Sample Size*,"1,511"
Data Table Builder 2002-2010,"Pneumonia Shot, 65+",0.664,feature_name_fuzzy,"Never Had Pneumonia Shot, Age 65+",Data Table 2002-2010,Sex,Sex,Female,Female,"The sample size includes all survey respondents ages 65 years and older except those with missing, ""don't know"", or ""refused"" answers.",Percentage of adults 65 years and older who never had a pneumonia shot.,[federated.1vgb48v110x54q1gh5bp80qi14v1].[sum:Sample Size (copy)_529735946285486081:qk],Sample Size*,"2,899"
Data Table Builder 2002-2010,"Pneumonia Shot, 65+",0.664,feature_name_fuzzy,"Never Had Pneumonia Shot, Age 65+",Data Table 2002-2010,Race/Ethnicity,Race/Ethnicity,White,Non-Hispanic White,"The sample size includes all survey respondents ages 65 years and older except those with missing, ""don't know"", or ""refused"" answers.",Percentage of adults 65 years and older who never had a pneumonia shot.,[federated.1vgb48v110x54q1gh5bp80qi14v1].[sum:UCI (copy)_529735946288271364:qk],95% CI (Upper),27.9%
Data Table Builder 2002-2010,"Pneumonia Shot, 65+",0.664,feature_name_fuzzy,"Never Had Pneumonia Shot, Age 65+",Data Table 2002-2010,Race/Ethnicity,Race/Ethnicity,Black,Non Hispanic Black,"The sample size includes all survey respondents ages 65 years and older except those with missing, ""don't know"", or ""refused"" answers.",Percentage of adults 65 years and older who never had a pneumonia shot.,[federated.1vgb48v110x54q1gh5bp80qi14v1].[sum:UCI (copy)_529735946288271364:qk],95% CI (Upper),51.1%
Data Table Builder 2002-2010,"Pneumonia Shot, 65+",0.664,feature_name_fuzzy,"Never Had Pneumonia Shot, Age 65+",Data Table 2002-2010,Race/Ethnicity,Race/Ethnicity,Hispanic,Hispanic,"The sample size includes all survey respondents ages 65 years and older except those with missing, ""don't know"", or ""refused"" answers.",Percentage of adults 65 years and older who never had a pneumonia shot.,[federated.1vgb48v110x54q1gh5bp80qi14v1].[sum:UCI (copy)_529735946288271364:qk],95% CI (Upper),47.2%
Data Table Builder 2002-2010,"Pneumonia Shot, 65+",0.664,feature_name_fuzzy,"Never Had Pneumonia Shot, Age 65+",Data Table 2002-2010,Race/Ethnicity,Race/Ethnicity,White,Non-Hispanic White,"The sample size includes all survey respondents ages 65 years and older except those with missing, ""don't know"", or ""refused"" answers.",Percentage of adults 65 years and older who never had a pneumonia shot.,[federated.1vgb48v110x54q1gh5bp80qi14v1].[sum:LCI (copy)_529735946288033795:qk],95% CI (Lower),23.1%
Data Table Builder 2002-2010,"Pneumonia Shot, 65+",0.664,feature_name_fuzzy,"Never Had Pneumonia Shot, Age 65+",Data Table 2002-2010,Race/Ethnicity,Race/Ethnicity,Black,Non Hispanic Black,"The sample size includes all survey respondents ages 65 years and older except those with missing, ""don't know"", or ""refused"" answers.",Percentage of adults 65 years and older who never had a pneumonia shot.,[federated.1vgb48v110x54q1gh5bp80qi14v1].[sum:LCI (copy)_529735946288033795:qk],95% CI (Lower),32.8%
Data Table Builder 2002-2010,"Pneumonia Shot, 65+",0.664,feature_name_fuzzy,"Never Had Pneumonia Shot, Age 65+",Data Table 2002-2010,Race/Ethnicity,Race/Ethnicity,Hispanic,Hispanic,"The sample size includes all survey respondents ages 65 years and older except those with missing, ""don't know"", or ""refused"" answers.",Percentage of adults 65 years and older who never had a pneumonia shot.,[federated.1vgb48v110x54q1gh5bp80qi14v1].[sum:LCI (copy)_529735946288033795:qk],95% CI (Lower),34.4%
Data Table Builder 2002-2010,"Pneumonia Shot, 65+",0.664,feature_name_fuzzy,"Never Had Pneumonia Shot, Age 65+",Data Table 2002-2010,Race/Ethnicity,Race/Ethnicity,White,Non-Hispanic White,"The sample size includes all survey respondents ages 65 years and older except those with missing, ""don't know"", or ""refused"" answers.",Percentage of adults 65 years and older who never had a pneumonia shot.,[federated.1vgb48v110x54q1gh5bp80qi14v1].[sum:Percent (copy)_529735946287837186:qk],Percentage,25.4%
Data Table Builder 2002-2010,"Pneumonia Shot, 65+",0.664,feature_name_fuzzy,"Never Had Pneumonia Shot, Age 65+",Data Table 2002-2010,Race/Ethnicity,Race/Ethnicity,Black,Non Hispanic Black,"The sample size includes all survey respondents ages 65 years and older except those with missing, ""don't know"", or ""refused"" answers.",Percentage of adults 65 years and older who never had a pneumonia shot.,[federated.1vgb48v110x54q1gh5bp80qi14v1].[sum:Percent (copy)_529735946287837186:qk],Percentage,41.7%
Data Table Builder 2002-2010,"Pneumonia Shot, 65+",0.664,feature_name_fuzzy,"Never Had Pneumonia Shot, Age 65+",Data Table 2002-2010,Race/Ethnicity,Race/Ethnicity,Hispanic,Hispanic,"The sample size includes all survey respondents ages 65 years and older except those with missing, ""don't know"", or ""refused"" answers.",Percentage of adults 65 years and older who never had a pneumonia shot.,[federated.1vgb48v110x54q1gh5bp80qi14v1].[sum:Percent (copy)_529735946287837186:qk],Percentage,40.6%
Data Table Builder 2002-2010,"Pneumonia Shot, 65+",0.664,feature_name_fuzzy,"Never Had Pneumonia Shot, Age 65+",Data Table 2002-2010,Race/Ethnicity,Race/Ethnicity,White,Non-Hispanic White,"The sample size includes all survey respondents ages 65 years and older except those with missing, ""don't know"", or ""refused"" answers.",Percentage of adults 65 years and older who never had a pneumonia shot.,[federated.1vgb48v110x54q1gh5bp80qi14v1].[sum:Sample Size (copy)_529735946285486081:qk],Sample Size*,"3,365"
Data Table Builder 2002-2010,"Pneumonia Shot, 65+",0.664,feature_name_fuzzy,"Never Had Pneumonia Shot, Age 65+",Data Table 2002-2010,Race/Ethnicity,Race/Ethnicity,Black,Non Hispanic Black,"The sample size includes all survey respondents ages 65 years and older except those with missing, ""don't know"", or ""refused"" answers.",Percentage of adults 65 years and older who never had a pneumonia shot.,[federated.1vgb48v110x54q1gh5bp80qi14v1].[sum:Sample Size (copy)_529735946285486081:qk],Sample Size*,246
Data Table Builder 2002-2010,"Pneumonia Shot, 65+",0.664,feature_name_fuzzy,"Never Had Pneumonia Shot, Age 65+",Data Table 2002-2010,Race/Ethnicity,Race/Ethnicity,Hispanic,Hispanic,"The sample size includes all survey respondents ages 65 years and older except those with missing, ""don't know"", or ""refused"" answers.",Percentage of adults 65 years and older who never had a pneumonia shot.,[federated.1vgb48v110x54q1gh5bp80qi14v1].[sum:Sample Size (copy)_529735946285486081:qk],Sample Size*,690
Data Table Builder 2002-2010,"Pneumonia Shot, 65+",0.664,feature_name_fuzzy,"Never Had Pneumonia Shot, Age 65+",Data Table 2002-2010,Age Group,Age Group,65+,65+,"The sample size includes all survey respondents ages 65 years and older except those with missing, ""don't know"", or ""refused"" answers.",Percentage of adults 65 years and older who never had a pneumonia shot.,[federated.1vgb48v110x54q1gh5bp80qi14v1].[sum:UCI (copy)_529735946288271364:qk],95% CI (Upper),32.1%
Data Table Builder 2002-2010,"Pneumonia Shot, 65+",0.664,feature_name_fuzzy,"Never Had Pneumonia Shot, Age 65+",Data Table 2002-2010,Age Group,Age Group,65+,65+,"The sample size includes all survey respondents ages 65 years and older except those with missing, ""don't know"", or ""refused"" answers.",Percentage of adults 65 years and older who never had a pneumonia shot.,[federated.1vgb48v110x54q1gh5bp80qi14v1].[sum:LCI (copy)_529735946288033795:qk],95% CI (Lower),27.7%
Data Table Builder 2002-2010,"Pneumonia Shot, 65+",0.664,feature_name_fuzzy,"Never Had Pneumonia Shot, Age 65+",Data Table 2002-2010,Age Group,Age Group,65+,65+,"The sample size includes all survey respondents ages 65 years and older except those with missing, ""don't know"", or ""refused"" answers.",Percentage of adults 65 years and older who never had a pneumonia shot.,[federated.1vgb48v110x54q1gh5bp80qi14v1].[sum:Percent (copy)_529735946287837186:qk],Percentage,29.9%
Data Table Builder 2002-2010,"Pneumonia Shot, 65+",0.664,feature_name_fuzzy,"Never Had Pneumonia Shot, Age 65+",Data Table 2002-2010,Age Group,Age Group,65+,65+,"The sample size includes all survey respondents ages 65 years and older except those with missing, ""don't know"", or ""refused"" answers.",Percentage of adults 65 years and older who never had a pneumonia shot.,[federated.1vgb48v110x54q1gh5bp80qi14v1].[sum:Sample Size (copy)_529735946285486081:qk],Sample Size*,"4,410"
Data Table Builder 2002-2010,"Pneumonia Shot, 65+",0.664,feature_name_fuzzy,"Never Had Pneumonia Shot, Age 65+",Data Table 2002-2010,Education,Education,COL,College Graduate,"The sample size includes all survey respondents ages 65 years and older except those with missing, ""don't know"", or ""refused"" answers.",Percentage of adults 65 years and older who never had a pneumonia shot.,[federated.1vgb48v110x54q1gh5bp80qi14v1].[sum:UCI (copy)_529735946288271364:qk],95% CI (Upper),34.0%
Data Table Builder 2002-2010,"Pneumonia Shot, 65+",0.664,feature_name_fuzzy,"Never Had Pneumonia Shot, Age 65+",Data Table 2002-2010,Education,Education,SCOL,Some College,"The sample size includes all survey respondents ages 65 years and older except those with missing, ""don't know"", or ""refused"" answers.",Percentage of adults 65 years and older who never had a pneumonia shot.,[federated.1vgb48v110x54q1gh5bp80qi14v1].[sum:UCI (copy)_529735946288271364:qk],95% CI (Upper),31.0%
Data Table Builder 2002-2010,"Pneumonia Shot, 65+",0.664,feature_name_fuzzy,"Never Had Pneumonia Shot, Age 65+",Data Table 2002-2010,Education,Education,HS,High School Graduate,"The sample size includes all survey respondents ages 65 years and older except those with missing, ""don't know"", or ""refused"" answers.",Percentage of adults 65 years and older who never had a pneumonia shot.,[federated.1vgb48v110x54q1gh5bp80qi14v1].[sum:UCI (copy)_529735946288271364:qk],95% CI (Upper),31.5%
Data Table Builder 2002-2010,"Pneumonia Shot, 65+",0.664,feature_name_fuzzy,"Never Had Pneumonia Shot, Age 65+",Data Table 2002-2010,Education,Education,<HS,Less Than High School,"The sample size includes all survey respondents ages 65 years and older except those with missing, ""don't know"", or ""refused"" answers.",Percentage of adults 65 years and older who never had a pneumonia shot.,[federated.1vgb48v110x54q1gh5bp80qi14v1].[sum:UCI (copy)_529735946288271364:qk],95% CI (Upper),48.4%
Data Table Builder 2002-2010,"Pneumonia Shot, 65+",0.664,feature_name_fuzzy,"Never Had Pneumonia Shot, Age 65+",Data Table 2002-2010,Education,Education,COL,College Graduate,"The sample size includes all survey respondents ages 65 years and older except those with missing, ""don't know"", or ""refused"" answers.",Percentage of adults 65 years and older who never had a pneumonia shot.,[federated.1vgb48v110x54q1gh5bp80qi14v1].[sum:LCI (copy)_529735946288033795:qk],95% CI (Lower),25.9%
Data Table Builder 2002-2010,"Pneumonia Shot, 65+",0.664,feature_name_fuzzy,"Never Had Pneumonia Shot, Age 65+",Data Table 2002-2010,Education,Education,SCOL,Some College,"The sample size includes all survey respondents ages 65 years and older except those with missing, ""don't know"", or ""refused"" answers.",Percentage of adults 65 years and older who never had a pneumonia shot.,[federated.1vgb48v110x54q1gh5bp80qi14v1].[sum:LCI (copy)_529735946288033795:qk],95% CI (Lower),22.5%
Data Table Builder 2002-2010,"Pneumonia Shot, 65+",0.664,feature_name_fuzzy,"Never Had Pneumonia Shot, Age 65+",Data Table 2002-2010,Education,Education,HS,High School Graduate,"The sample size includes all survey respondents ages 65 years and older except those with missing, ""don't know"", or ""refused"" answers.",Percentage of adults 65 years and older who never had a pneumonia shot.,[federated.1vgb48v110x54q1gh5bp80qi14v1].[sum:LCI (copy)_529735946288033795:qk],95% CI (Lower),23.8%
Data Table Builder 2002-2010,"Pneumonia Shot, 65+",0.664,feature_name_fuzzy,"Never Had Pneumonia Shot, Age 65+",Data Table 2002-2010,Education,Education,<HS,Less Than High School,"The sample size includes all survey respondents ages 65 years and older except those with missing, ""don't know"", or ""refused"" answers.",Percentage of adults 65 years and older who never had a pneumonia shot.,[federated.1vgb48v110x54q1gh5bp80qi14v1].[sum:LCI (copy)_529735946288033795:qk],95% CI (Lower),35.5%
Data Table Builder 2002-2010,"Pneumonia Shot, 65+",0.664,feature_name_fuzzy,"Never Had Pneumonia Shot, Age 65+",Data Table 2002-2010,Education,Education,COL,College Graduate,"The sample size includes all survey respondents ages 65 years and older except those with missing, ""don't know"", or ""refused"" answers.",Percentage of adults 65 years and older who never had a pneumonia shot.,[federated.1vgb48v110x54q1gh5bp80qi14v1].[sum:Percent (copy)_529735946287837186:qk],Percentage,29.8%
Data Table Builder 2002-2010,"Pneumonia Shot, 65+",0.664,feature_name_fuzzy,"Never Had Pneumonia Shot, Age 65+",Data Table 2002-2010,Education,Education,SCOL,Some College,"The sample size includes all survey respondents ages 65 years and older except those with missing, ""don't know"", or ""refused"" answers.",Percentage of adults 65 years and older who never had a pneumonia shot.,[federated.1vgb48v110x54q1gh5bp80qi14v1].[sum:Percent (copy)_529735946287837186:qk],Percentage,26.5%
Data Table Builder 2002-2010,"Pneumonia Shot, 65+",0.664,feature_name_fuzzy,"Never Had Pneumonia Shot, Age 65+",Data Table 2002-2010,Education,Education,HS,High School Graduate,"The sample size includes all survey respondents ages 65 years and older except those with missing, ""don't know"", or ""refused"" answers.",Percentage of adults 65 years and older who never had a pneumonia shot.,[federated.1vgb48v110x54q1gh5bp80qi14v1].[sum:Percent (copy)_529735946287837186:qk],Percentage,27.5%
Data Table Builder 2002-2010,"Pneumonia Shot, 65+",0.664,feature_name_fuzzy,"Never Had Pneumonia Shot, Age 65+",Data Table 2002-2010,Education,Education,<HS,Less Than High School,"The sample size includes all survey respondents ages 65 years and older except those with missing, ""don't know"", or ""refused"" answers.",Percentage of adults 65 years and older who never had a pneumonia shot.,[federated.1vgb48v110x54q1gh5bp80qi14v1].[sum:Percent (copy)_529735946287837186:qk],Percentage,41.8%
Data Table Builder 2002-2010,"Pneumonia Shot, 65+",0.664,feature_name_fuzzy,"Never Had Pneumonia Shot, Age 65+",Data Table 2002-2010,Education,Education,COL,College Graduate,"The sample size includes all survey respondents ages 65 years and older except those with missing, ""don't know"", or ""refused"" answers.",Percentage of adults 65 years and older who never had a pneumonia shot.,[federated.1vgb48v110x54q1gh5bp80qi14v1].[sum:Sample Size (copy)_529735946285486081:qk],Sample Size*,"1,319"
Data Table Builder 2002-2010,"Pneumonia Shot, 65+",0.664,feature_name_fuzzy,"Never Had Pneumonia Shot, Age 65+",Data Table 2002-2010,Education,Education,SCOL,Some College,"The sample size includes all survey respondents ages 65 years and older except those with missing, ""don't know"", or ""refused"" answers.",Percentage of adults 65 years and older who never had a pneumonia shot.,[federated.1vgb48v110x54q1gh5bp80qi14v1].[sum:Sample Size (copy)_529735946285486081:qk],Sample Size*,"1,173"
Data Table Builder 2002-2010,"Pneumonia Shot, 65+",0.664,feature_name_fuzzy,"Never Had Pneumonia Shot, Age 65+",Data Table 2002-2010,Education,Education,HS,High School Graduate,"The sample size includes all survey respondents ages 65 years and older except those with missing, ""don't know"", or ""refused"" answers.",Percentage of adults 65 years and older who never had a pneumonia shot.,[federated.1vgb48v110x54q1gh5bp80qi14v1].[sum:Sample Size (copy)_529735946285486081:qk],Sample Size*,"1,294"
Data Table Builder 2002-2010,"Pneumonia Shot, 65+",0.664,feature_name_fuzzy,"Never Had Pneumonia Shot, Age 65+",Data Table 2002-2010,Education,Education,<HS,Less Than High School,"The sample size includes all survey respondents ages 65 years and older except those with missing, ""don't know"", or ""refused"" answers.",Percentage of adults 65 years and older who never had a pneumonia shot.,[federated.1vgb48v110x54q1gh5bp80qi14v1].[sum:Sample Size (copy)_529735946285486081:qk],Sample Size*,612
Data Table Builder 2002-2010,"Pneumonia Shot, 65+",0.664,feature_name_fuzzy,"Never Had Pneumonia Shot, Age 65+",Data Table 2002-2010,Income Level,Income Level,50K+,"$50,000 or More","The sample size includes all survey respondents ages 65 years and older except those with missing, ""don't know"", or ""refused"" answers.",Percentage of adults 65 years and older who never had a pneumonia shot.,[federated.1vgb48v110x54q1gh5bp80qi14v1].[sum:UCI (copy)_529735946288271364:qk],95% CI (Upper),32.5%
Data Table Builder 2002-2010,"Pneumonia Shot, 65+",0.664,feature_name_fuzzy,"Never Had Pneumonia Shot, Age 65+",Data Table 2002-2010,Income Level,Income Level,25-50K,"$25,000-$49,999","The sample size includes all survey respondents ages 65 years and older except those with missing, ""don't know"", or ""refused"" answers.",Percentage of adults 65 years and older who never had a pneumonia shot.,[federated.1vgb48v110x54q1gh5bp80qi14v1].[sum:UCI (copy)_529735946288271364:qk],95% CI (Upper),35.6%
Data Table Builder 2002-2010,"Pneumonia Shot, 65+",0.664,feature_name_fuzzy,"Never Had Pneumonia Shot, Age 65+",Data Table 2002-2010,Income Level,Income Level,<25K,"Less Than $25,000","The sample size includes all survey respondents ages 65 years and older except those with missing, ""don't know"", or ""refused"" answers.",Percentage of adults 65 years and older who never had a pneumonia shot.,[federated.1vgb48v110x54q1gh5bp80qi14v1].[sum:UCI (copy)_529735946288271364:qk],95% CI (Upper),36.4%
Data Table Builder 2002-2010,"Pneumonia Shot, 65+",0.664,feature_name_fuzzy,"Never Had Pneumonia Shot, Age 65+",Data Table 2002-2010,Income Level,Income Level,50K+,"$50,000 or More","The sample size includes all survey respondents ages 65 years and older except those with missing, ""don't know"", or ""refused"" answers.",Percentage of adults 65 years and older who never had a pneumonia shot.,[federated.1vgb48v110x54q1gh5bp80qi14v1].[sum:LCI (copy)_529735946288033795:qk],95% CI (Lower),23.8%
Data Table Builder 2002-2010,"Pneumonia Shot, 65+",0.664,feature_name_fuzzy,"Never Had Pneumonia Shot, Age 65+",Data Table 2002-2010,Income Level,Income Level,25-50K,"$25,000-$49,999","The sample size includes all survey respondents ages 65 years and older except those with missing, ""don't know"", or ""refused"" answers.",Percentage of adults 65 years and older who never had a pneumonia shot.,[federated.1vgb48v110x54q1gh5bp80qi14v1].[sum:LCI (copy)_529735946288033795:qk],95% CI (Lower),26.6%
Data Table Builder 2002-2010,"Pneumonia Shot, 65+",0.664,feature_name_fuzzy,"Never Had Pneumonia Shot, Age 65+",Data Table 2002-2010,Income Level,Income Level,<25K,"Less Than $25,000","The sample size includes all survey respondents ages 65 years and older except those with missing, ""don't know"", or ""refused"" answers.",Percentage of adults 65 years and older who never had a pneumonia shot.,[federated.1vgb48v110x54q1gh5bp80qi14v1].[sum:LCI (copy)_529735946288033795:qk],95% CI (Lower),28.2%
Data Table Builder 2002-2010,"Pneumonia Shot, 65+",0.664,feature_name_fuzzy,"Never Had Pneumonia Shot, Age 65+",Data Table 2002-2010,Income Level,Income Level,50K+,"$50,000 or More","The sample size includes all survey respondents ages 65 years and older except those with missing, ""don't know"", or ""refused"" answers.",Percentage of adults 65 years and older who never had a pneumonia shot.,[federated.1vgb48v110x54q1gh5bp80qi14v1].[sum:Percent (copy)_529735946287837186:qk],Percentage,27.9%
Data Table Builder 2002-2010,"Pneumonia Shot, 65+",0.664,feature_name_fuzzy,"Never Had Pneumonia Shot, Age 65+",Data Table 2002-2010,Income Level,Income Level,25-50K,"$25,000-$49,999","The sample size includes all survey respondents ages 65 years and older except those with missing, ""don't know"", or ""refused"" answers.",Percentage of adults 65 years and older who never had a pneumonia shot.,[federated.1vgb48v110x54q1gh5bp80qi14v1].[sum:Percent (copy)_529735946287837186:qk],Percentage,30.9%
Data Table Builder 2002-2010,"Pneumonia Shot, 65+",0.664,feature_name_fuzzy,"Never Had Pneumonia Shot, Age 65+",Data Table 2002-2010,Income Level,Income Level,<25K,"Less Than $25,000","The sample size includes all survey respondents ages 65 years and older except those with missing, ""don't know"", or ""refused"" answers.",Percentage of adults 65 years and older who never had a pneumonia shot.,[federated.1vgb48v110x54q1gh5bp80qi14v1].[sum:Percent (copy)_529735946287837186:qk],Percentage,32.1%
Data Table Builder 2002-2010,"Pneumonia Shot, 65+",0.664,feature_name_fuzzy,"Never Had Pneumonia Shot, Age 65+",Data Table 2002-2010,Income Level,Income Level,50K+,"$50,000 or More","The sample size includes all survey respondents ages 65 years and older except those with missing, ""don't know"", or ""refused"" answers.",Percentage of adults 65 years and older who never had a pneumonia shot.,[federated.1vgb48v110x54q1gh5bp80qi14v1].[sum:Sample Size (copy)_529735946285486081:qk],Sample Size*,"1,021"
Data Table Builder 2002-2010,"Pneumonia Shot, 65+",0.664,feature_name_fuzzy,"Never Had Pneumonia Shot, Age 65+",Data Table 2002-2010,Income Level,Income Level,25-50K,"$25,000-$49,999","The sample size includes all survey respondents ages 65 years and older except those with missing, ""don't know"", or ""refused"" answers.",Percentage of adults 65 years and older who never had a pneumonia shot.,[federated.1vgb48v110x54q1gh5bp80qi14v1].[sum:Sample Size (copy)_529735946285486081:qk],Sample Size*,"1,116"
Data Table Builder 2002-2010,"Pneumonia Shot, 65+",0.664,feature_name_fuzzy,"Never Had Pneumonia Shot, Age 65+",Data Table 2002-2010,Income Level,Income Level,<25K,"Less Than $25,000","The sample size includes all survey respondents ages 65 years and older except those with missing, ""don't know"", or ""refused"" answers.",Percentage of adults 65 years and older who never had a pneumonia shot.,[federated.1vgb48v110x54q1gh5bp80qi14v1].[sum:Sample Size (copy)_529735946285486081:qk],Sample Size*,"1,397"
Data Table Builder 2002-2010,Flu Shot in Past Year,0.499,feature_name_fuzzy,"No Flu Shot in the Past 12 Months, Age 18+",Data Table 2002-2010 (mobile),Total,Total,Total,Total,"The sample size includes all survey respondents except those with  missing, ""don't know"", or ""refused"" answers.",Percentage of adults 18 years and older who did not have a flu vaccine (shot or spray) within the past 12 months.,[federated.1vgb48v110x54q1gh5bp80qi14v1].[sum:UCI (copy)_529735946288271364:qk],95% CI (Upper),30.3%
Data Table Builder 2002-2010,Flu Shot in Past Year,0.499,feature_name_fuzzy,"No Flu Shot in the Past 12 Months, Age 18+",Data Table 2002-2010 (mobile),Total,Total,Total,Total,"The sample size includes all survey respondents except those with  missing, ""don't know"", or ""refused"" answers.",Percentage of adults 18 years and older who did not have a flu vaccine (shot or spray) within the past 12 months.,[federated.1vgb48v110x54q1gh5bp80qi14v1].[sum:LCI (copy)_529735946288033795:qk],95% CI (Lower),27.7%
Data Table Builder 2002-2010,Flu Shot in Past Year,0.499,feature_name_fuzzy,"No Flu Shot in the Past 12 Months, Age 18+",Data Table 2002-2010 (mobile),Total,Total,Total,Total,"The sample size includes all survey respondents except those with  missing, ""don't know"", or ""refused"" answers.",Percentage of adults 18 years and older who did not have a flu vaccine (shot or spray) within the past 12 months.,[federated.1vgb48v110x54q1gh5bp80qi14v1].[sum:Percent (copy)_529735946287837186:qk],Percentage,29.0%
Data Table Builder 2002-2010,Flu Shot in Past Year,0.499,feature_name_fuzzy,"No Flu Shot in the Past 12 Months, Age 18+",Data Table 2002-2010 (mobile),Total,Total,Total,Total,"The sample size includes all survey respondents except those with  missing, ""don't know"", or ""refused"" answers.",Percentage of adults 18 years and older who did not have a flu vaccine (shot or spray) within the past 12 months.,[federated.1vgb48v110x54q1gh5bp80qi14v1].[sum:Sample Size (copy)_529735946285486081:qk],Sample Size*,"6,088"
Data Table Builder 2002-2010,Flu Shot in Past Year,0.499,feature_name_fuzzy,"No Flu Shot in the Past 12 Months, Age 18+",Data Table 2002-2010 (mobile),Sex,Sex,Male,Male,"The sample size includes all survey respondents except those with  missing, ""don't know"", or ""refused"" answers.",Percentage of adults 18 years and older who did not have a flu vaccine (shot or spray) within the past 12 months.,[federated.1vgb48v110x54q1gh5bp80qi14v1].[sum:UCI (copy)_529735946288271364:qk],95% CI (Upper),29.9%
Data Table Builder 2002-2010,Flu Shot in Past Year,0.499,feature_name_fuzzy,"No Flu Shot in the Past 12 Months, Age 18+",Data Table 2002-2010 (mobile),Sex,Sex,Female,Female,"The sample size includes all survey respondents except those with  missing, ""don't know"", or ""refused"" answers.",Percentage of adults 18 years and older who did not have a flu vaccine (shot or spray) within the past 12 months.,[federated.1vgb48v110x54q1gh5bp80qi14v1].[sum:UCI (copy)_529735946288271364:qk],95% CI (Upper),31.8%
Data Table Builder 2002-2010,Flu Shot in Past Year,0.499,feature_name_fuzzy,"No Flu Shot in the Past 12 Months, Age 18+",Data Table 2002-2010 (mobile),Sex,Sex,Male,Male,"The sample size includes all survey respondents except those with  missing, ""don't know"", or ""refused"" answers.",Percentage of adults 18 years and older who did not have a flu vaccine (shot or spray) within the past 12 months.,[federated.1vgb48v110x54q1gh5bp80qi14v1].[sum:LCI (copy)_529735946288033795:qk],95% CI (Lower),25.8%
Data Table Builder 2002-2010,Flu Shot in Past Year,0.499,feature_name_fuzzy,"No Flu Shot in the Past 12 Months, Age 18+",Data Table 2002-2010 (mobile),Sex,Sex,Female,Female,"The sample size includes all survey respondents except those with  missing, ""don't know"", or ""refused"" answers.",Percentage of adults 18 years and older who did not have a flu vaccine (shot or spray) within the past 12 months.,[federated.1vgb48v110x54q1gh5bp80qi14v1].[sum:LCI (copy)_529735946288033795:qk],95% CI (Lower),28.4%
Data Table Builder 2002-2010,Flu Shot in Past Year,0.499,feature_name_fuzzy,"No Flu Shot in the Past 12 Months, Age 18+",Data Table 2002-2010 (mobile),Sex,Sex,Male,Male,"The sample size includes all survey respondents except those with  missing, ""don't know"", or ""refused"" answers.",Percentage of adults 18 years and older who did not have a flu vaccine (shot or spray) within the past 12 months.,[federated.1vgb48v110x54q1gh5bp80qi14v1].[sum:Percent (copy)_529735946287837186:qk],Percentage,27.8%
Data Table Builder 2002-2010,Flu Shot in Past Year,0.499,feature_name_fuzzy,"No Flu Shot in the Past 12 Months, Age 18+",Data Table 2002-2010 (mobile),Sex,Sex,Female,Female,"The sample size includes all survey respondents except those with  missing, ""don't know"", or ""refused"" answers.",Percentage of adults 18 years and older who did not have a flu vaccine (shot or spray) within the past 12 months.,[federated.1vgb48v110x54q1gh5bp80qi14v1].[sum:Percent (copy)_529735946287837186:qk],Percentage,30.1%
Data Table Builder 2002-2010,Flu Shot in Past Year,0.499,feature_name_fuzzy,"No Flu Shot in the Past 12 Months, Age 18+",Data Table 2002-2010 (mobile),Sex,Sex,Male,Male,"The sample size includes all survey respondents except those with  missing, ""don't know"", or ""refused"" answers.",Percentage of adults 18 years and older who did not have a flu vaccine (shot or spray) within the past 12 months.,[federated.1vgb48v110x54q1gh5bp80qi14v1].[sum:Sample Size (copy)_529735946285486081:qk],Sample Size*,"2,397"
Data Table Builder 2002-2010,Flu Shot in Past Year,0.499,feature_name_fuzzy,"No Flu Shot in the Past 12 Months, Age 18+",Data Table 2002-2010 (mobile),Sex,Sex,Female,Female,"The sample size includes all survey respondents except those with  missing, ""don't know"", or ""refused"" answers.",Percentage of adults 18 years and older who did not have a flu vaccine (shot or spray) within the past 12 months.,[federated.1vgb48v110x54q1gh5bp80qi14v1].[sum:Sample Size (copy)_529735946285486081:qk],Sample Size*,"3,691"
Data Table Builder 2002-2010,Flu Shot in Past Year,0.499,feature_name_fuzzy,"No Flu Shot in the Past 12 Months, Age 18+",Data Table 2002-2010 (mobile),Race/Ethnicity,Race/Ethnicity,White,Non-Hispanic White,"The sample size includes all survey respondents except those with  missing, ""don't know"", or ""refused"" answers.",Percentage of adults 18 years and older who did not have a flu vaccine (shot or spray) within the past 12 months.,[federated.1vgb48v110x54q1gh5bp80qi14v1].[sum:UCI (copy)_529735946288271364:qk],95% CI (Upper),35.2%
Data Table Builder 2002-2010,Flu Shot in Past Year,0.499,feature_name_fuzzy,"No Flu Shot in the Past 12 Months, Age 18+",Data Table 2002-2010 (mobile),Race/Ethnicity,Race/Ethnicity,Black,Non Hispanic Black,"The sample size includes all survey respondents except those with  missing, ""don't know"", or ""refused"" answers.",Percentage of adults 18 years and older who did not have a flu vaccine (shot or spray) within the past 12 months.,[federated.1vgb48v110x54q1gh5bp80qi14v1].[sum:UCI (copy)_529735946288271364:qk],95% CI (Upper),31.7%
Data Table Builder 2002-2010,Flu Shot in Past Year,0.499,feature_name_fuzzy,"No Flu Shot in the Past 12 Months, Age 18+",Data Table 2002-2010 (mobile),Race/Ethnicity,Race/Ethnicity,Hispanic,Hispanic,"The sample size includes all survey respondents except those with  missing, ""don't know"", or ""refused"" answers.",Percentage of adults 18 years and older who did not have a flu vaccine (shot or spray) within the past 12 months.,[federated.1vgb48v110x54q1gh5bp80qi14v1].[sum:UCI (copy)_529735946288271364:qk],95% CI (Upper),23.5%
Data Table Builder 2002-2010,Flu Shot in Past Year,0.499,feature_name_fuzzy,"No Flu Shot in the Past 12 Months, Age 18+",Data Table 2002-2010 (mobile),Race/Ethnicity,Race/Ethnicity,White,Non-Hispanic White,"The sample size includes all survey respondents except those with  missing, ""don't know"", or ""refused"" answers.",Percentage of adults 18 years and older who did not have a flu vaccine (shot or spray) within the past 12 months.,[federated.1vgb48v110x54q1gh5bp80qi14v1].[sum:LCI (copy)_529735946288033795:qk],95% CI (Lower),31.7%
Data Table Builder 2002-2010,Flu Shot in Past Year,0.499,feature_name_fuzzy,"No Flu Shot in the Past 12 Months, Age 18+",Data Table 2002-2010 (mobile),Race/Ethnicity,Race/Ethnicity,Black,Non Hispanic Black,"The sample size includes all survey respondents except those with  missing, ""don't know"", or ""refused"" answers.",Percentage of adults 18 years and older who did not have a flu vaccine (shot or spray) within the past 12 months.,[federated.1vgb48v110x54q1gh5bp80qi14v1].[sum:LCI (copy)_529735946288033795:qk],95% CI (Lower),23.1%
Data Table Builder 2002-2010,Flu Shot in Past Year,0.499,feature_name_fuzzy,"No Flu Shot in the Past 12 Months, Age 18+",Data Table 2002-2010 (mobile),Race/Ethnicity,Race/Ethnicity,Hispanic,Hispanic,"The sample size includes all survey respondents except those with  missing, ""don't know"", or ""refused"" answers.",Percentage of adults 18 years and older who did not have a flu vaccine (shot or spray) within the past 12 months.,[federated.1vgb48v110x54q1gh5bp80qi14v1].[sum:LCI (copy)_529735946288033795:qk],95% CI (Lower),18.7%
Data Table Builder 2002-2010,Flu Shot in Past Year,0.499,feature_name_fuzzy,"No Flu Shot in the Past 12 Months, Age 18+",Data Table 2002-2010 (mobile),Race/Ethnicity,Race/Ethnicity,White,Non-Hispanic White,"The sample size includes all survey respondents except those with  missing, ""don't know"", or ""refused"" answers.",Percentage of adults 18 years and older who did not have a flu vaccine (shot or spray) within the past 12 months.,[federated.1vgb48v110x54q1gh5bp80qi14v1].[sum:Percent (copy)_529735946287837186:qk],Percentage,33.4%
Data Table Builder 2002-2010,Flu Shot in Past Year,0.499,feature_name_fuzzy,"No Flu Shot in the Past 12 Months, Age 18+",Data Table 2002-2010 (mobile),Race/Ethnicity,Race/Ethnicity,Black,Non Hispanic Black,"The sample size includes all survey respondents except those with  missing, ""don't know"", or ""refused"" answers.",Percentage of adults 18 years and older who did not have a flu vaccine (shot or spray) within the past 12 months.,[federated.1vgb48v110x54q1gh5bp80qi14v1].[sum:Percent (copy)_529735946287837186:qk],Percentage,27.2%
Data Table Builder 2002-2010,Flu Shot in Past Year,0.499,feature_name_fuzzy,"No Flu Shot in the Past 12 Months, Age 18+",Data Table 2002-2010 (mobile),Race/Ethnicity,Race/Ethnicity,Hispanic,Hispanic,"The sample size includes all survey respondents except those with  missing, ""don't know"", or ""refused"" answers.",Percentage of adults 18 years and older who did not have a flu vaccine (shot or spray) within the past 12 months.,[federated.1vgb48v110x54q1gh5bp80qi14v1].[sum:Percent (copy)_529735946287837186:qk],Percentage,21.0%
Data Table Builder 2002-2010,Flu Shot in Past Year,0.499,feature_name_fuzzy,"No Flu Shot in the Past 12 Months, Age 18+",Data Table 2002-2010 (mobile),Race/Ethnicity,Race/Ethnicity,White,Non-Hispanic White,"The sample size includes all survey respondents except those with  missing, ""don't know"", or ""refused"" answers.",Percentage of adults 18 years and older who did not have a flu vaccine (shot or spray) within the past 12 months.,[federated.1vgb48v110x54q1gh5bp80qi14v1].[sum:Sample Size (copy)_529735946285486081:qk],Sample Size*,"3,780"
Data Table Builder 2002-2010,Flu Shot in Past Year,0.499,feature_name_fuzzy,"No Flu Shot in the Past 12 Months, Age 18+",Data Table 2002-2010 (mobile),Race/Ethnicity,Race/Ethnicity,Black,Non Hispanic Black,"The sample size includes all survey respondents except those with  missing, ""don't know"", or ""refused"" answers.",Percentage of adults 18 years and older who did not have a flu vaccine (shot or spray) within the past 12 months.,[federated.1vgb48v110x54q1gh5bp80qi14v1].[sum:Sample Size (copy)_529735946285486081:qk],Sample Size*,550
Data Table Builder 2002-2010,Flu Shot in Past Year,0.499,feature_name_fuzzy,"No Flu Shot in the Past 12 Months, Age 18+",Data Table 2002-2010 (mobile),Race/Ethnicity,Race/Ethnicity,Hispanic,Hispanic,"The sample size includes all survey respondents except those with  missing, ""don't know"", or ""refused"" answers.",Percentage of adults 18 years and older who did not have a flu vaccine (shot or spray) within the past 12 months.,[federated.1vgb48v110x54q1gh5bp80qi14v1].[sum:Sample Size (copy)_529735946285486081:qk],Sample Size*,"1,465"
Data Table Builder 2002-2010,Flu Shot in Past Year,0.499,feature_name_fuzzy,"No Flu Shot in the Past 12 Months, Age 18+",Data Table 2002-2010 (mobile),Age Group,Age Group,65+,65+,"The sample size includes all survey respondents except those with  missing, ""don't know"", or ""refused"" answers.",Percentage of adults 18 years and older who did not have a flu vaccine (shot or spray) within the past 12 months.,[federated.1vgb48v110x54q1gh5bp80qi14v1].[sum:UCI (copy)_529735946288271364:qk],95% CI (Upper),64.5%
Data Table Builder 2002-2010,Flu Shot in Past Year,0.499,feature_name_fuzzy,"No Flu Shot in the Past 12 Months, Age 18+",Data Table 2002-2010 (mobile),Age Group,Age Group,45-64,45-64,"The sample size includes all survey respondents except those with  missing, ""don't know"", or ""refused"" answers.",Percentage of adults 18 years and older who did not have a flu vaccine (shot or spray) within the past 12 months.,[federated.1vgb48v110x54q1gh5bp80qi14v1].[sum:UCI (copy)_529735946288271364:qk],95% CI (Upper),35.5%
Data Table Builder 2002-2010,Flu Shot in Past Year,0.499,feature_name_fuzzy,"No Flu Shot in the Past 12 Months, Age 18+",Data Table 2002-2010 (mobile),Age Group,Age Group,30-44,30-44,"The sample size includes all survey respondents except those with  missing, ""don't know"", or ""refused"" answers.",Percentage of adults 18 years and older who did not have a flu vaccine (shot or spray) within the past 12 months.,[federated.1vgb48v110x54q1gh5bp80qi14v1].[sum:UCI (copy)_529735946288271364:qk],95% CI (Upper),20.6%
Data Table Builder 2002-2010,Flu Shot in Past Year,0.499,feature_name_fuzzy,"No Flu Shot in the Past 12 Months, Age 18+",Data Table 2002-2010 (mobile),Age Group,Age Group,18-29,18-29,"The sample size includes all survey respondents except those with  missing, ""don't know"", or ""refused"" answers.",Percentage of adults 18 years and older who did not have a flu vaccine (shot or spray) within the past 12 months.,[federated.1vgb48v110x54q1gh5bp80qi14v1].[sum:UCI (copy)_529735946288271364:qk],95% CI (Upper),23.0%
Data Table Builder 2002-2010,Flu Shot in Past Year,0.499,feature_name_fuzzy,"No Flu Shot in the Past 12 Months, Age 18+",Data Table 2002-2010 (mobile),Age Group,Age Group,65+,65+,"The sample size includes all survey respondents except those with  missing, ""don't know"", or ""refused"" answers.",Percentage of adults 18 years and older who did not have a flu vaccine (shot or spray) within the past 12 months.,[federated.1vgb48v110x54q1gh5bp80qi14v1].[sum:LCI (copy)_529735946288033795:qk],95% CI (Lower),57.3%
Data Table Builder 2002-2010,Flu Shot in Past Year,0.499,feature_name_fuzzy,"No Flu Shot in the Past 12 Months, Age 18+",Data Table 2002-2010 (mobile),Age Group,Age Group,45-64,45-64,"The sample size includes all survey respondents except those with  missing, ""don't know"", or ""refused"" answers.",Percentage of adults 18 years and older who did not have a flu vaccine (shot or spray) within the past 12 months.,[federated.1vgb48v110x54q1gh5bp80qi14v1].[sum:LCI (copy)_529735946288033795:qk],95% CI (Lower),30.3%
Data Table Builder 2002-2010,Flu Shot in Past Year,0.499,feature_name_fuzzy,"No Flu Shot in the Past 12 Months, Age 18+",Data Table 2002-2010 (mobile),Age Group,Age Group,30-44,30-44,"The sample size includes all survey respondents except those with  missing, ""don't know"", or ""refused"" answers.",Percentage of adults 18 years and older who did not have a flu vaccine (shot or spray) within the past 12 months.,[federated.1vgb48v110x54q1gh5bp80qi14v1].[sum:LCI (copy)_529735946288033795:qk],95% CI (Lower),16.6%
Data Table Builder 2002-2010,Flu Shot in Past Year,0.499,feature_name_fuzzy,"No Flu Shot in the Past 12 Months, Age 18+",Data Table 2002-2010 (mobile),Age Group,Age Group,18-29,18-29,"The sample size includes all survey respondents except those with  missing, ""don't know"", or ""refused"" answers.",Percentage of adults 18 years and older who did not have a flu vaccine (shot or spray) within the past 12 months.,[federated.1vgb48v110x54q1gh5bp80qi14v1].[sum:LCI (copy)_529735946288033795:qk],95% CI (Lower),17.5%
Data Table Builder 2002-2010,Flu Shot in Past Year,0.499,feature_name_fuzzy,"No Flu Shot in the Past 12 Months, Age 18+",Data Table 2002-2010 (mobile),Age Group,Age Group,65+,65+,"The sample size includes all survey respondents except those with  missing, ""don't know"", or ""refused"" answers.",Percentage of adults 18 years and older who did not have a flu vaccine (shot or spray) within the past 12 months.,[federated.1vgb48v110x54q1gh5bp80qi14v1].[sum:Percent (copy)_529735946287837186:qk],Percentage,61.0%
Data Table Builder 2002-2010,Flu Shot in Past Year,0.499,feature_name_fuzzy,"No Flu Shot in the Past 12 Months, Age 18+",Data Table 2002-2010 (mobile),Age Group,Age Group,45-64,45-64,"The sample size includes all survey respondents except those with  missing, ""don't know"", or ""refused"" answers.",Percentage of adults 18 years and older who did not have a flu vaccine (shot or spray) within the past 12 months.,[federated.1vgb48v110x54q1gh5bp80qi14v1].[sum:Percent (copy)_529735946287837186:qk],Percentage,32.8%
Data Table Builder 2002-2010,Flu Shot in Past Year,0.499,feature_name_fuzzy,"No Flu Shot in the Past 12 Months, Age 18+",Data Table 2002-2010 (mobile),Age Group,Age Group,30-44,30-44,"The sample size includes all survey respondents except those with  missing, ""don't know"", or ""refused"" answers.",Percentage of adults 18 years and older who did not have a flu vaccine (shot or spray) within the past 12 months.,[federated.1vgb48v110x54q1gh5bp80qi14v1].[sum:Percent (copy)_529735946287837186:qk],Percentage,18.5%
Data Table Builder 2002-2010,Flu Shot in Past Year,0.499,feature_name_fuzzy,"No Flu Shot in the Past 12 Months, Age 18+",Data Table 2002-2010 (mobile),Age Group,Age Group,18-29,18-29,"The sample size includes all survey respondents except those with  missing, ""don't know"", or ""refused"" answers.",Percentage of adults 18 years and older who did not have a flu vaccine (shot or spray) within the past 12 months.,[federated.1vgb48v110x54q1gh5bp80qi14v1].[sum:Percent (copy)_529735946287837186:qk],Percentage,20.1%
Data Table Builder 2002-2010,Flu Shot in Past Year,0.499,feature_name_fuzzy,"No Flu Shot in the Past 12 Months, Age 18+",Data Table 2002-2010 (mobile),Age Group,Age Group,65+,65+,"The sample size includes all survey respondents except those with  missing, ""don't know"", or ""refused"" answers.",Percentage of adults 18 years and older who did not have a flu vaccine (shot or spray) within the past 12 months.,[federated.1vgb48v110x54q1gh5bp80qi14v1].[sum:Sample Size (copy)_529735946285486081:qk],Sample Size*,"1,029"
Data Table Builder 2002-2010,Flu Shot in Past Year,0.499,feature_name_fuzzy,"No Flu Shot in the Past 12 Months, Age 18+",Data Table 2002-2010 (mobile),Age Group,Age Group,45-64,45-64,"The sample size includes all survey respondents except those with  missing, ""don't know"", or ""refused"" answers.",Percentage of adults 18 years and older who did not have a flu vaccine (shot or spray) within the past 12 months.,[federated.1vgb48v110x54q1gh5bp80qi14v1].[sum:Sample Size (copy)_529735946285486081:qk],Sample Size*,"1,901"
Data Table Builder 2002-2010,Flu Shot in Past Year,0.499,feature_name_fuzzy,"No Flu Shot in the Past 12 Months, Age 18+",Data Table 2002-2010 (mobile),Age Group,Age Group,30-44,30-44,"The sample size includes all survey respondents except those with  missing, ""don't know"", or ""refused"" answers.",Percentage of adults 18 years and older who did not have a flu vaccine (shot or spray) within the past 12 months.,[federated.1vgb48v110x54q1gh5bp80qi14v1].[sum:Sample Size (copy)_529735946285486081:qk],Sample Size*,"1,959"
Data Table Builder 2002-2010,Flu Shot in Past Year,0.499,feature_name_fuzzy,"No Flu Shot in the Past 12 Months, Age 18+",Data Table 2002-2010 (mobile),Age Group,Age Group,18-29,18-29,"The sample size includes all survey respondents except those with  missing, ""don't know"", or ""refused"" answers.",Percentage of adults 18 years and older who did not have a flu vaccine (shot or spray) within the past 12 months.,[federated.1vgb48v110x54q1gh5bp80qi14v1].[sum:Sample Size (copy)_529735946285486081:qk],Sample Size*,"1,154"
Data Table Builder 2002-2010,Flu Shot in Past Year,0.499,feature_name_fuzzy,"No Flu Shot in the Past 12 Months, Age 18+",Data Table 2002-2010 (mobile),Education,Education,COL,College Graduate,"The sample size includes all survey respondents except those with  missing, ""don't know"", or ""refused"" answers.",Percentage of adults 18 years and older who did not have a flu vaccine (shot or spray) within the past 12 months.,[federated.1vgb48v110x54q1gh5bp80qi14v1].[sum:UCI (copy)_529735946288271364:qk],95% CI (Upper),36.3%
Data Table Builder 2002-2010,Flu Shot in Past Year,0.499,feature_name_fuzzy,"No Flu Shot in the Past 12 Months, Age 18+",Data Table 2002-2010 (mobile),Education,Education,SCOL,Some College,"The sample size includes all survey respondents except those with  missing, ""don't know"", or ""refused"" answers.",Percentage of adults 18 years and older who did not have a flu vaccine (shot or spray) within the past 12 months.,[federated.1vgb48v110x54q1gh5bp80qi14v1].[sum:UCI (copy)_529735946288271364:qk],95% CI (Upper),30.3%
Data Table Builder 2002-2010,Flu Shot in Past Year,0.499,feature_name_fuzzy,"No Flu Shot in the Past 12 Months, Age 18+",Data Table 2002-2010 (mobile),Education,Education,HS,High School Graduate,"The sample size includes all survey respondents except those with  missing, ""don't know"", or ""refused"" answers.",Percentage of adults 18 years and older who did not have a flu vaccine (shot or spray) within the past 12 months.,[federated.1vgb48v110x54q1gh5bp80qi14v1].[sum:UCI (copy)_529735946288271364:qk],95% CI (Upper),32.2%
Data Table Builder 2002-2010,Flu Shot in Past Year,0.499,feature_name_fuzzy,"No Flu Shot in the Past 12 Months, Age 18+",Data Table 2002-2010 (mobile),Education,Education,<HS,Less Than High School,"The sample size includes all survey respondents except those with  missing, ""don't know"", or ""refused"" answers.",Percentage of adults 18 years and older who did not have a flu vaccine (shot or spray) within the past 12 months.,[federated.1vgb48v110x54q1gh5bp80qi14v1].[sum:UCI (copy)_529735946288271364:qk],95% CI (Upper),26.3%
Data Table Builder 2002-2010,Flu Shot in Past Year,0.499,feature_name_fuzzy,"No Flu Shot in the Past 12 Months, Age 18+",Data Table 2002-2010 (mobile),Education,Education,COL,College Graduate,"The sample size includes all survey respondents except those with  missing, ""don't know"", or ""refused"" answers.",Percentage of adults 18 years and older who did not have a flu vaccine (shot or spray) within the past 12 months.,[federated.1vgb48v110x54q1gh5bp80qi14v1].[sum:LCI (copy)_529735946288033795:qk],95% CI (Lower),31.4%
Data Table Builder 2002-2010,Flu Shot in Past Year,0.499,feature_name_fuzzy,"No Flu Shot in the Past 12 Months, Age 18+",Data Table 2002-2010 (mobile),Education,Education,SCOL,Some College,"The sample size includes all survey respondents except those with  missing, ""don't know"", or ""refused"" answers.",Percentage of adults 18 years and older who did not have a flu vaccine (shot or spray) within the past 12 months.,[federated.1vgb48v110x54q1gh5bp80qi14v1].[sum:LCI (copy)_529735946288033795:qk],95% CI (Lower),25.3%
Data Table Builder 2002-2010,Flu Shot in Past Year,0.499,feature_name_fuzzy,"No Flu Shot in the Past 12 Months, Age 18+",Data Table 2002-2010 (mobile),Education,Education,HS,High School Graduate,"The sample size includes all survey respondents except those with  missing, ""don't know"", or ""refused"" answers.",Percentage of adults 18 years and older who did not have a flu vaccine (shot or spray) within the past 12 months.,[federated.1vgb48v110x54q1gh5bp80qi14v1].[sum:LCI (copy)_529735946288033795:qk],95% CI (Lower),27.0%
Data Table Builder 2002-2010,Flu Shot in Past Year,0.499,feature_name_fuzzy,"No Flu Shot in the Past 12 Months, Age 18+",Data Table 2002-2010 (mobile),Education,Education,<HS,Less Than High School,"The sample size includes all survey respondents except those with  missing, ""don't know"", or ""refused"" answers.",Percentage of adults 18 years and older who did not have a flu vaccine (shot or spray) within the past 12 months.,[federated.1vgb48v110x54q1gh5bp80qi14v1].[sum:LCI (copy)_529735946288033795:qk],95% CI (Lower),20.0%
Data Table Builder 2002-2010,Flu Shot in Past Year,0.499,feature_name_fuzzy,"No Flu Shot in the Past 12 Months, Age 18+",Data Table 2002-2010 (mobile),Education,Education,COL,College Graduate,"The sample size includes all survey respondents except those with  missing, ""don't know"", or ""refused"" answers.",Percentage of adults 18 years and older who did not have a flu vaccine (shot or spray) within the past 12 months.,[federated.1vgb48v110x54q1gh5bp80qi14v1].[sum:Percent (copy)_529735946287837186:qk],Percentage,33.8%
Data Table Builder 2002-2010,Flu Shot in Past Year,0.499,feature_name_fuzzy,"No Flu Shot in the Past 12 Months, Age 18+",Data Table 2002-2010 (mobile),Education,Education,SCOL,Some College,"The sample size includes all survey respondents except those with  missing, ""don't know"", or ""refused"" answers.",Percentage of adults 18 years and older who did not have a flu vaccine (shot or spray) within the past 12 months.,[federated.1vgb48v110x54q1gh5bp80qi14v1].[sum:Percent (copy)_529735946287837186:qk],Percentage,27.7%
Data Table Builder 2002-2010,Flu Shot in Past Year,0.499,feature_name_fuzzy,"No Flu Shot in the Past 12 Months, Age 18+",Data Table 2002-2010 (mobile),Education,Education,HS,High School Graduate,"The sample size includes all survey respondents except those with  missing, ""don't know"", or ""refused"" answers.",Percentage of adults 18 years and older who did not have a flu vaccine (shot or spray) within the past 12 months.,[federated.1vgb48v110x54q1gh5bp80qi14v1].[sum:Percent (copy)_529735946287837186:qk],Percentage,29.6%
Data Table Builder 2002-2010,Flu Shot in Past Year,0.499,feature_name_fuzzy,"No Flu Shot in the Past 12 Months, Age 18+",Data Table 2002-2010 (mobile),Education,Education,<HS,Less Than High School,"The sample size includes all survey respondents except those with  missing, ""don't know"", or ""refused"" answers.",Percentage of adults 18 years and older who did not have a flu vaccine (shot or spray) within the past 12 months.,[federated.1vgb48v110x54q1gh5bp80qi14v1].[sum:Percent (copy)_529735946287837186:qk],Percentage,23.0%
Data Table Builder 2002-2010,Flu Shot in Past Year,0.499,feature_name_fuzzy,"No Flu Shot in the Past 12 Months, Age 18+",Data Table 2002-2010 (mobile),Education,Education,COL,College Graduate,"The sample size includes all survey respondents except those with  missing, ""don't know"", or ""refused"" answers.",Percentage of adults 18 years and older who did not have a flu vaccine (shot or spray) within the past 12 months.,[federated.1vgb48v110x54q1gh5bp80qi14v1].[sum:Sample Size (copy)_529735946285486081:qk],Sample Size*,"1,845"
Data Table Builder 2002-2010,Flu Shot in Past Year,0.499,feature_name_fuzzy,"No Flu Shot in the Past 12 Months, Age 18+",Data Table 2002-2010 (mobile),Education,Education,SCOL,Some College,"The sample size includes all survey respondents except those with  missing, ""don't know"", or ""refused"" answers.",Percentage of adults 18 years and older who did not have a flu vaccine (shot or spray) within the past 12 months.,[federated.1vgb48v110x54q1gh5bp80qi14v1].[sum:Sample Size (copy)_529735946285486081:qk],Sample Size*,"1,574"
Data Table Builder 2002-2010,Flu Shot in Past Year,0.499,feature_name_fuzzy,"No Flu Shot in the Past 12 Months, Age 18+",Data Table 2002-2010 (mobile),Education,Education,HS,High School Graduate,"The sample size includes all survey respondents except those with  missing, ""don't know"", or ""refused"" answers.",Percentage of adults 18 years and older who did not have a flu vaccine (shot or spray) within the past 12 months.,[federated.1vgb48v110x54q1gh5bp80qi14v1].[sum:Sample Size (copy)_529735946285486081:qk],Sample Size*,"1,659"
Data Table Builder 2002-2010,Flu Shot in Past Year,0.499,feature_name_fuzzy,"No Flu Shot in the Past 12 Months, Age 18+",Data Table 2002-2010 (mobile),Education,Education,<HS,Less Than High School,"The sample size includes all survey respondents except those with  missing, ""don't know"", or ""refused"" answers.",Percentage of adults 18 years and older who did not have a flu vaccine (shot or spray) within the past 12 months.,[federated.1vgb48v110x54q1gh5bp80qi14v1].[sum:Sample Size (copy)_529735946285486081:qk],Sample Size*,997
Data Table Builder 2002-2010,Flu Shot in Past Year,0.499,feature_name_fuzzy,"No Flu Shot in the Past 12 Months, Age 18+",Data Table 2002-2010 (mobile),Income Level,Income Level,50K+,"$50,000 or More","The sample size includes all survey respondents except those with  missing, ""don't know"", or ""refused"" answers.",Percentage of adults 18 years and older who did not have a flu vaccine (shot or spray) within the past 12 months.,[federated.1vgb48v110x54q1gh5bp80qi14v1].[sum:UCI (copy)_529735946288271364:qk],95% CI (Upper),33.3%
Data Table Builder 2002-2010,Flu Shot in Past Year,0.499,feature_name_fuzzy,"No Flu Shot in the Past 12 Months, Age 18+",Data Table 2002-2010 (mobile),Income Level,Income Level,25-50K,"$25,000-$49,999","The sample size includes all survey respondents except those with  missing, ""don't know"", or ""refused"" answers.",Percentage of adults 18 years and older who did not have a flu vaccine (shot or spray) within the past 12 months.,[federated.1vgb48v110x54q1gh5bp80qi14v1].[sum:UCI (copy)_529735946288271364:qk],95% CI (Upper),31.9%
Data Table Builder 2002-2010,Flu Shot in Past Year,0.499,feature_name_fuzzy,"No Flu Shot in the Past 12 Months, Age 18+",Data Table 2002-2010 (mobile),Income Level,Income Level,<25K,"Less Than $25,000","The sample size includes all survey respondents except those with  missing, ""don't know"", or ""refused"" answers.",Percentage of adults 18 years and older who did not have a flu vaccine (shot or spray) within the past 12 months.,[federated.1vgb48v110x54q1gh5bp80qi14v1].[sum:UCI (copy)_529735946288271364:qk],95% CI (Upper),28.2%
Data Table Builder 2002-2010,Flu Shot in Past Year,0.499,feature_name_fuzzy,"No Flu Shot in the Past 12 Months, Age 18+",Data Table 2002-2010 (mobile),Income Level,Income Level,50K+,"$50,000 or More","The sample size includes all survey respondents except those with  missing, ""don't know"", or ""refused"" answers.",Percentage of adults 18 years and older who did not have a flu vaccine (shot or spray) within the past 12 months.,[federated.1vgb48v110x54q1gh5bp80qi14v1].[sum:LCI (copy)_529735946288033795:qk],95% CI (Lower),28.6%
Data Table Builder 2002-2010,Flu Shot in Past Year,0.499,feature_name_fuzzy,"No Flu Shot in the Past 12 Months, Age 18+",Data Table 2002-2010 (mobile),Income Level,Income Level,25-50K,"$25,000-$49,999","The sample size includes all survey respondents except those with  missing, ""don't know"", or ""refused"" answers.",Percentage of adults 18 years and older who did not have a flu vaccine (shot or spray) within the past 12 months.,[federated.1vgb48v110x54q1gh5bp80qi14v1].[sum:LCI (copy)_529735946288033795:qk],95% CI (Lower),26.8%
Data Table Builder 2002-2010,Flu Shot in Past Year,0.499,feature_name_fuzzy,"No Flu Shot in the Past 12 Months, Age 18+",Data Table 2002-2010 (mobile),Income Level,Income Level,<25K,"Less Than $25,000","The sample size includes all survey respondents except those with  missing, ""don't know"", or ""refused"" answers.",Percentage of adults 18 years and older who did not have a flu vaccine (shot or spray) within the past 12 months.,[federated.1vgb48v110x54q1gh5bp80qi14v1].[sum:LCI (copy)_529735946288033795:qk],95% CI (Lower),23.5%
Data Table Builder 2002-2010,Flu Shot in Past Year,0.499,feature_name_fuzzy,"No Flu Shot in the Past 12 Months, Age 18+",Data Table 2002-2010 (mobile),Income Level,Income Level,50K+,"$50,000 or More","The sample size includes all survey respondents except those with  missing, ""don't know"", or ""refused"" answers.",Percentage of adults 18 years and older who did not have a flu vaccine (shot or spray) within the past 12 months.,[federated.1vgb48v110x54q1gh5bp80qi14v1].[sum:Percent (copy)_529735946287837186:qk],Percentage,30.9%
Data Table Builder 2002-2010,Flu Shot in Past Year,0.499,feature_name_fuzzy,"No Flu Shot in the Past 12 Months, Age 18+",Data Table 2002-2010 (mobile),Income Level,Income Level,25-50K,"$25,000-$49,999","The sample size includes all survey respondents except those with  missing, ""don't know"", or ""refused"" answers.",Percentage of adults 18 years and older who did not have a flu vaccine (shot or spray) within the past 12 months.,[federated.1vgb48v110x54q1gh5bp80qi14v1].[sum:Percent (copy)_529735946287837186:qk],Percentage,29.3%
Data Table Builder 2002-2010,Flu Shot in Past Year,0.499,feature_name_fuzzy,"No Flu Shot in the Past 12 Months, Age 18+",Data Table 2002-2010 (mobile),Income Level,Income Level,<25K,"Less Than $25,000","The sample size includes all survey respondents except those with  missing, ""don't know"", or ""refused"" answers.",Percentage of adults 18 years and older who did not have a flu vaccine (shot or spray) within the past 12 months.,[federated.1vgb48v110x54q1gh5bp80qi14v1].[sum:Percent (copy)_529735946287837186:qk],Percentage,25.8%
Data Table Builder 2002-2010,Flu Shot in Past Year,0.499,feature_name_fuzzy,"No Flu Shot in the Past 12 Months, Age 18+",Data Table 2002-2010 (mobile),Income Level,Income Level,50K+,"$50,000 or More","The sample size includes all survey respondents except those with  missing, ""don't know"", or ""refused"" answers.",Percentage of adults 18 years and older who did not have a flu vaccine (shot or spray) within the past 12 months.,[federated.1vgb48v110x54q1gh5bp80qi14v1].[sum:Sample Size (copy)_529735946285486081:qk],Sample Size*,"1,814"
Data Table Builder 2002-2010,Flu Shot in Past Year,0.499,feature_name_fuzzy,"No Flu Shot in the Past 12 Months, Age 18+",Data Table 2002-2010 (mobile),Income Level,Income Level,25-50K,"$25,000-$49,999","The sample size includes all survey respondents except those with  missing, ""don't know"", or ""refused"" answers.",Percentage of adults 18 years and older who did not have a flu vaccine (shot or spray) within the past 12 months.,[federated.1vgb48v110x54q1gh5bp80qi14v1].[sum:Sample Size (copy)_529735946285486081:qk],Sample Size*,"1,727"
Data Table Builder 2002-2010,Flu Shot in Past Year,0.499,feature_name_fuzzy,"No Flu Shot in the Past 12 Months, Age 18+",Data Table 2002-2010 (mobile),Income Level,Income Level,<25K,"Less Than $25,000","The sample size includes all survey respondents except those with  missing, ""don't know"", or ""refused"" answers.",Percentage of adults 18 years and older who did not have a flu vaccine (shot or spray) within the past 12 months.,[federated.1vgb48v110x54q1gh5bp80qi14v1].[sum:Sample Size (copy)_529735946285486081:qk],Sample Size*,"1,792"
Data Table Builder 2002-2010,Flu Shot in Past Year,0.499,feature_name_fuzzy,"No Flu Shot in the Past 12 Months, Age 18+",Data Table 2002-2010,Total,Total,Total,Total,"The sample size includes all survey respondents except those with  missing, ""don't know"", or ""refused"" answers.",Percentage of adults 18 years and older who did not have a flu vaccine (shot or spray) within the past 12 months.,[federated.1vgb48v110x54q1gh5bp80qi14v1].[sum:UCI (copy)_529735946288271364:qk],95% CI (Upper),60.3%
Data Table Builder 2002-2010,Flu Shot in Past Year,0.499,feature_name_fuzzy,"No Flu Shot in the Past 12 Months, Age 18+",Data Table 2002-2010,Total,Total,Total,Total,"The sample size includes all survey respondents except those with  missing, ""don't know"", or ""refused"" answers.",Percentage of adults 18 years and older who did not have a flu vaccine (shot or spray) within the past 12 months.,[federated.1vgb48v110x54q1gh5bp80qi14v1].[sum:LCI (copy)_529735946288033795:qk],95% CI (Lower),57.1%
Data Table Builder 2002-2010,Flu Shot in Past Year,0.499,feature_name_fuzzy,"No Flu Shot in the Past 12 Months, Age 18+",Data Table 2002-2010,Total,Total,Total,Total,"The sample size includes all survey respondents except those with  missing, ""don't know"", or ""refused"" answers.",Percentage of adults 18 years and older who did not have a flu vaccine (shot or spray) within the past 12 months.,[federated.1vgb48v110x54q1gh5bp80qi14v1].[sum:Percent (copy)_529735946287837186:qk],Percentage,58.7%
Data Table Builder 2002-2010,Flu Shot in Past Year,0.499,feature_name_fuzzy,"No Flu Shot in the Past 12 Months, Age 18+",Data Table 2002-2010,Total,Total,Total,Total,"The sample size includes all survey respondents except those with  missing, ""don't know"", or ""refused"" answers.",Percentage of adults 18 years and older who did not have a flu vaccine (shot or spray) within the past 12 months.,[federated.1vgb48v110x54q1gh5bp80qi14v1].[sum:Sample Size (copy)_529735946285486081:qk],Sample Size*,"13,853"
Data Table Builder 2002-2010,Flu Shot in Past Year,0.499,feature_name_fuzzy,"No Flu Shot in the Past 12 Months, Age 18+",Data Table 2002-2010,Sex,Sex,Male,Male,"The sample size includes all survey respondents except those with  missing, ""don't know"", or ""refused"" answers.",Percentage of adults 18 years and older who did not have a flu vaccine (shot or spray) within the past 12 months.,[federated.1vgb48v110x54q1gh5bp80qi14v1].[sum:UCI (copy)_529735946288271364:qk],95% CI (Upper),65.0%
Data Table Builder 2002-2010,Flu Shot in Past Year,0.499,feature_name_fuzzy,"No Flu Shot in the Past 12 Months, Age 18+",Data Table 2002-2010,Sex,Sex,Female,Female,"The sample size includes all survey respondents except those with  missing, ""don't know"", or ""refused"" answers.",Percentage of adults 18 years and older who did not have a flu vaccine (shot or spray) within the past 12 months.,[federated.1vgb48v110x54q1gh5bp80qi14v1].[sum:UCI (copy)_529735946288271364:qk],95% CI (Upper),57.0%
Data Table Builder 2002-2010,Flu Shot in Past Year,0.499,feature_name_fuzzy,"No Flu Shot in the Past 12 Months, Age 18+",Data Table 2002-2010,Sex,Sex,Male,Male,"The sample size includes all survey respondents except those with  missing, ""don't know"", or ""refused"" answers.",Percentage of adults 18 years and older who did not have a flu vaccine (shot or spray) within the past 12 months.,[federated.1vgb48v110x54q1gh5bp80qi14v1].[sum:LCI (copy)_529735946288033795:qk],95% CI (Lower),59.9%
Data Table Builder 2002-2010,Flu Shot in Past Year,0.499,feature_name_fuzzy,"No Flu Shot in the Past 12 Months, Age 18+",Data Table 2002-2010,Sex,Sex,Female,Female,"The sample size includes all survey respondents except those with  missing, ""don't know"", or ""refused"" answers.",Percentage of adults 18 years and older who did not have a flu vaccine (shot or spray) within the past 12 months.,[federated.1vgb48v110x54q1gh5bp80qi14v1].[sum:LCI (copy)_529735946288033795:qk],95% CI (Lower),53.0%
Data Table Builder 2002-2010,Flu Shot in Past Year,0.499,feature_name_fuzzy,"No Flu Shot in the Past 12 Months, Age 18+",Data Table 2002-2010,Sex,Sex,Male,Male,"The sample size includes all survey respondents except those with  missing, ""don't know"", or ""refused"" answers.",Percentage of adults 18 years and older who did not have a flu vaccine (shot or spray) within the past 12 months.,[federated.1vgb48v110x54q1gh5bp80qi14v1].[sum:Percent (copy)_529735946287837186:qk],Percentage,62.5%
Data Table Builder 2002-2010,Flu Shot in Past Year,0.499,feature_name_fuzzy,"No Flu Shot in the Past 12 Months, Age 18+",Data Table 2002-2010,Sex,Sex,Female,Female,"The sample size includes all survey respondents except those with  missing, ""don't know"", or ""refused"" answers.",Percentage of adults 18 years and older who did not have a flu vaccine (shot or spray) within the past 12 months.,[federated.1vgb48v110x54q1gh5bp80qi14v1].[sum:Percent (copy)_529735946287837186:qk],Percentage,55.0%
Data Table Builder 2002-2010,Flu Shot in Past Year,0.499,feature_name_fuzzy,"No Flu Shot in the Past 12 Months, Age 18+",Data Table 2002-2010,Sex,Sex,Male,Male,"The sample size includes all survey respondents except those with  missing, ""don't know"", or ""refused"" answers.",Percentage of adults 18 years and older who did not have a flu vaccine (shot or spray) within the past 12 months.,[federated.1vgb48v110x54q1gh5bp80qi14v1].[sum:Sample Size (copy)_529735946285486081:qk],Sample Size*,"4,997"
Data Table Builder 2002-2010,Flu Shot in Past Year,0.499,feature_name_fuzzy,"No Flu Shot in the Past 12 Months, Age 18+",Data Table 2002-2010,Sex,Sex,Female,Female,"The sample size includes all survey respondents except those with  missing, ""don't know"", or ""refused"" answers.",Percentage of adults 18 years and older who did not have a flu vaccine (shot or spray) within the past 12 months.,[federated.1vgb48v110x54q1gh5bp80qi14v1].[sum:Sample Size (copy)_529735946285486081:qk],Sample Size*,"8,856"
Data Table Builder 2002-2010,Flu Shot in Past Year,0.499,feature_name_fuzzy,"No Flu Shot in the Past 12 Months, Age 18+",Data Table 2002-2010,Race/Ethnicity,Race/Ethnicity,White,Non-Hispanic White,"The sample size includes all survey respondents except those with  missing, ""don't know"", or ""refused"" answers.",Percentage of adults 18 years and older who did not have a flu vaccine (shot or spray) within the past 12 months.,[federated.1vgb48v110x54q1gh5bp80qi14v1].[sum:UCI (copy)_529735946288271364:qk],95% CI (Upper),56.0%
Data Table Builder 2002-2010,Flu Shot in Past Year,0.499,feature_name_fuzzy,"No Flu Shot in the Past 12 Months, Age 18+",Data Table 2002-2010,Race/Ethnicity,Race/Ethnicity,Black,Non Hispanic Black,"The sample size includes all survey respondents except those with  missing, ""don't know"", or ""refused"" answers.",Percentage of adults 18 years and older who did not have a flu vaccine (shot or spray) within the past 12 months.,[federated.1vgb48v110x54q1gh5bp80qi14v1].[sum:UCI (copy)_529735946288271364:qk],95% CI (Upper),66.7%
Data Table Builder 2002-2010,Flu Shot in Past Year,0.499,feature_name_fuzzy,"No Flu Shot in the Past 12 Months, Age 18+",Data Table 2002-2010,Race/Ethnicity,Race/Ethnicity,Hispanic,Hispanic,"The sample size includes all survey respondents except those with  missing, ""don't know"", or ""refused"" answers.",Percentage of adults 18 years and older who did not have a flu vaccine (shot or spray) within the past 12 months.,[federated.1vgb48v110x54q1gh5bp80qi14v1].[sum:UCI (copy)_529735946288271364:qk],95% CI (Upper),69.7%
Data Table Builder 2002-2010,Flu Shot in Past Year,0.499,feature_name_fuzzy,"No Flu Shot in the Past 12 Months, Age 18+",Data Table 2002-2010,Race/Ethnicity,Race/Ethnicity,White,Non-Hispanic White,"The sample size includes all survey respondents except those with  missing, ""don't know"", or ""refused"" answers.",Percentage of adults 18 years and older who did not have a flu vaccine (shot or spray) within the past 12 months.,[federated.1vgb48v110x54q1gh5bp80qi14v1].[sum:LCI (copy)_529735946288033795:qk],95% CI (Lower),51.6%
Data Table Builder 2002-2010,Flu Shot in Past Year,0.499,feature_name_fuzzy,"No Flu Shot in the Past 12 Months, Age 18+",Data Table 2002-2010,Race/Ethnicity,Race/Ethnicity,Black,Non Hispanic Black,"The sample size includes all survey respondents except those with  missing, ""don't know"", or ""refused"" answers.",Percentage of adults 18 years and older who did not have a flu vaccine (shot or spray) within the past 12 months.,[federated.1vgb48v110x54q1gh5bp80qi14v1].[sum:LCI (copy)_529735946288033795:qk],95% CI (Lower),56.3%
Data Table Builder 2002-2010,Flu Shot in Past Year,0.499,feature_name_fuzzy,"No Flu Shot in the Past 12 Months, Age 18+",Data Table 2002-2010,Race/Ethnicity,Race/Ethnicity,Hispanic,Hispanic,"The sample size includes all survey respondents except those with  missing, ""don't know"", or ""refused"" answers.",Percentage of adults 18 years and older who did not have a flu vaccine (shot or spray) within the past 12 months.,[federated.1vgb48v110x54q1gh5bp80qi14v1].[sum:LCI (copy)_529735946288033795:qk],95% CI (Lower),63.7%
Data Table Builder 2002-2010,Flu Shot in Past Year,0.499,feature_name_fuzzy,"No Flu Shot in the Past 12 Months, Age 18+",Data Table 2002-2010,Race/Ethnicity,Race/Ethnicity,White,Non-Hispanic White,"The sample size includes all survey respondents except those with  missing, ""don't know"", or ""refused"" answers.",Percentage of adults 18 years and older who did not have a flu vaccine (shot or spray) within the past 12 months.,[federated.1vgb48v110x54q1gh5bp80qi14v1].[sum:Percent (copy)_529735946287837186:qk],Percentage,53.8%
Data Table Builder 2002-2010,Flu Shot in Past Year,0.499,feature_name_fuzzy,"No Flu Shot in the Past 12 Months, Age 18+",Data Table 2002-2010,Race/Ethnicity,Race/Ethnicity,Black,Non Hispanic Black,"The sample size includes all survey respondents except those with  missing, ""don't know"", or ""refused"" answers.",Percentage of adults 18 years and older who did not have a flu vaccine (shot or spray) within the past 12 months.,[federated.1vgb48v110x54q1gh5bp80qi14v1].[sum:Percent (copy)_529735946287837186:qk],Percentage,61.6%
Data Table Builder 2002-2010,Flu Shot in Past Year,0.499,feature_name_fuzzy,"No Flu Shot in the Past 12 Months, Age 18+",Data Table 2002-2010,Race/Ethnicity,Race/Ethnicity,Hispanic,Hispanic,"The sample size includes all survey respondents except those with  missing, ""don't know"", or ""refused"" answers.",Percentage of adults 18 years and older who did not have a flu vaccine (shot or spray) within the past 12 months.,[federated.1vgb48v110x54q1gh5bp80qi14v1].[sum:Percent (copy)_529735946287837186:qk],Percentage,66.8%
Data Table Builder 2002-2010,Flu Shot in Past Year,0.499,feature_name_fuzzy,"No Flu Shot in the Past 12 Months, Age 18+",Data Table 2002-2010,Race/Ethnicity,Race/Ethnicity,White,Non-Hispanic White,"The sample size includes all survey respondents except those with  missing, ""don't know"", or ""refused"" answers.",Percentage of adults 18 years and older who did not have a flu vaccine (shot or spray) within the past 12 months.,[federated.1vgb48v110x54q1gh5bp80qi14v1].[sum:Sample Size (copy)_529735946285486081:qk],Sample Size*,"8,511"
Data Table Builder 2002-2010,Flu Shot in Past Year,0.499,feature_name_fuzzy,"No Flu Shot in the Past 12 Months, Age 18+",Data Table 2002-2010,Race/Ethnicity,Race/Ethnicity,Black,Non Hispanic Black,"The sample size includes all survey respondents except those with  missing, ""don't know"", or ""refused"" answers.",Percentage of adults 18 years and older who did not have a flu vaccine (shot or spray) within the past 12 months.,[federated.1vgb48v110x54q1gh5bp80qi14v1].[sum:Sample Size (copy)_529735946285486081:qk],Sample Size*,"1,025"
Data Table Builder 2002-2010,Flu Shot in Past Year,0.499,feature_name_fuzzy,"No Flu Shot in the Past 12 Months, Age 18+",Data Table 2002-2010,Race/Ethnicity,Race/Ethnicity,Hispanic,Hispanic,"The sample size includes all survey respondents except those with  missing, ""don't know"", or ""refused"" answers.",Percentage of adults 18 years and older who did not have a flu vaccine (shot or spray) within the past 12 months.,[federated.1vgb48v110x54q1gh5bp80qi14v1].[sum:Sample Size (copy)_529735946285486081:qk],Sample Size*,"3,708"
Data Table Builder 2002-2010,Flu Shot in Past Year,0.499,feature_name_fuzzy,"No Flu Shot in the Past 12 Months, Age 18+",Data Table 2002-2010,Age Group,Age Group,65+,65+,"The sample size includes all survey respondents except those with  missing, ""don't know"", or ""refused"" answers.",Percentage of adults 18 years and older who did not have a flu vaccine (shot or spray) within the past 12 months.,[federated.1vgb48v110x54q1gh5bp80qi14v1].[sum:UCI (copy)_529735946288271364:qk],95% CI (Upper),34.0%
Data Table Builder 2002-2010,Flu Shot in Past Year,0.499,feature_name_fuzzy,"No Flu Shot in the Past 12 Months, Age 18+",Data Table 2002-2010,Age Group,Age Group,45-64,45-64,"The sample size includes all survey respondents except those with  missing, ""don't know"", or ""refused"" answers.",Percentage of adults 18 years and older who did not have a flu vaccine (shot or spray) within the past 12 months.,[federated.1vgb48v110x54q1gh5bp80qi14v1].[sum:UCI (copy)_529735946288271364:qk],95% CI (Upper),58.5%
Data Table Builder 2002-2010,Flu Shot in Past Year,0.499,feature_name_fuzzy,"No Flu Shot in the Past 12 Months, Age 18+",Data Table 2002-2010,Age Group,Age Group,30-44,30-44,"The sample size includes all survey respondents except those with  missing, ""don't know"", or ""refused"" answers.",Percentage of adults 18 years and older who did not have a flu vaccine (shot or spray) within the past 12 months.,[federated.1vgb48v110x54q1gh5bp80qi14v1].[sum:UCI (copy)_529735946288271364:qk],95% CI (Upper),67.1%
Data Table Builder 2002-2010,Flu Shot in Past Year,0.499,feature_name_fuzzy,"No Flu Shot in the Past 12 Months, Age 18+",Data Table 2002-2010,Age Group,Age Group,18-29,18-29,"The sample size includes all survey respondents except those with  missing, ""don't know"", or ""refused"" answers.",Percentage of adults 18 years and older who did not have a flu vaccine (shot or spray) within the past 12 months.,[federated.1vgb48v110x54q1gh5bp80qi14v1].[sum:UCI (copy)_529735946288271364:qk],95% CI (Upper),80.0%
Data Table Builder 2002-2010,Flu Shot in Past Year,0.499,feature_name_fuzzy,"No Flu Shot in the Past 12 Months, Age 18+",Data Table 2002-2010,Age Group,Age Group,65+,65+,"The sample size includes all survey respondents except those with  missing, ""don't know"", or ""refused"" answers.",Percentage of adults 18 years and older who did not have a flu vaccine (shot or spray) within the past 12 months.,[federated.1vgb48v110x54q1gh5bp80qi14v1].[sum:LCI (copy)_529735946288033795:qk],95% CI (Lower),29.5%
Data Table Builder 2002-2010,Flu Shot in Past Year,0.499,feature_name_fuzzy,"No Flu Shot in the Past 12 Months, Age 18+",Data Table 2002-2010,Age Group,Age Group,45-64,45-64,"The sample size includes all survey respondents except those with  missing, ""don't know"", or ""refused"" answers.",Percentage of adults 18 years and older who did not have a flu vaccine (shot or spray) within the past 12 months.,[federated.1vgb48v110x54q1gh5bp80qi14v1].[sum:LCI (copy)_529735946288033795:qk],95% CI (Lower),53.8%
Data Table Builder 2002-2010,Flu Shot in Past Year,0.499,feature_name_fuzzy,"No Flu Shot in the Past 12 Months, Age 18+",Data Table 2002-2010,Age Group,Age Group,30-44,30-44,"The sample size includes all survey respondents except those with  missing, ""don't know"", or ""refused"" answers.",Percentage of adults 18 years and older who did not have a flu vaccine (shot or spray) within the past 12 months.,[federated.1vgb48v110x54q1gh5bp80qi14v1].[sum:LCI (copy)_529735946288033795:qk],95% CI (Lower),61.1%
Data Table Builder 2002-2010,Flu Shot in Past Year,0.499,feature_name_fuzzy,"No Flu Shot in the Past 12 Months, Age 18+",Data Table 2002-2010,Age Group,Age Group,18-29,18-29,"The sample size includes all survey respondents except those with  missing, ""don't know"", or ""refused"" answers.",Percentage of adults 18 years and older who did not have a flu vaccine (shot or spray) within the past 12 months.,[federated.1vgb48v110x54q1gh5bp80qi14v1].[sum:LCI (copy)_529735946288033795:qk],95% CI (Lower),71.1%
Data Table Builder 2002-2010,Flu Shot in Past Year,0.499,feature_name_fuzzy,"No Flu Shot in the Past 12 Months, Age 18+",Data Table 2002-2010,Age Group,Age Group,65+,65+,"The sample size includes all survey respondents except those with  missing, ""don't know"", or ""refused"" answers.",Percentage of adults 18 years and older who did not have a flu vaccine (shot or spray) within the past 12 months.,[federated.1vgb48v110x54q1gh5bp80qi14v1].[sum:Percent (copy)_529735946287837186:qk],Percentage,31.7%
Data Table Builder 2002-2010,Flu Shot in Past Year,0.499,feature_name_fuzzy,"No Flu Shot in the Past 12 Months, Age 18+",Data Table 2002-2010,Age Group,Age Group,45-64,45-64,"The sample size includes all survey respondents except those with  missing, ""don't know"", or ""refused"" answers.",Percentage of adults 18 years and older who did not have a flu vaccine (shot or spray) within the past 12 months.,[federated.1vgb48v110x54q1gh5bp80qi14v1].[sum:Percent (copy)_529735946287837186:qk],Percentage,56.1%
Data Table Builder 2002-2010,Flu Shot in Past Year,0.499,feature_name_fuzzy,"No Flu Shot in the Past 12 Months, Age 18+",Data Table 2002-2010,Age Group,Age Group,30-44,30-44,"The sample size includes all survey respondents except those with  missing, ""don't know"", or ""refused"" answers.",Percentage of adults 18 years and older who did not have a flu vaccine (shot or spray) within the past 12 months.,[federated.1vgb48v110x54q1gh5bp80qi14v1].[sum:Percent (copy)_529735946287837186:qk],Percentage,64.1%
Data Table Builder 2002-2010,Flu Shot in Past Year,0.499,feature_name_fuzzy,"No Flu Shot in the Past 12 Months, Age 18+",Data Table 2002-2010,Age Group,Age Group,18-29,18-29,"The sample size includes all survey respondents except those with  missing, ""don't know"", or ""refused"" answers.",Percentage of adults 18 years and older who did not have a flu vaccine (shot or spray) within the past 12 months.,[federated.1vgb48v110x54q1gh5bp80qi14v1].[sum:Percent (copy)_529735946287837186:qk],Percentage,75.8%
Data Table Builder 2002-2010,Flu Shot in Past Year,0.499,feature_name_fuzzy,"No Flu Shot in the Past 12 Months, Age 18+",Data Table 2002-2010,Age Group,Age Group,65+,65+,"The sample size includes all survey respondents except those with  missing, ""don't know"", or ""refused"" answers.",Percentage of adults 18 years and older who did not have a flu vaccine (shot or spray) within the past 12 months.,[federated.1vgb48v110x54q1gh5bp80qi14v1].[sum:Sample Size (copy)_529735946285486081:qk],Sample Size*,"4,542"
Data Table Builder 2002-2010,Flu Shot in Past Year,0.499,feature_name_fuzzy,"No Flu Shot in the Past 12 Months, Age 18+",Data Table 2002-2010,Age Group,Age Group,45-64,45-64,"The sample size includes all survey respondents except those with  missing, ""don't know"", or ""refused"" answers.",Percentage of adults 18 years and older who did not have a flu vaccine (shot or spray) within the past 12 months.,[federated.1vgb48v110x54q1gh5bp80qi14v1].[sum:Sample Size (copy)_529735946285486081:qk],Sample Size*,"5,517"
Data Table Builder 2002-2010,Flu Shot in Past Year,0.499,feature_name_fuzzy,"No Flu Shot in the Past 12 Months, Age 18+",Data Table 2002-2010,Age Group,Age Group,30-44,30-44,"The sample size includes all survey respondents except those with  missing, ""don't know"", or ""refused"" answers.",Percentage of adults 18 years and older who did not have a flu vaccine (shot or spray) within the past 12 months.,[federated.1vgb48v110x54q1gh5bp80qi14v1].[sum:Sample Size (copy)_529735946285486081:qk],Sample Size*,"2,769"
Data Table Builder 2002-2010,Flu Shot in Past Year,0.499,feature_name_fuzzy,"No Flu Shot in the Past 12 Months, Age 18+",Data Table 2002-2010,Age Group,Age Group,18-29,18-29,"The sample size includes all survey respondents except those with  missing, ""don't know"", or ""refused"" answers.",Percentage of adults 18 years and older who did not have a flu vaccine (shot or spray) within the past 12 months.,[federated.1vgb48v110x54q1gh5bp80qi14v1].[sum:Sample Size (copy)_529735946285486081:qk],Sample Size*,896
Data Table Builder 2002-2010,Flu Shot in Past Year,0.499,feature_name_fuzzy,"No Flu Shot in the Past 12 Months, Age 18+",Data Table 2002-2010,Education,Education,COL,College Graduate,"The sample size includes all survey respondents except those with  missing, ""don't know"", or ""refused"" answers.",Percentage of adults 18 years and older who did not have a flu vaccine (shot or spray) within the past 12 months.,[federated.1vgb48v110x54q1gh5bp80qi14v1].[sum:UCI (copy)_529735946288271364:qk],95% CI (Upper),53.5%
Data Table Builder 2002-2010,Flu Shot in Past Year,0.499,feature_name_fuzzy,"No Flu Shot in the Past 12 Months, Age 18+",Data Table 2002-2010,Education,Education,SCOL,Some College,"The sample size includes all survey respondents except those with  missing, ""don't know"", or ""refused"" answers.",Percentage of adults 18 years and older who did not have a flu vaccine (shot or spray) within the past 12 months.,[federated.1vgb48v110x54q1gh5bp80qi14v1].[sum:UCI (copy)_529735946288271364:qk],95% CI (Upper),61.0%
Data Table Builder 2002-2010,Flu Shot in Past Year,0.499,feature_name_fuzzy,"No Flu Shot in the Past 12 Months, Age 18+",Data Table 2002-2010,Education,Education,HS,High School Graduate,"The sample size includes all survey respondents except those with  missing, ""don't know"", or ""refused"" answers.",Percentage of adults 18 years and older who did not have a flu vaccine (shot or spray) within the past 12 months.,[federated.1vgb48v110x54q1gh5bp80qi14v1].[sum:UCI (copy)_529735946288271364:qk],95% CI (Upper),68.9%
Data Table Builder 2002-2010,Flu Shot in Past Year,0.499,feature_name_fuzzy,"No Flu Shot in the Past 12 Months, Age 18+",Data Table 2002-2010,Education,Education,<HS,Less Than High School,"The sample size includes all survey respondents except those with  missing, ""don't know"", or ""refused"" answers.",Percentage of adults 18 years and older who did not have a flu vaccine (shot or spray) within the past 12 months.,[federated.1vgb48v110x54q1gh5bp80qi14v1].[sum:UCI (copy)_529735946288271364:qk],95% CI (Upper),75.9%
Data Table Builder 2002-2010,Flu Shot in Past Year,0.499,feature_name_fuzzy,"No Flu Shot in the Past 12 Months, Age 18+",Data Table 2002-2010,Education,Education,COL,College Graduate,"The sample size includes all survey respondents except those with  missing, ""don't know"", or ""refused"" answers.",Percentage of adults 18 years and older who did not have a flu vaccine (shot or spray) within the past 12 months.,[federated.1vgb48v110x54q1gh5bp80qi14v1].[sum:LCI (copy)_529735946288033795:qk],95% CI (Lower),48.2%
Data Table Builder 2002-2010,Flu Shot in Past Year,0.499,feature_name_fuzzy,"No Flu Shot in the Past 12 Months, Age 18+",Data Table 2002-2010,Education,Education,SCOL,Some College,"The sample size includes all survey respondents except those with  missing, ""don't know"", or ""refused"" answers.",Percentage of adults 18 years and older who did not have a flu vaccine (shot or spray) within the past 12 months.,[federated.1vgb48v110x54q1gh5bp80qi14v1].[sum:LCI (copy)_529735946288033795:qk],95% CI (Lower),54.6%
Data Table Builder 2002-2010,Flu Shot in Past Year,0.499,feature_name_fuzzy,"No Flu Shot in the Past 12 Months, Age 18+",Data Table 2002-2010,Education,Education,HS,High School Graduate,"The sample size includes all survey respondents except those with  missing, ""don't know"", or ""refused"" answers.",Percentage of adults 18 years and older who did not have a flu vaccine (shot or spray) within the past 12 months.,[federated.1vgb48v110x54q1gh5bp80qi14v1].[sum:LCI (copy)_529735946288033795:qk],95% CI (Lower),62.3%
Data Table Builder 2002-2010,Flu Shot in Past Year,0.499,feature_name_fuzzy,"No Flu Shot in the Past 12 Months, Age 18+",Data Table 2002-2010,Education,Education,<HS,Less Than High School,"The sample size includes all survey respondents except those with  missing, ""don't know"", or ""refused"" answers.",Percentage of adults 18 years and older who did not have a flu vaccine (shot or spray) within the past 12 months.,[federated.1vgb48v110x54q1gh5bp80qi14v1].[sum:LCI (copy)_529735946288033795:qk],95% CI (Lower),68.5%
Data Table Builder 2002-2010,Flu Shot in Past Year,0.499,feature_name_fuzzy,"No Flu Shot in the Past 12 Months, Age 18+",Data Table 2002-2010,Education,Education,COL,College Graduate,"The sample size includes all survey respondents except those with  missing, ""don't know"", or ""refused"" answers.",Percentage of adults 18 years and older who did not have a flu vaccine (shot or spray) within the past 12 months.,[federated.1vgb48v110x54q1gh5bp80qi14v1].[sum:Percent (copy)_529735946287837186:qk],Percentage,50.9%
Data Table Builder 2002-2010,Flu Shot in Past Year,0.499,feature_name_fuzzy,"No Flu Shot in the Past 12 Months, Age 18+",Data Table 2002-2010,Education,Education,SCOL,Some College,"The sample size includes all survey respondents except those with  missing, ""don't know"", or ""refused"" answers.",Percentage of adults 18 years and older who did not have a flu vaccine (shot or spray) within the past 12 months.,[federated.1vgb48v110x54q1gh5bp80qi14v1].[sum:Percent (copy)_529735946287837186:qk],Percentage,57.9%
Data Table Builder 2002-2010,Flu Shot in Past Year,0.499,feature_name_fuzzy,"No Flu Shot in the Past 12 Months, Age 18+",Data Table 2002-2010,Education,Education,HS,High School Graduate,"The sample size includes all survey respondents except those with  missing, ""don't know"", or ""refused"" answers.",Percentage of adults 18 years and older who did not have a flu vaccine (shot or spray) within the past 12 months.,[federated.1vgb48v110x54q1gh5bp80qi14v1].[sum:Percent (copy)_529735946287837186:qk],Percentage,65.7%
Data Table Builder 2002-2010,Flu Shot in Past Year,0.499,feature_name_fuzzy,"No Flu Shot in the Past 12 Months, Age 18+",Data Table 2002-2010,Education,Education,<HS,Less Than High School,"The sample size includes all survey respondents except those with  missing, ""don't know"", or ""refused"" answers.",Percentage of adults 18 years and older who did not have a flu vaccine (shot or spray) within the past 12 months.,[federated.1vgb48v110x54q1gh5bp80qi14v1].[sum:Percent (copy)_529735946287837186:qk],Percentage,72.4%
Data Table Builder 2002-2010,Flu Shot in Past Year,0.499,feature_name_fuzzy,"No Flu Shot in the Past 12 Months, Age 18+",Data Table 2002-2010,Education,Education,COL,College Graduate,"The sample size includes all survey respondents except those with  missing, ""don't know"", or ""refused"" answers.",Percentage of adults 18 years and older who did not have a flu vaccine (shot or spray) within the past 12 months.,[federated.1vgb48v110x54q1gh5bp80qi14v1].[sum:Sample Size (copy)_529735946285486081:qk],Sample Size*,"5,003"
Data Table Builder 2002-2010,Flu Shot in Past Year,0.499,feature_name_fuzzy,"No Flu Shot in the Past 12 Months, Age 18+",Data Table 2002-2010,Education,Education,SCOL,Some College,"The sample size includes all survey respondents except those with  missing, ""don't know"", or ""refused"" answers.",Percentage of adults 18 years and older who did not have a flu vaccine (shot or spray) within the past 12 months.,[federated.1vgb48v110x54q1gh5bp80qi14v1].[sum:Sample Size (copy)_529735946285486081:qk],Sample Size*,"3,577"
Data Table Builder 2002-2010,Flu Shot in Past Year,0.499,feature_name_fuzzy,"No Flu Shot in the Past 12 Months, Age 18+",Data Table 2002-2010,Education,Education,HS,High School Graduate,"The sample size includes all survey respondents except those with  missing, ""don't know"", or ""refused"" answers.",Percentage of adults 18 years and older who did not have a flu vaccine (shot or spray) within the past 12 months.,[federated.1vgb48v110x54q1gh5bp80qi14v1].[sum:Sample Size (copy)_529735946285486081:qk],Sample Size*,"3,378"
Data Table Builder 2002-2010,Flu Shot in Past Year,0.499,feature_name_fuzzy,"No Flu Shot in the Past 12 Months, Age 18+",Data Table 2002-2010,Education,Education,<HS,Less Than High School,"The sample size includes all survey respondents except those with  missing, ""don't know"", or ""refused"" answers.",Percentage of adults 18 years and older who did not have a flu vaccine (shot or spray) within the past 12 months.,[federated.1vgb48v110x54q1gh5bp80qi14v1].[sum:Sample Size (copy)_529735946285486081:qk],Sample Size*,"1,852"
Data Table Builder 2002-2010,Flu Shot in Past Year,0.499,feature_name_fuzzy,"No Flu Shot in the Past 12 Months, Age 18+",Data Table 2002-2010,Income Level,Income Level,50K+,"$50,000 or More","The sample size includes all survey respondents except those with  missing, ""don't know"", or ""refused"" answers.",Percentage of adults 18 years and older who did not have a flu vaccine (shot or spray) within the past 12 months.,[federated.1vgb48v110x54q1gh5bp80qi14v1].[sum:UCI (copy)_529735946288271364:qk],95% CI (Upper),55.5%
Data Table Builder 2002-2010,Flu Shot in Past Year,0.499,feature_name_fuzzy,"No Flu Shot in the Past 12 Months, Age 18+",Data Table 2002-2010,Income Level,Income Level,25-50K,"$25,000-$49,999","The sample size includes all survey respondents except those with  missing, ""don't know"", or ""refused"" answers.",Percentage of adults 18 years and older who did not have a flu vaccine (shot or spray) within the past 12 months.,[federated.1vgb48v110x54q1gh5bp80qi14v1].[sum:UCI (copy)_529735946288271364:qk],95% CI (Upper),65.4%
Data Table Builder 2002-2010,Flu Shot in Past Year,0.499,feature_name_fuzzy,"No Flu Shot in the Past 12 Months, Age 18+",Data Table 2002-2010,Income Level,Income Level,<25K,"Less Than $25,000","The sample size includes all survey respondents except those with  missing, ""don't know"", or ""refused"" answers.",Percentage of adults 18 years and older who did not have a flu vaccine (shot or spray) within the past 12 months.,[federated.1vgb48v110x54q1gh5bp80qi14v1].[sum:UCI (copy)_529735946288271364:qk],95% CI (Upper),69.6%
Data Table Builder 2002-2010,Flu Shot in Past Year,0.499,feature_name_fuzzy,"No Flu Shot in the Past 12 Months, Age 18+",Data Table 2002-2010,Income Level,Income Level,50K+,"$50,000 or More","The sample size includes all survey respondents except those with  missing, ""don't know"", or ""refused"" answers.",Percentage of adults 18 years and older who did not have a flu vaccine (shot or spray) within the past 12 months.,[federated.1vgb48v110x54q1gh5bp80qi14v1].[sum:LCI (copy)_529735946288033795:qk],95% CI (Lower),50.4%
Data Table Builder 2002-2010,Flu Shot in Past Year,0.499,feature_name_fuzzy,"No Flu Shot in the Past 12 Months, Age 18+",Data Table 2002-2010,Income Level,Income Level,25-50K,"$25,000-$49,999","The sample size includes all survey respondents except those with  missing, ""don't know"", or ""refused"" answers.",Percentage of adults 18 years and older who did not have a flu vaccine (shot or spray) within the past 12 months.,[federated.1vgb48v110x54q1gh5bp80qi14v1].[sum:LCI (copy)_529735946288033795:qk],95% CI (Lower),58.0%
Data Table Builder 2002-2010,Flu Shot in Past Year,0.499,feature_name_fuzzy,"No Flu Shot in the Past 12 Months, Age 18+",Data Table 2002-2010,Income Level,Income Level,<25K,"Less Than $25,000","The sample size includes all survey respondents except those with  missing, ""don't know"", or ""refused"" answers.",Percentage of adults 18 years and older who did not have a flu vaccine (shot or spray) within the past 12 months.,[federated.1vgb48v110x54q1gh5bp80qi14v1].[sum:LCI (copy)_529735946288033795:qk],95% CI (Lower),63.7%
Data Table Builder 2002-2010,Flu Shot in Past Year,0.499,feature_name_fuzzy,"No Flu Shot in the Past 12 Months, Age 18+",Data Table 2002-2010,Income Level,Income Level,50K+,"$50,000 or More","The sample size includes all survey respondents except those with  missing, ""don't know"", or ""refused"" answers.",Percentage of adults 18 years and older who did not have a flu vaccine (shot or spray) within the past 12 months.,[federated.1vgb48v110x54q1gh5bp80qi14v1].[sum:Percent (copy)_529735946287837186:qk],Percentage,52.9%
Data Table Builder 2002-2010,Flu Shot in Past Year,0.499,feature_name_fuzzy,"No Flu Shot in the Past 12 Months, Age 18+",Data Table 2002-2010,Income Level,Income Level,25-50K,"$25,000-$49,999","The sample size includes all survey respondents except those with  missing, ""don't know"", or ""refused"" answers.",Percentage of adults 18 years and older who did not have a flu vaccine (shot or spray) within the past 12 months.,[federated.1vgb48v110x54q1gh5bp80qi14v1].[sum:Percent (copy)_529735946287837186:qk],Percentage,61.8%
Data Table Builder 2002-2010,Flu Shot in Past Year,0.499,feature_name_fuzzy,"No Flu Shot in the Past 12 Months, Age 18+",Data Table 2002-2010,Income Level,Income Level,<25K,"Less Than $25,000","The sample size includes all survey respondents except those with  missing, ""don't know"", or ""refused"" answers.",Percentage of adults 18 years and older who did not have a flu vaccine (shot or spray) within the past 12 months.,[federated.1vgb48v110x54q1gh5bp80qi14v1].[sum:Percent (copy)_529735946287837186:qk],Percentage,66.7%
Data Table Builder 2002-2010,Flu Shot in Past Year,0.499,feature_name_fuzzy,"No Flu Shot in the Past 12 Months, Age 18+",Data Table 2002-2010,Income Level,Income Level,50K+,"$50,000 or More","The sample size includes all survey respondents except those with  missing, ""don't know"", or ""refused"" answers.",Percentage of adults 18 years and older who did not have a flu vaccine (shot or spray) within the past 12 months.,[federated.1vgb48v110x54q1gh5bp80qi14v1].[sum:Sample Size (copy)_529735946285486081:qk],Sample Size*,"5,149"
Data Table Builder 2002-2010,Flu Shot in Past Year,0.499,feature_name_fuzzy,"No Flu Shot in the Past 12 Months, Age 18+",Data Table 2002-2010,Income Level,Income Level,25-50K,"$25,000-$49,999","The sample size includes all survey respondents except those with  missing, ""don't know"", or ""refused"" answers.",Percentage of adults 18 years and older who did not have a flu vaccine (shot or spray) within the past 12 months.,[federated.1vgb48v110x54q1gh5bp80qi14v1].[sum:Sample Size (copy)_529735946285486081:qk],Sample Size*,"2,851"
Data Table Builder 2002-2010,Flu Shot in Past Year,0.499,feature_name_fuzzy,"No Flu Shot in the Past 12 Months, Age 18+",Data Table 2002-2010,Income Level,Income Level,<25K,"Less Than $25,000","The sample size includes all survey respondents except those with  missing, ""don't know"", or ""refused"" answers.",Percentage of adults 18 years and older who did not have a flu vaccine (shot or spray) within the past 12 months.,[federated.1vgb48v110x54q1gh5bp80qi14v1].[sum:Sample Size (copy)_529735946285486081:qk],Sample Size*,"3,903"
Data Table Builder 2002-2010,"Flu Shot, 65+",0.58,feature_name_fuzzy,"No Flu Shot in the Past 12 Months, Age 65+",Data Table 2002-2010 (mobile),Total,Total,Total,Total,"The sample size includes all survey respondents ages 65 years and older except those with missing, ""don't know"", or ""refused"" answers.",Percentage of adults 65 years and older who did not have a flu vaccine within the past 12 months.,[federated.1vgb48v110x54q1gh5bp80qi14v1].[sum:UCI (copy)_529735946288271364:qk],95% CI (Upper),42.7%
Data Table Builder 2002-2010,"Flu Shot, 65+",0.58,feature_name_fuzzy,"No Flu Shot in the Past 12 Months, Age 65+",Data Table 2002-2010 (mobile),Total,Total,Total,Total,"The sample size includes all survey respondents ages 65 years and older except those with missing, ""don't know"", or ""refused"" answers.",Percentage of adults 65 years and older who did not have a flu vaccine within the past 12 months.,[federated.1vgb48v110x54q1gh5bp80qi14v1].[sum:LCI (copy)_529735946288033795:qk],95% CI (Lower),35.5%
Data Table Builder 2002-2010,"Flu Shot, 65+",0.58,feature_name_fuzzy,"No Flu Shot in the Past 12 Months, Age 65+",Data Table 2002-2010 (mobile),Total,Total,Total,Total,"The sample size includes all survey respondents ages 65 years and older except those with missing, ""don't know"", or ""refused"" answers.",Percentage of adults 65 years and older who did not have a flu vaccine within the past 12 months.,[federated.1vgb48v110x54q1gh5bp80qi14v1].[sum:Percent (copy)_529735946287837186:qk],Percentage,39.0%
Data Table Builder 2002-2010,"Flu Shot, 65+",0.58,feature_name_fuzzy,"No Flu Shot in the Past 12 Months, Age 65+",Data Table 2002-2010 (mobile),Total,Total,Total,Total,"The sample size includes all survey respondents ages 65 years and older except those with missing, ""don't know"", or ""refused"" answers.",Percentage of adults 65 years and older who did not have a flu vaccine within the past 12 months.,[federated.1vgb48v110x54q1gh5bp80qi14v1].[sum:Sample Size (copy)_529735946285486081:qk],Sample Size*,"1,029"
Data Table Builder 2002-2010,"Flu Shot, 65+",0.58,feature_name_fuzzy,"No Flu Shot in the Past 12 Months, Age 65+",Data Table 2002-2010 (mobile),Sex,Sex,Male,Male,"The sample size includes all survey respondents ages 65 years and older except those with missing, ""don't know"", or ""refused"" answers.",Percentage of adults 65 years and older who did not have a flu vaccine within the past 12 months.,[federated.1vgb48v110x54q1gh5bp80qi14v1].[sum:UCI (copy)_529735946288271364:qk],95% CI (Upper),47.1%
Data Table Builder 2002-2010,"Flu Shot, 65+",0.58,feature_name_fuzzy,"No Flu Shot in the Past 12 Months, Age 65+",Data Table 2002-2010 (mobile),Sex,Sex,Female,Female,"The sample size includes all survey respondents ages 65 years and older except those with missing, ""don't know"", or ""refused"" answers.",Percentage of adults 65 years and older who did not have a flu vaccine within the past 12 months.,[federated.1vgb48v110x54q1gh5bp80qi14v1].[sum:UCI (copy)_529735946288271364:qk],95% CI (Upper),42.2%
Data Table Builder 2002-2010,"Flu Shot, 65+",0.58,feature_name_fuzzy,"No Flu Shot in the Past 12 Months, Age 65+",Data Table 2002-2010 (mobile),Sex,Sex,Male,Male,"The sample size includes all survey respondents ages 65 years and older except those with missing, ""don't know"", or ""refused"" answers.",Percentage of adults 65 years and older who did not have a flu vaccine within the past 12 months.,[federated.1vgb48v110x54q1gh5bp80qi14v1].[sum:LCI (copy)_529735946288033795:qk],95% CI (Lower),35.7%
Data Table Builder 2002-2010,"Flu Shot, 65+",0.58,feature_name_fuzzy,"No Flu Shot in the Past 12 Months, Age 65+",Data Table 2002-2010 (mobile),Sex,Sex,Female,Female,"The sample size includes all survey respondents ages 65 years and older except those with missing, ""don't know"", or ""refused"" answers.",Percentage of adults 65 years and older who did not have a flu vaccine within the past 12 months.,[federated.1vgb48v110x54q1gh5bp80qi14v1].[sum:LCI (copy)_529735946288033795:qk],95% CI (Lower),32.8%
Data Table Builder 2002-2010,"Flu Shot, 65+",0.58,feature_name_fuzzy,"No Flu Shot in the Past 12 Months, Age 65+",Data Table 2002-2010 (mobile),Sex,Sex,Male,Male,"The sample size includes all survey respondents ages 65 years and older except those with missing, ""don't know"", or ""refused"" answers.",Percentage of adults 65 years and older who did not have a flu vaccine within the past 12 months.,[federated.1vgb48v110x54q1gh5bp80qi14v1].[sum:Percent (copy)_529735946287837186:qk],Percentage,41.3%
Data Table Builder 2002-2010,"Flu Shot, 65+",0.58,feature_name_fuzzy,"No Flu Shot in the Past 12 Months, Age 65+",Data Table 2002-2010 (mobile),Sex,Sex,Female,Female,"The sample size includes all survey respondents ages 65 years and older except those with missing, ""don't know"", or ""refused"" answers.",Percentage of adults 65 years and older who did not have a flu vaccine within the past 12 months.,[federated.1vgb48v110x54q1gh5bp80qi14v1].[sum:Percent (copy)_529735946287837186:qk],Percentage,37.4%
Data Table Builder 2002-2010,"Flu Shot, 65+",0.58,feature_name_fuzzy,"No Flu Shot in the Past 12 Months, Age 65+",Data Table 2002-2010 (mobile),Sex,Sex,Male,Male,"The sample size includes all survey respondents ages 65 years and older except those with missing, ""don't know"", or ""refused"" answers.",Percentage of adults 65 years and older who did not have a flu vaccine within the past 12 months.,[federated.1vgb48v110x54q1gh5bp80qi14v1].[sum:Sample Size (copy)_529735946285486081:qk],Sample Size*,358
Data Table Builder 2002-2010,"Flu Shot, 65+",0.58,feature_name_fuzzy,"No Flu Shot in the Past 12 Months, Age 65+",Data Table 2002-2010 (mobile),Sex,Sex,Female,Female,"The sample size includes all survey respondents ages 65 years and older except those with missing, ""don't know"", or ""refused"" answers.",Percentage of adults 65 years and older who did not have a flu vaccine within the past 12 months.,[federated.1vgb48v110x54q1gh5bp80qi14v1].[sum:Sample Size (copy)_529735946285486081:qk],Sample Size*,671
Data Table Builder 2002-2010,"Flu Shot, 65+",0.58,feature_name_fuzzy,"No Flu Shot in the Past 12 Months, Age 65+",Data Table 2002-2010 (mobile),Race/Ethnicity,Race/Ethnicity,White,Non-Hispanic White,"The sample size includes all survey respondents ages 65 years and older except those with missing, ""don't know"", or ""refused"" answers.",Percentage of adults 65 years and older who did not have a flu vaccine within the past 12 months.,[federated.1vgb48v110x54q1gh5bp80qi14v1].[sum:UCI (copy)_529735946288271364:qk],95% CI (Upper),36.0%
Data Table Builder 2002-2010,"Flu Shot, 65+",0.58,feature_name_fuzzy,"No Flu Shot in the Past 12 Months, Age 65+",Data Table 2002-2010 (mobile),Race/Ethnicity,Race/Ethnicity,Black,Non Hispanic Black,"The sample size includes all survey respondents ages 65 years and older except those with missing, ""don't know"", or ""refused"" answers.",Percentage of adults 65 years and older who did not have a flu vaccine within the past 12 months.,[federated.1vgb48v110x54q1gh5bp80qi14v1].[sum:UCI (copy)_529735946288271364:qk],95% CI (Upper),75.8%
Data Table Builder 2002-2010,"Flu Shot, 65+",0.58,feature_name_fuzzy,"No Flu Shot in the Past 12 Months, Age 65+",Data Table 2002-2010 (mobile),Race/Ethnicity,Race/Ethnicity,Hispanic,Hispanic,"The sample size includes all survey respondents ages 65 years and older except those with missing, ""don't know"", or ""refused"" answers.",Percentage of adults 65 years and older who did not have a flu vaccine within the past 12 months.,[federated.1vgb48v110x54q1gh5bp80qi14v1].[sum:UCI (copy)_529735946288271364:qk],95% CI (Upper),67.9%
Data Table Builder 2002-2010,"Flu Shot, 65+",0.58,feature_name_fuzzy,"No Flu Shot in the Past 12 Months, Age 65+",Data Table 2002-2010 (mobile),Race/Ethnicity,Race/Ethnicity,White,Non-Hispanic White,"The sample size includes all survey respondents ages 65 years and older except those with missing, ""don't know"", or ""refused"" answers.",Percentage of adults 65 years and older who did not have a flu vaccine within the past 12 months.,[federated.1vgb48v110x54q1gh5bp80qi14v1].[sum:LCI (copy)_529735946288033795:qk],95% CI (Lower),29.1%
Data Table Builder 2002-2010,"Flu Shot, 65+",0.58,feature_name_fuzzy,"No Flu Shot in the Past 12 Months, Age 65+",Data Table 2002-2010 (mobile),Race/Ethnicity,Race/Ethnicity,Black,Non Hispanic Black,"The sample size includes all survey respondents ages 65 years and older except those with missing, ""don't know"", or ""refused"" answers.",Percentage of adults 65 years and older who did not have a flu vaccine within the past 12 months.,[federated.1vgb48v110x54q1gh5bp80qi14v1].[sum:LCI (copy)_529735946288033795:qk],95% CI (Lower),47.2%
Data Table Builder 2002-2010,"Flu Shot, 65+",0.58,feature_name_fuzzy,"No Flu Shot in the Past 12 Months, Age 65+",Data Table 2002-2010 (mobile),Race/Ethnicity,Race/Ethnicity,Hispanic,Hispanic,"The sample size includes all survey respondents ages 65 years and older except those with missing, ""don't know"", or ""refused"" answers.",Percentage of adults 65 years and older who did not have a flu vaccine within the past 12 months.,[federated.1vgb48v110x54q1gh5bp80qi14v1].[sum:LCI (copy)_529735946288033795:qk],95% CI (Lower),45.1%
Data Table Builder 2002-2010,"Flu Shot, 65+",0.58,feature_name_fuzzy,"No Flu Shot in the Past 12 Months, Age 65+",Data Table 2002-2010 (mobile),Race/Ethnicity,Race/Ethnicity,White,Non-Hispanic White,"The sample size includes all survey respondents ages 65 years and older except those with missing, ""don't know"", or ""refused"" answers.",Percentage of adults 65 years and older who did not have a flu vaccine within the past 12 months.,[federated.1vgb48v110x54q1gh5bp80qi14v1].[sum:Percent (copy)_529735946287837186:qk],Percentage,32.4%
Data Table Builder 2002-2010,"Flu Shot, 65+",0.58,feature_name_fuzzy,"No Flu Shot in the Past 12 Months, Age 65+",Data Table 2002-2010 (mobile),Race/Ethnicity,Race/Ethnicity,Black,Non Hispanic Black,"The sample size includes all survey respondents ages 65 years and older except those with missing, ""don't know"", or ""refused"" answers.",Percentage of adults 65 years and older who did not have a flu vaccine within the past 12 months.,[federated.1vgb48v110x54q1gh5bp80qi14v1].[sum:Percent (copy)_529735946287837186:qk],Percentage,62.6%
Data Table Builder 2002-2010,"Flu Shot, 65+",0.58,feature_name_fuzzy,"No Flu Shot in the Past 12 Months, Age 65+",Data Table 2002-2010 (mobile),Race/Ethnicity,Race/Ethnicity,Hispanic,Hispanic,"The sample size includes all survey respondents ages 65 years and older except those with missing, ""don't know"", or ""refused"" answers.",Percentage of adults 65 years and older who did not have a flu vaccine within the past 12 months.,[federated.1vgb48v110x54q1gh5bp80qi14v1].[sum:Percent (copy)_529735946287837186:qk],Percentage,56.9%
Data Table Builder 2002-2010,"Flu Shot, 65+",0.58,feature_name_fuzzy,"No Flu Shot in the Past 12 Months, Age 65+",Data Table 2002-2010 (mobile),Race/Ethnicity,Race/Ethnicity,White,Non-Hispanic White,"The sample size includes all survey respondents ages 65 years and older except those with missing, ""don't know"", or ""refused"" answers.",Percentage of adults 65 years and older who did not have a flu vaccine within the past 12 months.,[federated.1vgb48v110x54q1gh5bp80qi14v1].[sum:Sample Size (copy)_529735946285486081:qk],Sample Size*,831
Data Table Builder 2002-2010,"Flu Shot, 65+",0.58,feature_name_fuzzy,"No Flu Shot in the Past 12 Months, Age 65+",Data Table 2002-2010 (mobile),Race/Ethnicity,Race/Ethnicity,Black,Non Hispanic Black,"The sample size includes all survey respondents ages 65 years and older except those with missing, ""don't know"", or ""refused"" answers.",Percentage of adults 65 years and older who did not have a flu vaccine within the past 12 months.,[federated.1vgb48v110x54q1gh5bp80qi14v1].[sum:Sample Size (copy)_529735946285486081:qk],Sample Size*,51
Data Table Builder 2002-2010,"Flu Shot, 65+",0.58,feature_name_fuzzy,"No Flu Shot in the Past 12 Months, Age 65+",Data Table 2002-2010 (mobile),Race/Ethnicity,Race/Ethnicity,Hispanic,Hispanic,"The sample size includes all survey respondents ages 65 years and older except those with missing, ""don't know"", or ""refused"" answers.",Percentage of adults 65 years and older who did not have a flu vaccine within the past 12 months.,[federated.1vgb48v110x54q1gh5bp80qi14v1].[sum:Sample Size (copy)_529735946285486081:qk],Sample Size*,111
Data Table Builder 2002-2010,"Flu Shot, 65+",0.58,feature_name_fuzzy,"No Flu Shot in the Past 12 Months, Age 65+",Data Table 2002-2010 (mobile),Age Group,Age Group,65+,65+,"The sample size includes all survey respondents ages 65 years and older except those with missing, ""don't know"", or ""refused"" answers.",Percentage of adults 65 years and older who did not have a flu vaccine within the past 12 months.,[federated.1vgb48v110x54q1gh5bp80qi14v1].[sum:UCI (copy)_529735946288271364:qk],95% CI (Upper),42.7%
Data Table Builder 2002-2010,"Flu Shot, 65+",0.58,feature_name_fuzzy,"No Flu Shot in the Past 12 Months, Age 65+",Data Table 2002-2010 (mobile),Age Group,Age Group,65+,65+,"The sample size includes all survey respondents ages 65 years and older except those with missing, ""don't know"", or ""refused"" answers.",Percentage of adults 65 years and older who did not have a flu vaccine within the past 12 months.,[federated.1vgb48v110x54q1gh5bp80qi14v1].[sum:LCI (copy)_529735946288033795:qk],95% CI (Lower),35.5%
Data Table Builder 2002-2010,"Flu Shot, 65+",0.58,feature_name_fuzzy,"No Flu Shot in the Past 12 Months, Age 65+",Data Table 2002-2010 (mobile),Age Group,Age Group,65+,65+,"The sample size includes all survey respondents ages 65 years and older except those with missing, ""don't know"", or ""refused"" answers.",Percentage of adults 65 years and older who did not have a flu vaccine within the past 12 months.,[federated.1vgb48v110x54q1gh5bp80qi14v1].[sum:Percent (copy)_529735946287837186:qk],Percentage,39.0%
Data Table Builder 2002-2010,"Flu Shot, 65+",0.58,feature_name_fuzzy,"No Flu Shot in the Past 12 Months, Age 65+",Data Table 2002-2010 (mobile),Age Group,Age Group,65+,65+,"The sample size includes all survey respondents ages 65 years and older except those with missing, ""don't know"", or ""refused"" answers.",Percentage of adults 65 years and older who did not have a flu vaccine within the past 12 months.,[federated.1vgb48v110x54q1gh5bp80qi14v1].[sum:Sample Size (copy)_529735946285486081:qk],Sample Size*,"1,029"
Data Table Builder 2002-2010,"Flu Shot, 65+",0.58,feature_name_fuzzy,"No Flu Shot in the Past 12 Months, Age 65+",Data Table 2002-2010 (mobile),Education,Education,COL,College Graduate,"The sample size includes all survey respondents ages 65 years and older except those with missing, ""don't know"", or ""refused"" answers.",Percentage of adults 65 years and older who did not have a flu vaccine within the past 12 months.,[federated.1vgb48v110x54q1gh5bp80qi14v1].[sum:UCI (copy)_529735946288271364:qk],95% CI (Upper),44.4%
Data Table Builder 2002-2010,"Flu Shot, 65+",0.58,feature_name_fuzzy,"No Flu Shot in the Past 12 Months, Age 65+",Data Table 2002-2010 (mobile),Education,Education,SCOL,Some College,"The sample size includes all survey respondents ages 65 years and older except those with missing, ""don't know"", or ""refused"" answers.",Percentage of adults 65 years and older who did not have a flu vaccine within the past 12 months.,[federated.1vgb48v110x54q1gh5bp80qi14v1].[sum:UCI (copy)_529735946288271364:qk],95% CI (Upper),40.1%
Data Table Builder 2002-2010,"Flu Shot, 65+",0.58,feature_name_fuzzy,"No Flu Shot in the Past 12 Months, Age 65+",Data Table 2002-2010 (mobile),Education,Education,HS,High School Graduate,"The sample size includes all survey respondents ages 65 years and older except those with missing, ""don't know"", or ""refused"" answers.",Percentage of adults 65 years and older who did not have a flu vaccine within the past 12 months.,[federated.1vgb48v110x54q1gh5bp80qi14v1].[sum:UCI (copy)_529735946288271364:qk],95% CI (Upper),40.1%
Data Table Builder 2002-2010,"Flu Shot, 65+",0.58,feature_name_fuzzy,"No Flu Shot in the Past 12 Months, Age 65+",Data Table 2002-2010 (mobile),Education,Education,<HS,Less Than High School,"The sample size includes all survey respondents ages 65 years and older except those with missing, ""don't know"", or ""refused"" answers.",Percentage of adults 65 years and older who did not have a flu vaccine within the past 12 months.,[federated.1vgb48v110x54q1gh5bp80qi14v1].[sum:UCI (copy)_529735946288271364:qk],95% CI (Upper),60.3%
Data Table Builder 2002-2010,"Flu Shot, 65+",0.58,feature_name_fuzzy,"No Flu Shot in the Past 12 Months, Age 65+",Data Table 2002-2010 (mobile),Education,Education,COL,College Graduate,"The sample size includes all survey respondents ages 65 years and older except those with missing, ""don't know"", or ""refused"" answers.",Percentage of adults 65 years and older who did not have a flu vaccine within the past 12 months.,[federated.1vgb48v110x54q1gh5bp80qi14v1].[sum:LCI (copy)_529735946288033795:qk],95% CI (Lower),31.3%
Data Table Builder 2002-2010,"Flu Shot, 65+",0.58,feature_name_fuzzy,"No Flu Shot in the Past 12 Months, Age 65+",Data Table 2002-2010 (mobile),Education,Education,SCOL,Some College,"The sample size includes all survey respondents ages 65 years and older except those with missing, ""don't know"", or ""refused"" answers.",Percentage of adults 65 years and older who did not have a flu vaccine within the past 12 months.,[federated.1vgb48v110x54q1gh5bp80qi14v1].[sum:LCI (copy)_529735946288033795:qk],95% CI (Lower),27.3%
Data Table Builder 2002-2010,"Flu Shot, 65+",0.58,feature_name_fuzzy,"No Flu Shot in the Past 12 Months, Age 65+",Data Table 2002-2010 (mobile),Education,Education,HS,High School Graduate,"The sample size includes all survey respondents ages 65 years and older except those with missing, ""don't know"", or ""refused"" answers.",Percentage of adults 65 years and older who did not have a flu vaccine within the past 12 months.,[federated.1vgb48v110x54q1gh5bp80qi14v1].[sum:LCI (copy)_529735946288033795:qk],95% CI (Lower),28.4%
Data Table Builder 2002-2010,"Flu Shot, 65+",0.58,feature_name_fuzzy,"No Flu Shot in the Past 12 Months, Age 65+",Data Table 2002-2010 (mobile),Education,Education,<HS,Less Than High School,"The sample size includes all survey respondents ages 65 years and older except those with missing, ""don't know"", or ""refused"" answers.",Percentage of adults 65 years and older who did not have a flu vaccine within the past 12 months.,[federated.1vgb48v110x54q1gh5bp80qi14v1].[sum:LCI (copy)_529735946288033795:qk],95% CI (Lower),43.2%
Data Table Builder 2002-2010,"Flu Shot, 65+",0.58,feature_name_fuzzy,"No Flu Shot in the Past 12 Months, Age 65+",Data Table 2002-2010 (mobile),Education,Education,COL,College Graduate,"The sample size includes all survey respondents ages 65 years and older except those with missing, ""don't know"", or ""refused"" answers.",Percentage of adults 65 years and older who did not have a flu vaccine within the past 12 months.,[federated.1vgb48v110x54q1gh5bp80qi14v1].[sum:Percent (copy)_529735946287837186:qk],Percentage,37.6%
Data Table Builder 2002-2010,"Flu Shot, 65+",0.58,feature_name_fuzzy,"No Flu Shot in the Past 12 Months, Age 65+",Data Table 2002-2010 (mobile),Education,Education,SCOL,Some College,"The sample size includes all survey respondents ages 65 years and older except those with missing, ""don't know"", or ""refused"" answers.",Percentage of adults 65 years and older who did not have a flu vaccine within the past 12 months.,[federated.1vgb48v110x54q1gh5bp80qi14v1].[sum:Percent (copy)_529735946287837186:qk],Percentage,33.4%
Data Table Builder 2002-2010,"Flu Shot, 65+",0.58,feature_name_fuzzy,"No Flu Shot in the Past 12 Months, Age 65+",Data Table 2002-2010 (mobile),Education,Education,HS,High School Graduate,"The sample size includes all survey respondents ages 65 years and older except those with missing, ""don't know"", or ""refused"" answers.",Percentage of adults 65 years and older who did not have a flu vaccine within the past 12 months.,[federated.1vgb48v110x54q1gh5bp80qi14v1].[sum:Percent (copy)_529735946287837186:qk],Percentage,34.0%
Data Table Builder 2002-2010,"Flu Shot, 65+",0.58,feature_name_fuzzy,"No Flu Shot in the Past 12 Months, Age 65+",Data Table 2002-2010 (mobile),Education,Education,<HS,Less Than High School,"The sample size includes all survey respondents ages 65 years and older except those with missing, ""don't know"", or ""refused"" answers.",Percentage of adults 65 years and older who did not have a flu vaccine within the past 12 months.,[federated.1vgb48v110x54q1gh5bp80qi14v1].[sum:Percent (copy)_529735946287837186:qk],Percentage,51.8%
Data Table Builder 2002-2010,"Flu Shot, 65+",0.58,feature_name_fuzzy,"No Flu Shot in the Past 12 Months, Age 65+",Data Table 2002-2010 (mobile),Education,Education,COL,College Graduate,"The sample size includes all survey respondents ages 65 years and older except those with missing, ""don't know"", or ""refused"" answers.",Percentage of adults 65 years and older who did not have a flu vaccine within the past 12 months.,[federated.1vgb48v110x54q1gh5bp80qi14v1].[sum:Sample Size (copy)_529735946285486081:qk],Sample Size*,250
Data Table Builder 2002-2010,"Flu Shot, 65+",0.58,feature_name_fuzzy,"No Flu Shot in the Past 12 Months, Age 65+",Data Table 2002-2010 (mobile),Education,Education,SCOL,Some College,"The sample size includes all survey respondents ages 65 years and older except those with missing, ""don't know"", or ""refused"" answers.",Percentage of adults 65 years and older who did not have a flu vaccine within the past 12 months.,[federated.1vgb48v110x54q1gh5bp80qi14v1].[sum:Sample Size (copy)_529735946285486081:qk],Sample Size*,241
Data Table Builder 2002-2010,"Flu Shot, 65+",0.58,feature_name_fuzzy,"No Flu Shot in the Past 12 Months, Age 65+",Data Table 2002-2010 (mobile),Education,Education,HS,High School Graduate,"The sample size includes all survey respondents ages 65 years and older except those with missing, ""don't know"", or ""refused"" answers.",Percentage of adults 65 years and older who did not have a flu vaccine within the past 12 months.,[federated.1vgb48v110x54q1gh5bp80qi14v1].[sum:Sample Size (copy)_529735946285486081:qk],Sample Size*,318
Data Table Builder 2002-2010,"Flu Shot, 65+",0.58,feature_name_fuzzy,"No Flu Shot in the Past 12 Months, Age 65+",Data Table 2002-2010 (mobile),Education,Education,<HS,Less Than High School,"The sample size includes all survey respondents ages 65 years and older except those with missing, ""don't know"", or ""refused"" answers.",Percentage of adults 65 years and older who did not have a flu vaccine within the past 12 months.,[federated.1vgb48v110x54q1gh5bp80qi14v1].[sum:Sample Size (copy)_529735946285486081:qk],Sample Size*,215
Data Table Builder 2002-2010,"Flu Shot, 65+",0.58,feature_name_fuzzy,"No Flu Shot in the Past 12 Months, Age 65+",Data Table 2002-2010 (mobile),Income Level,Income Level,50K+,"$50,000 or More","The sample size includes all survey respondents ages 65 years and older except those with missing, ""don't know"", or ""refused"" answers.",Percentage of adults 65 years and older who did not have a flu vaccine within the past 12 months.,[federated.1vgb48v110x54q1gh5bp80qi14v1].[sum:UCI (copy)_529735946288271364:qk],95% CI (Upper),44.6%
Data Table Builder 2002-2010,"Flu Shot, 65+",0.58,feature_name_fuzzy,"No Flu Shot in the Past 12 Months, Age 65+",Data Table 2002-2010 (mobile),Income Level,Income Level,25-50K,"$25,000-$49,999","The sample size includes all survey respondents ages 65 years and older except those with missing, ""don't know"", or ""refused"" answers.",Percentage of adults 65 years and older who did not have a flu vaccine within the past 12 months.,[federated.1vgb48v110x54q1gh5bp80qi14v1].[sum:UCI (copy)_529735946288271364:qk],95% CI (Upper),46.3%
Data Table Builder 2002-2010,"Flu Shot, 65+",0.58,feature_name_fuzzy,"No Flu Shot in the Past 12 Months, Age 65+",Data Table 2002-2010 (mobile),Income Level,Income Level,<25K,"Less Than $25,000","The sample size includes all survey respondents ages 65 years and older except those with missing, ""don't know"", or ""refused"" answers.",Percentage of adults 65 years and older who did not have a flu vaccine within the past 12 months.,[federated.1vgb48v110x54q1gh5bp80qi14v1].[sum:UCI (copy)_529735946288271364:qk],95% CI (Upper),45.4%
Data Table Builder 2002-2010,"Flu Shot, 65+",0.58,feature_name_fuzzy,"No Flu Shot in the Past 12 Months, Age 65+",Data Table 2002-2010 (mobile),Income Level,Income Level,50K+,"$50,000 or More","The sample size includes all survey respondents ages 65 years and older except those with missing, ""don't know"", or ""refused"" answers.",Percentage of adults 65 years and older who did not have a flu vaccine within the past 12 months.,[federated.1vgb48v110x54q1gh5bp80qi14v1].[sum:LCI (copy)_529735946288033795:qk],95% CI (Lower),26.9%
Data Table Builder 2002-2010,"Flu Shot, 65+",0.58,feature_name_fuzzy,"No Flu Shot in the Past 12 Months, Age 65+",Data Table 2002-2010 (mobile),Income Level,Income Level,25-50K,"$25,000-$49,999","The sample size includes all survey respondents ages 65 years and older except those with missing, ""don't know"", or ""refused"" answers.",Percentage of adults 65 years and older who did not have a flu vaccine within the past 12 months.,[federated.1vgb48v110x54q1gh5bp80qi14v1].[sum:LCI (copy)_529735946288033795:qk],95% CI (Lower),34.0%
Data Table Builder 2002-2010,"Flu Shot, 65+",0.58,feature_name_fuzzy,"No Flu Shot in the Past 12 Months, Age 65+",Data Table 2002-2010 (mobile),Income Level,Income Level,<25K,"Less Than $25,000","The sample size includes all survey respondents ages 65 years and older except those with missing, ""don't know"", or ""refused"" answers.",Percentage of adults 65 years and older who did not have a flu vaccine within the past 12 months.,[federated.1vgb48v110x54q1gh5bp80qi14v1].[sum:LCI (copy)_529735946288033795:qk],95% CI (Lower),33.5%
Data Table Builder 2002-2010,"Flu Shot, 65+",0.58,feature_name_fuzzy,"No Flu Shot in the Past 12 Months, Age 65+",Data Table 2002-2010 (mobile),Income Level,Income Level,50K+,"$50,000 or More","The sample size includes all survey respondents ages 65 years and older except those with missing, ""don't know"", or ""refused"" answers.",Percentage of adults 65 years and older who did not have a flu vaccine within the past 12 months.,[federated.1vgb48v110x54q1gh5bp80qi14v1].[sum:Percent (copy)_529735946287837186:qk],Percentage,35.2%
Data Table Builder 2002-2010,"Flu Shot, 65+",0.58,feature_name_fuzzy,"No Flu Shot in the Past 12 Months, Age 65+",Data Table 2002-2010 (mobile),Income Level,Income Level,25-50K,"$25,000-$49,999","The sample size includes all survey respondents ages 65 years and older except those with missing, ""don't know"", or ""refused"" answers.",Percentage of adults 65 years and older who did not have a flu vaccine within the past 12 months.,[federated.1vgb48v110x54q1gh5bp80qi14v1].[sum:Percent (copy)_529735946287837186:qk],Percentage,40.0%
Data Table Builder 2002-2010,"Flu Shot, 65+",0.58,feature_name_fuzzy,"No Flu Shot in the Past 12 Months, Age 65+",Data Table 2002-2010 (mobile),Income Level,Income Level,<25K,"Less Than $25,000","The sample size includes all survey respondents ages 65 years and older except those with missing, ""don't know"", or ""refused"" answers.",Percentage of adults 65 years and older who did not have a flu vaccine within the past 12 months.,[federated.1vgb48v110x54q1gh5bp80qi14v1].[sum:Percent (copy)_529735946287837186:qk],Percentage,39.3%
Data Table Builder 2002-2010,"Flu Shot, 65+",0.58,feature_name_fuzzy,"No Flu Shot in the Past 12 Months, Age 65+",Data Table 2002-2010 (mobile),Income Level,Income Level,50K+,"$50,000 or More","The sample size includes all survey respondents ages 65 years and older except those with missing, ""don't know"", or ""refused"" answers.",Percentage of adults 65 years and older who did not have a flu vaccine within the past 12 months.,[federated.1vgb48v110x54q1gh5bp80qi14v1].[sum:Sample Size (copy)_529735946285486081:qk],Sample Size*,130
Data Table Builder 2002-2010,"Flu Shot, 65+",0.58,feature_name_fuzzy,"No Flu Shot in the Past 12 Months, Age 65+",Data Table 2002-2010 (mobile),Income Level,Income Level,25-50K,"$25,000-$49,999","The sample size includes all survey respondents ages 65 years and older except those with missing, ""don't know"", or ""refused"" answers.",Percentage of adults 65 years and older who did not have a flu vaccine within the past 12 months.,[federated.1vgb48v110x54q1gh5bp80qi14v1].[sum:Sample Size (copy)_529735946285486081:qk],Sample Size*,291
Data Table Builder 2002-2010,"Flu Shot, 65+",0.58,feature_name_fuzzy,"No Flu Shot in the Past 12 Months, Age 65+",Data Table 2002-2010 (mobile),Income Level,Income Level,<25K,"Less Than $25,000","The sample size includes all survey respondents ages 65 years and older except those with missing, ""don't know"", or ""refused"" answers.",Percentage of adults 65 years and older who did not have a flu vaccine within the past 12 months.,[federated.1vgb48v110x54q1gh5bp80qi14v1].[sum:Sample Size (copy)_529735946285486081:qk],Sample Size*,369
Data Table Builder 2002-2010,"Flu Shot, 65+",0.58,feature_name_fuzzy,"No Flu Shot in the Past 12 Months, Age 65+",Data Table 2002-2010,Total,Total,Total,Total,"The sample size includes all survey respondents ages 65 years and older except those with missing, ""don't know"", or ""refused"" answers.",Percentage of adults 65 years and older who did not have a flu vaccine within the past 12 months.,[federated.1vgb48v110x54q1gh5bp80qi14v1].[sum:UCI (copy)_529735946288271364:qk],95% CI (Upper),34.1%
Data Table Builder 2002-2010,"Flu Shot, 65+",0.58,feature_name_fuzzy,"No Flu Shot in the Past 12 Months, Age 65+",Data Table 2002-2010,Total,Total,Total,Total,"The sample size includes all survey respondents ages 65 years and older except those with missing, ""don't know"", or ""refused"" answers.",Percentage of adults 65 years and older who did not have a flu vaccine within the past 12 months.,[federated.1vgb48v110x54q1gh5bp80qi14v1].[sum:LCI (copy)_529735946288033795:qk],95% CI (Lower),29.7%
Data Table Builder 2002-2010,"Flu Shot, 65+",0.58,feature_name_fuzzy,"No Flu Shot in the Past 12 Months, Age 65+",Data Table 2002-2010,Total,Total,Total,Total,"The sample size includes all survey respondents ages 65 years and older except those with missing, ""don't know"", or ""refused"" answers.",Percentage of adults 65 years and older who did not have a flu vaccine within the past 12 months.,[federated.1vgb48v110x54q1gh5bp80qi14v1].[sum:Percent (copy)_529735946287837186:qk],Percentage,31.8%
Data Table Builder 2002-2010,"Flu Shot, 65+",0.58,feature_name_fuzzy,"No Flu Shot in the Past 12 Months, Age 65+",Data Table 2002-2010,Total,Total,Total,Total,"The sample size includes all survey respondents ages 65 years and older except those with missing, ""don't know"", or ""refused"" answers.",Percentage of adults 65 years and older who did not have a flu vaccine within the past 12 months.,[federated.1vgb48v110x54q1gh5bp80qi14v1].[sum:Sample Size (copy)_529735946285486081:qk],Sample Size*,"4,543"
Data Table Builder 2002-2010,"Flu Shot, 65+",0.58,feature_name_fuzzy,"No Flu Shot in the Past 12 Months, Age 65+",Data Table 2002-2010,Sex,Sex,Male,Male,"The sample size includes all survey respondents ages 65 years and older except those with missing, ""don't know"", or ""refused"" answers.",Percentage of adults 65 years and older who did not have a flu vaccine within the past 12 months.,[federated.1vgb48v110x54q1gh5bp80qi14v1].[sum:UCI (copy)_529735946288271364:qk],95% CI (Upper),33.8%
Data Table Builder 2002-2010,"Flu Shot, 65+",0.58,feature_name_fuzzy,"No Flu Shot in the Past 12 Months, Age 65+",Data Table 2002-2010,Sex,Sex,Female,Female,"The sample size includes all survey respondents ages 65 years and older except those with missing, ""don't know"", or ""refused"" answers.",Percentage of adults 65 years and older who did not have a flu vaccine within the past 12 months.,[federated.1vgb48v110x54q1gh5bp80qi14v1].[sum:UCI (copy)_529735946288271364:qk],95% CI (Upper),36.0%
Data Table Builder 2002-2010,"Flu Shot, 65+",0.58,feature_name_fuzzy,"No Flu Shot in the Past 12 Months, Age 65+",Data Table 2002-2010,Sex,Sex,Male,Male,"The sample size includes all survey respondents ages 65 years and older except those with missing, ""don't know"", or ""refused"" answers.",Percentage of adults 65 years and older who did not have a flu vaccine within the past 12 months.,[federated.1vgb48v110x54q1gh5bp80qi14v1].[sum:LCI (copy)_529735946288033795:qk],95% CI (Lower),26.7%
Data Table Builder 2002-2010,"Flu Shot, 65+",0.58,feature_name_fuzzy,"No Flu Shot in the Past 12 Months, Age 65+",Data Table 2002-2010,Sex,Sex,Female,Female,"The sample size includes all survey respondents ages 65 years and older except those with missing, ""don't know"", or ""refused"" answers.",Percentage of adults 65 years and older who did not have a flu vaccine within the past 12 months.,[federated.1vgb48v110x54q1gh5bp80qi14v1].[sum:LCI (copy)_529735946288033795:qk],95% CI (Lower),30.3%
Data Table Builder 2002-2010,"Flu Shot, 65+",0.58,feature_name_fuzzy,"No Flu Shot in the Past 12 Months, Age 65+",Data Table 2002-2010,Sex,Sex,Male,Male,"The sample size includes all survey respondents ages 65 years and older except those with missing, ""don't know"", or ""refused"" answers.",Percentage of adults 65 years and older who did not have a flu vaccine within the past 12 months.,[federated.1vgb48v110x54q1gh5bp80qi14v1].[sum:Percent (copy)_529735946287837186:qk],Percentage,30.2%
Data Table Builder 2002-2010,"Flu Shot, 65+",0.58,feature_name_fuzzy,"No Flu Shot in the Past 12 Months, Age 65+",Data Table 2002-2010,Sex,Sex,Female,Female,"The sample size includes all survey respondents ages 65 years and older except those with missing, ""don't know"", or ""refused"" answers.",Percentage of adults 65 years and older who did not have a flu vaccine within the past 12 months.,[federated.1vgb48v110x54q1gh5bp80qi14v1].[sum:Percent (copy)_529735946287837186:qk],Percentage,33.1%
Data Table Builder 2002-2010,"Flu Shot, 65+",0.58,feature_name_fuzzy,"No Flu Shot in the Past 12 Months, Age 65+",Data Table 2002-2010,Sex,Sex,Male,Male,"The sample size includes all survey respondents ages 65 years and older except those with missing, ""don't know"", or ""refused"" answers.",Percentage of adults 65 years and older who did not have a flu vaccine within the past 12 months.,[federated.1vgb48v110x54q1gh5bp80qi14v1].[sum:Sample Size (copy)_529735946285486081:qk],Sample Size*,"1,575"
Data Table Builder 2002-2010,"Flu Shot, 65+",0.58,feature_name_fuzzy,"No Flu Shot in the Past 12 Months, Age 65+",Data Table 2002-2010,Sex,Sex,Female,Female,"The sample size includes all survey respondents ages 65 years and older except those with missing, ""don't know"", or ""refused"" answers.",Percentage of adults 65 years and older who did not have a flu vaccine within the past 12 months.,[federated.1vgb48v110x54q1gh5bp80qi14v1].[sum:Sample Size (copy)_529735946285486081:qk],Sample Size*,"2,968"
Data Table Builder 2002-2010,"Flu Shot, 65+",0.58,feature_name_fuzzy,"No Flu Shot in the Past 12 Months, Age 65+",Data Table 2002-2010,Race/Ethnicity,Race/Ethnicity,White,Non-Hispanic White,"The sample size includes all survey respondents ages 65 years and older except those with missing, ""don't know"", or ""refused"" answers.",Percentage of adults 65 years and older who did not have a flu vaccine within the past 12 months.,[federated.1vgb48v110x54q1gh5bp80qi14v1].[sum:UCI (copy)_529735946288271364:qk],95% CI (Upper),30.9%
Data Table Builder 2002-2010,"Flu Shot, 65+",0.58,feature_name_fuzzy,"No Flu Shot in the Past 12 Months, Age 65+",Data Table 2002-2010,Race/Ethnicity,Race/Ethnicity,Black,Non Hispanic Black,"The sample size includes all survey respondents ages 65 years and older except those with missing, ""don't know"", or ""refused"" answers.",Percentage of adults 65 years and older who did not have a flu vaccine within the past 12 months.,[federated.1vgb48v110x54q1gh5bp80qi14v1].[sum:UCI (copy)_529735946288271364:qk],95% CI (Upper),53.6%
Data Table Builder 2002-2010,"Flu Shot, 65+",0.58,feature_name_fuzzy,"No Flu Shot in the Past 12 Months, Age 65+",Data Table 2002-2010,Race/Ethnicity,Race/Ethnicity,Hispanic,Hispanic,"The sample size includes all survey respondents ages 65 years and older except those with missing, ""don't know"", or ""refused"" answers.",Percentage of adults 65 years and older who did not have a flu vaccine within the past 12 months.,[federated.1vgb48v110x54q1gh5bp80qi14v1].[sum:UCI (copy)_529735946288271364:qk],95% CI (Upper),47.8%
Data Table Builder 2002-2010,"Flu Shot, 65+",0.58,feature_name_fuzzy,"No Flu Shot in the Past 12 Months, Age 65+",Data Table 2002-2010,Race/Ethnicity,Race/Ethnicity,White,Non-Hispanic White,"The sample size includes all survey respondents ages 65 years and older except those with missing, ""don't know"", or ""refused"" answers.",Percentage of adults 65 years and older who did not have a flu vaccine within the past 12 months.,[federated.1vgb48v110x54q1gh5bp80qi14v1].[sum:LCI (copy)_529735946288033795:qk],95% CI (Lower),26.1%
Data Table Builder 2002-2010,"Flu Shot, 65+",0.58,feature_name_fuzzy,"No Flu Shot in the Past 12 Months, Age 65+",Data Table 2002-2010,Race/Ethnicity,Race/Ethnicity,Black,Non Hispanic Black,"The sample size includes all survey respondents ages 65 years and older except those with missing, ""don't know"", or ""refused"" answers.",Percentage of adults 65 years and older who did not have a flu vaccine within the past 12 months.,[federated.1vgb48v110x54q1gh5bp80qi14v1].[sum:LCI (copy)_529735946288033795:qk],95% CI (Lower),35.0%
Data Table Builder 2002-2010,"Flu Shot, 65+",0.58,feature_name_fuzzy,"No Flu Shot in the Past 12 Months, Age 65+",Data Table 2002-2010,Race/Ethnicity,Race/Ethnicity,Hispanic,Hispanic,"The sample size includes all survey respondents ages 65 years and older except those with missing, ""don't know"", or ""refused"" answers.",Percentage of adults 65 years and older who did not have a flu vaccine within the past 12 months.,[federated.1vgb48v110x54q1gh5bp80qi14v1].[sum:LCI (copy)_529735946288033795:qk],95% CI (Lower),35.1%
Data Table Builder 2002-2010,"Flu Shot, 65+",0.58,feature_name_fuzzy,"No Flu Shot in the Past 12 Months, Age 65+",Data Table 2002-2010,Race/Ethnicity,Race/Ethnicity,White,Non-Hispanic White,"The sample size includes all survey respondents ages 65 years and older except those with missing, ""don't know"", or ""refused"" answers.",Percentage of adults 65 years and older who did not have a flu vaccine within the past 12 months.,[federated.1vgb48v110x54q1gh5bp80qi14v1].[sum:Percent (copy)_529735946287837186:qk],Percentage,28.4%
Data Table Builder 2002-2010,"Flu Shot, 65+",0.58,feature_name_fuzzy,"No Flu Shot in the Past 12 Months, Age 65+",Data Table 2002-2010,Race/Ethnicity,Race/Ethnicity,Black,Non Hispanic Black,"The sample size includes all survey respondents ages 65 years and older except those with missing, ""don't know"", or ""refused"" answers.",Percentage of adults 65 years and older who did not have a flu vaccine within the past 12 months.,[federated.1vgb48v110x54q1gh5bp80qi14v1].[sum:Percent (copy)_529735946287837186:qk],Percentage,44.1%
Data Table Builder 2002-2010,"Flu Shot, 65+",0.58,feature_name_fuzzy,"No Flu Shot in the Past 12 Months, Age 65+",Data Table 2002-2010,Race/Ethnicity,Race/Ethnicity,Hispanic,Hispanic,"The sample size includes all survey respondents ages 65 years and older except those with missing, ""don't know"", or ""refused"" answers.",Percentage of adults 65 years and older who did not have a flu vaccine within the past 12 months.,[federated.1vgb48v110x54q1gh5bp80qi14v1].[sum:Percent (copy)_529735946287837186:qk],Percentage,41.3%
Data Table Builder 2002-2010,"Flu Shot, 65+",0.58,feature_name_fuzzy,"No Flu Shot in the Past 12 Months, Age 65+",Data Table 2002-2010,Race/Ethnicity,Race/Ethnicity,White,Non-Hispanic White,"The sample size includes all survey respondents ages 65 years and older except those with missing, ""don't know"", or ""refused"" answers.",Percentage of adults 65 years and older who did not have a flu vaccine within the past 12 months.,[federated.1vgb48v110x54q1gh5bp80qi14v1].[sum:Sample Size (copy)_529735946285486081:qk],Sample Size*,"3,449"
Data Table Builder 2002-2010,"Flu Shot, 65+",0.58,feature_name_fuzzy,"No Flu Shot in the Past 12 Months, Age 65+",Data Table 2002-2010,Race/Ethnicity,Race/Ethnicity,Black,Non Hispanic Black,"The sample size includes all survey respondents ages 65 years and older except those with missing, ""don't know"", or ""refused"" answers.",Percentage of adults 65 years and older who did not have a flu vaccine within the past 12 months.,[federated.1vgb48v110x54q1gh5bp80qi14v1].[sum:Sample Size (copy)_529735946285486081:qk],Sample Size*,249
Data Table Builder 2002-2010,"Flu Shot, 65+",0.58,feature_name_fuzzy,"No Flu Shot in the Past 12 Months, Age 65+",Data Table 2002-2010,Race/Ethnicity,Race/Ethnicity,Hispanic,Hispanic,"The sample size includes all survey respondents ages 65 years and older except those with missing, ""don't know"", or ""refused"" answers.",Percentage of adults 65 years and older who did not have a flu vaccine within the past 12 months.,[federated.1vgb48v110x54q1gh5bp80qi14v1].[sum:Sample Size (copy)_529735946285486081:qk],Sample Size*,730
Data Table Builder 2002-2010,"Flu Shot, 65+",0.58,feature_name_fuzzy,"No Flu Shot in the Past 12 Months, Age 65+",Data Table 2002-2010,Age Group,Age Group,65+,65+,"The sample size includes all survey respondents ages 65 years and older except those with missing, ""don't know"", or ""refused"" answers.",Percentage of adults 65 years and older who did not have a flu vaccine within the past 12 months.,[federated.1vgb48v110x54q1gh5bp80qi14v1].[sum:UCI (copy)_529735946288271364:qk],95% CI (Upper),34.1%
Data Table Builder 2002-2010,"Flu Shot, 65+",0.58,feature_name_fuzzy,"No Flu Shot in the Past 12 Months, Age 65+",Data Table 2002-2010,Age Group,Age Group,65+,65+,"The sample size includes all survey respondents ages 65 years and older except those with missing, ""don't know"", or ""refused"" answers.",Percentage of adults 65 years and older who did not have a flu vaccine within the past 12 months.,[federated.1vgb48v110x54q1gh5bp80qi14v1].[sum:LCI (copy)_529735946288033795:qk],95% CI (Lower),29.7%
Data Table Builder 2002-2010,"Flu Shot, 65+",0.58,feature_name_fuzzy,"No Flu Shot in the Past 12 Months, Age 65+",Data Table 2002-2010,Age Group,Age Group,65+,65+,"The sample size includes all survey respondents ages 65 years and older except those with missing, ""don't know"", or ""refused"" answers.",Percentage of adults 65 years and older who did not have a flu vaccine within the past 12 months.,[federated.1vgb48v110x54q1gh5bp80qi14v1].[sum:Percent (copy)_529735946287837186:qk],Percentage,31.8%
Data Table Builder 2002-2010,"Flu Shot, 65+",0.58,feature_name_fuzzy,"No Flu Shot in the Past 12 Months, Age 65+",Data Table 2002-2010,Age Group,Age Group,65+,65+,"The sample size includes all survey respondents ages 65 years and older except those with missing, ""don't know"", or ""refused"" answers.",Percentage of adults 65 years and older who did not have a flu vaccine within the past 12 months.,[federated.1vgb48v110x54q1gh5bp80qi14v1].[sum:Sample Size (copy)_529735946285486081:qk],Sample Size*,"4,543"
Data Table Builder 2002-2010,"Flu Shot, 65+",0.58,feature_name_fuzzy,"No Flu Shot in the Past 12 Months, Age 65+",Data Table 2002-2010,Education,Education,COL,College Graduate,"The sample size includes all survey respondents ages 65 years and older except those with missing, ""don't know"", or ""refused"" answers.",Percentage of adults 65 years and older who did not have a flu vaccine within the past 12 months.,[federated.1vgb48v110x54q1gh5bp80qi14v1].[sum:UCI (copy)_529735946288271364:qk],95% CI (Upper),34.0%
Data Table Builder 2002-2010,"Flu Shot, 65+",0.58,feature_name_fuzzy,"No Flu Shot in the Past 12 Months, Age 65+",Data Table 2002-2010,Education,Education,SCOL,Some College,"The sample size includes all survey respondents ages 65 years and older except those with missing, ""don't know"", or ""refused"" answers.",Percentage of adults 65 years and older who did not have a flu vaccine within the past 12 months.,[federated.1vgb48v110x54q1gh5bp80qi14v1].[sum:UCI (copy)_529735946288271364:qk],95% CI (Upper),34.4%
Data Table Builder 2002-2010,"Flu Shot, 65+",0.58,feature_name_fuzzy,"No Flu Shot in the Past 12 Months, Age 65+",Data Table 2002-2010,Education,Education,HS,High School Graduate,"The sample size includes all survey respondents ages 65 years and older except those with missing, ""don't know"", or ""refused"" answers.",Percentage of adults 65 years and older who did not have a flu vaccine within the past 12 months.,[federated.1vgb48v110x54q1gh5bp80qi14v1].[sum:UCI (copy)_529735946288271364:qk],95% CI (Upper),35.9%
Data Table Builder 2002-2010,"Flu Shot, 65+",0.58,feature_name_fuzzy,"No Flu Shot in the Past 12 Months, Age 65+",Data Table 2002-2010,Education,Education,<HS,Less Than High School,"The sample size includes all survey respondents ages 65 years and older except those with missing, ""don't know"", or ""refused"" answers.",Percentage of adults 65 years and older who did not have a flu vaccine within the past 12 months.,[federated.1vgb48v110x54q1gh5bp80qi14v1].[sum:UCI (copy)_529735946288271364:qk],95% CI (Upper),47.2%
Data Table Builder 2002-2010,"Flu Shot, 65+",0.58,feature_name_fuzzy,"No Flu Shot in the Past 12 Months, Age 65+",Data Table 2002-2010,Education,Education,COL,College Graduate,"The sample size includes all survey respondents ages 65 years and older except those with missing, ""don't know"", or ""refused"" answers.",Percentage of adults 65 years and older who did not have a flu vaccine within the past 12 months.,[federated.1vgb48v110x54q1gh5bp80qi14v1].[sum:LCI (copy)_529735946288033795:qk],95% CI (Lower),26.1%
Data Table Builder 2002-2010,"Flu Shot, 65+",0.58,feature_name_fuzzy,"No Flu Shot in the Past 12 Months, Age 65+",Data Table 2002-2010,Education,Education,SCOL,Some College,"The sample size includes all survey respondents ages 65 years and older except those with missing, ""don't know"", or ""refused"" answers.",Percentage of adults 65 years and older who did not have a flu vaccine within the past 12 months.,[federated.1vgb48v110x54q1gh5bp80qi14v1].[sum:LCI (copy)_529735946288033795:qk],95% CI (Lower),25.8%
Data Table Builder 2002-2010,"Flu Shot, 65+",0.58,feature_name_fuzzy,"No Flu Shot in the Past 12 Months, Age 65+",Data Table 2002-2010,Education,Education,HS,High School Graduate,"The sample size includes all survey respondents ages 65 years and older except those with missing, ""don't know"", or ""refused"" answers.",Percentage of adults 65 years and older who did not have a flu vaccine within the past 12 months.,[federated.1vgb48v110x54q1gh5bp80qi14v1].[sum:LCI (copy)_529735946288033795:qk],95% CI (Lower),27.6%
Data Table Builder 2002-2010,"Flu Shot, 65+",0.58,feature_name_fuzzy,"No Flu Shot in the Past 12 Months, Age 65+",Data Table 2002-2010,Education,Education,<HS,Less Than High School,"The sample size includes all survey respondents ages 65 years and older except those with missing, ""don't know"", or ""refused"" answers.",Percentage of adults 65 years and older who did not have a flu vaccine within the past 12 months.,[federated.1vgb48v110x54q1gh5bp80qi14v1].[sum:LCI (copy)_529735946288033795:qk],95% CI (Lower),34.9%
Data Table Builder 2002-2010,"Flu Shot, 65+",0.58,feature_name_fuzzy,"No Flu Shot in the Past 12 Months, Age 65+",Data Table 2002-2010,Education,Education,COL,College Graduate,"The sample size includes all survey respondents ages 65 years and older except those with missing, ""don't know"", or ""refused"" answers.",Percentage of adults 65 years and older who did not have a flu vaccine within the past 12 months.,[federated.1vgb48v110x54q1gh5bp80qi14v1].[sum:Percent (copy)_529735946287837186:qk],Percentage,29.9%
Data Table Builder 2002-2010,"Flu Shot, 65+",0.58,feature_name_fuzzy,"No Flu Shot in the Past 12 Months, Age 65+",Data Table 2002-2010,Education,Education,SCOL,Some College,"The sample size includes all survey respondents ages 65 years and older except those with missing, ""don't know"", or ""refused"" answers.",Percentage of adults 65 years and older who did not have a flu vaccine within the past 12 months.,[federated.1vgb48v110x54q1gh5bp80qi14v1].[sum:Percent (copy)_529735946287837186:qk],Percentage,29.9%
Data Table Builder 2002-2010,"Flu Shot, 65+",0.58,feature_name_fuzzy,"No Flu Shot in the Past 12 Months, Age 65+",Data Table 2002-2010,Education,Education,HS,High School Graduate,"The sample size includes all survey respondents ages 65 years and older except those with missing, ""don't know"", or ""refused"" answers.",Percentage of adults 65 years and older who did not have a flu vaccine within the past 12 months.,[federated.1vgb48v110x54q1gh5bp80qi14v1].[sum:Percent (copy)_529735946287837186:qk],Percentage,31.6%
Data Table Builder 2002-2010,"Flu Shot, 65+",0.58,feature_name_fuzzy,"No Flu Shot in the Past 12 Months, Age 65+",Data Table 2002-2010,Education,Education,<HS,Less Than High School,"The sample size includes all survey respondents ages 65 years and older except those with missing, ""don't know"", or ""refused"" answers.",Percentage of adults 65 years and older who did not have a flu vaccine within the past 12 months.,[federated.1vgb48v110x54q1gh5bp80qi14v1].[sum:Percent (copy)_529735946287837186:qk],Percentage,40.9%
Data Table Builder 2002-2010,"Flu Shot, 65+",0.58,feature_name_fuzzy,"No Flu Shot in the Past 12 Months, Age 65+",Data Table 2002-2010,Education,Education,COL,College Graduate,"The sample size includes all survey respondents ages 65 years and older except those with missing, ""don't know"", or ""refused"" answers.",Percentage of adults 65 years and older who did not have a flu vaccine within the past 12 months.,[federated.1vgb48v110x54q1gh5bp80qi14v1].[sum:Sample Size (copy)_529735946285486081:qk],Sample Size*,"1,373"
Data Table Builder 2002-2010,"Flu Shot, 65+",0.58,feature_name_fuzzy,"No Flu Shot in the Past 12 Months, Age 65+",Data Table 2002-2010,Education,Education,SCOL,Some College,"The sample size includes all survey respondents ages 65 years and older except those with missing, ""don't know"", or ""refused"" answers.",Percentage of adults 65 years and older who did not have a flu vaccine within the past 12 months.,[federated.1vgb48v110x54q1gh5bp80qi14v1].[sum:Sample Size (copy)_529735946285486081:qk],Sample Size*,"1,212"
Data Table Builder 2002-2010,"Flu Shot, 65+",0.58,feature_name_fuzzy,"No Flu Shot in the Past 12 Months, Age 65+",Data Table 2002-2010,Education,Education,HS,High School Graduate,"The sample size includes all survey respondents ages 65 years and older except those with missing, ""don't know"", or ""refused"" answers.",Percentage of adults 65 years and older who did not have a flu vaccine within the past 12 months.,[federated.1vgb48v110x54q1gh5bp80qi14v1].[sum:Sample Size (copy)_529735946285486081:qk],Sample Size*,"1,305"
Data Table Builder 2002-2010,"Flu Shot, 65+",0.58,feature_name_fuzzy,"No Flu Shot in the Past 12 Months, Age 65+",Data Table 2002-2010,Education,Education,<HS,Less Than High School,"The sample size includes all survey respondents ages 65 years and older except those with missing, ""don't know"", or ""refused"" answers.",Percentage of adults 65 years and older who did not have a flu vaccine within the past 12 months.,[federated.1vgb48v110x54q1gh5bp80qi14v1].[sum:Sample Size (copy)_529735946285486081:qk],Sample Size*,641
Data Table Builder 2002-2010,"Flu Shot, 65+",0.58,feature_name_fuzzy,"No Flu Shot in the Past 12 Months, Age 65+",Data Table 2002-2010,Income Level,Income Level,50K+,"$50,000 or More","The sample size includes all survey respondents ages 65 years and older except those with missing, ""don't know"", or ""refused"" answers.",Percentage of adults 65 years and older who did not have a flu vaccine within the past 12 months.,[federated.1vgb48v110x54q1gh5bp80qi14v1].[sum:UCI (copy)_529735946288271364:qk],95% CI (Upper),30.6%
Data Table Builder 2002-2010,"Flu Shot, 65+",0.58,feature_name_fuzzy,"No Flu Shot in the Past 12 Months, Age 65+",Data Table 2002-2010,Income Level,Income Level,25-50K,"$25,000-$49,999","The sample size includes all survey respondents ages 65 years and older except those with missing, ""don't know"", or ""refused"" answers.",Percentage of adults 65 years and older who did not have a flu vaccine within the past 12 months.,[federated.1vgb48v110x54q1gh5bp80qi14v1].[sum:UCI (copy)_529735946288271364:qk],95% CI (Upper),38.7%
Data Table Builder 2002-2010,"Flu Shot, 65+",0.58,feature_name_fuzzy,"No Flu Shot in the Past 12 Months, Age 65+",Data Table 2002-2010,Income Level,Income Level,<25K,"Less Than $25,000","The sample size includes all survey respondents ages 65 years and older except those with missing, ""don't know"", or ""refused"" answers.",Percentage of adults 65 years and older who did not have a flu vaccine within the past 12 months.,[federated.1vgb48v110x54q1gh5bp80qi14v1].[sum:UCI (copy)_529735946288271364:qk],95% CI (Upper),40.9%
Data Table Builder 2002-2010,"Flu Shot, 65+",0.58,feature_name_fuzzy,"No Flu Shot in the Past 12 Months, Age 65+",Data Table 2002-2010,Income Level,Income Level,50K+,"$50,000 or More","The sample size includes all survey respondents ages 65 years and older except those with missing, ""don't know"", or ""refused"" answers.",Percentage of adults 65 years and older who did not have a flu vaccine within the past 12 months.,[federated.1vgb48v110x54q1gh5bp80qi14v1].[sum:LCI (copy)_529735946288033795:qk],95% CI (Lower),22.1%
Data Table Builder 2002-2010,"Flu Shot, 65+",0.58,feature_name_fuzzy,"No Flu Shot in the Past 12 Months, Age 65+",Data Table 2002-2010,Income Level,Income Level,25-50K,"$25,000-$49,999","The sample size includes all survey respondents ages 65 years and older except those with missing, ""don't know"", or ""refused"" answers.",Percentage of adults 65 years and older who did not have a flu vaccine within the past 12 months.,[federated.1vgb48v110x54q1gh5bp80qi14v1].[sum:LCI (copy)_529735946288033795:qk],95% CI (Lower),29.8%
Data Table Builder 2002-2010,"Flu Shot, 65+",0.58,feature_name_fuzzy,"No Flu Shot in the Past 12 Months, Age 65+",Data Table 2002-2010,Income Level,Income Level,<25K,"Less Than $25,000","The sample size includes all survey respondents ages 65 years and older except those with missing, ""don't know"", or ""refused"" answers.",Percentage of adults 65 years and older who did not have a flu vaccine within the past 12 months.,[federated.1vgb48v110x54q1gh5bp80qi14v1].[sum:LCI (copy)_529735946288033795:qk],95% CI (Lower),32.6%
Data Table Builder 2002-2010,"Flu Shot, 65+",0.58,feature_name_fuzzy,"No Flu Shot in the Past 12 Months, Age 65+",Data Table 2002-2010,Income Level,Income Level,50K+,"$50,000 or More","The sample size includes all survey respondents ages 65 years and older except those with missing, ""don't know"", or ""refused"" answers.",Percentage of adults 65 years and older who did not have a flu vaccine within the past 12 months.,[federated.1vgb48v110x54q1gh5bp80qi14v1].[sum:Percent (copy)_529735946287837186:qk],Percentage,26.1%
Data Table Builder 2002-2010,"Flu Shot, 65+",0.58,feature_name_fuzzy,"No Flu Shot in the Past 12 Months, Age 65+",Data Table 2002-2010,Income Level,Income Level,25-50K,"$25,000-$49,999","The sample size includes all survey respondents ages 65 years and older except those with missing, ""don't know"", or ""refused"" answers.",Percentage of adults 65 years and older who did not have a flu vaccine within the past 12 months.,[federated.1vgb48v110x54q1gh5bp80qi14v1].[sum:Percent (copy)_529735946287837186:qk],Percentage,34.1%
Data Table Builder 2002-2010,"Flu Shot, 65+",0.58,feature_name_fuzzy,"No Flu Shot in the Past 12 Months, Age 65+",Data Table 2002-2010,Income Level,Income Level,<25K,"Less Than $25,000","The sample size includes all survey respondents ages 65 years and older except those with missing, ""don't know"", or ""refused"" answers.",Percentage of adults 65 years and older who did not have a flu vaccine within the past 12 months.,[federated.1vgb48v110x54q1gh5bp80qi14v1].[sum:Percent (copy)_529735946287837186:qk],Percentage,36.7%
Data Table Builder 2002-2010,"Flu Shot, 65+",0.58,feature_name_fuzzy,"No Flu Shot in the Past 12 Months, Age 65+",Data Table 2002-2010,Income Level,Income Level,50K+,"$50,000 or More","The sample size includes all survey respondents ages 65 years and older except those with missing, ""don't know"", or ""refused"" answers.",Percentage of adults 65 years and older who did not have a flu vaccine within the past 12 months.,[federated.1vgb48v110x54q1gh5bp80qi14v1].[sum:Sample Size (copy)_529735946285486081:qk],Sample Size*,"1,057"
Data Table Builder 2002-2010,"Flu Shot, 65+",0.58,feature_name_fuzzy,"No Flu Shot in the Past 12 Months, Age 65+",Data Table 2002-2010,Income Level,Income Level,25-50K,"$25,000-$49,999","The sample size includes all survey respondents ages 65 years and older except those with missing, ""don't know"", or ""refused"" answers.",Percentage of adults 65 years and older who did not have a flu vaccine within the past 12 months.,[federated.1vgb48v110x54q1gh5bp80qi14v1].[sum:Sample Size (copy)_529735946285486081:qk],Sample Size*,"1,136"
Data Table Builder 2002-2010,"Flu Shot, 65+",0.58,feature_name_fuzzy,"No Flu Shot in the Past 12 Months, Age 65+",Data Table 2002-2010,Income Level,Income Level,<25K,"Less Than $25,000","The sample size includes all survey respondents ages 65 years and older except those with missing, ""don't know"", or ""refused"" answers.",Percentage of adults 65 years and older who did not have a flu vaccine within the past 12 months.,[federated.1vgb48v110x54q1gh5bp80qi14v1].[sum:Sample Size (copy)_529735946285486081:qk],Sample Size*,"1,437"
