cve,outbreak,population,phr,pct_hispanic,pct_black,pct_white,pct_poverty,pct_uninsured,pct_college,pct_foreign_born,advised_to_change_eating_hab_no,advised_to_change_eating_hab_yes,advised_to_cut_down_salt_no,advised_to_cut_down_salt_yes,advised_to_exercise_no,advised_to_exercise_yes,advised_to_take_med_yes,all_teeth_removed_65_no,any_cancer_no,any_cancer_yes,any_drinking_past_month_no,any_drinking_past_month_yes,arthritis_no,arthritis_yes,asthma_status_never,bmi_3_categories_obese,bmi_3_categories_overweight,bmi_3_categories_recommended_range,bmi_4_categories_obese,bmi_4_categories_overweight,bmi_4_categories_recommended_range,bmi_5_categories_obese,bmi_5_categories_overweight,bmi_5_categories_recommended_range,bp_location_at_home,bp_sharing_in_person,binge_drinking_no,binge_drinking_yes,blind_no,copd_no,cvd_no,cervical_cancer_screening_no,cervical_cancer_screening_yes,cervical_cancer_screening_hp_no,cervical_cancer_screening_hp_yes,cervical_cancer_screening_pa_yes,chest_ct_or_cat_scan_no,chest_ct_or_cat_scan_yes,clnscpy_sgmscpy_colonoscopy,col_past_10_yrs_50_75_no,col_past_10_yrs_50_75_yes,col_past_10_yrs_50_75_ia_no,col_past_10_yrs_50_75_ia_yes,coronary_heart_disease_no,current_asthma_2_no,current_e_cig_user_no,current_e_cig_user_yes,current_smoker_no,current_smoker_yes,deaf_no,dentist_visit_past_year_no,dentist_visit_past_year_yes,depressive_disorder_no,depressive_disorder_yes,diabetes_no,diabetes_yes,diabetes_status_no,diabetes_status_yes,difficulty_concentrating_no,difficulty_concentrating_yes,difficulty_doing_errands_alo_no,difficulty_dressing_no,difficulty_walking_no,difficulty_walking_yes,disability_status_no,disability_status_yes,dr_rx_pain_talk_yes,e_cig_ever_never_used_e_cigarettes,e_cig_ever_not_at_all_right_now,e_cig_status_former_e_cig_user,e_cig_status_never_used_e_cigs,ever_had_blood_stool_test_yes,ever_had_hiv_test_no,ever_had_hiv_test_yes,ever_had_sgmscpy_clnscpy_no,ever_had_sgmscpy_clnscpy_yes,ever_smoked_no,ever_smoked_yes,ever_told_high_bp_no,ever_told_high_bp_yes,fobt_past_yr_no,fobt_past_yr_ia_no,fair_or_poor_health_fair_or_poor_health,fair_or_poor_health_good_or_better_health,flu_shot_in_past_year_no,flu_shot_in_past_year_yes,flu_shot_18_64_no,flu_shot_18_64_yes,flu_shot_65_no,flu_shot_65_yes,flu_vaccine_location_doctors_office_hmo,flu_vaccine_location_store,frequency_of_smoking_every_day,frequency_of_smoking_not_at_all,general_health_excellent,general_health_fair,general_health_good,general_health_very_good,hiv_risk_behavior_no,hiv_aids_test_no,hiv_aids_test_yes,have_at_least_one_personal_d_no,have_at_least_one_personal_d_yes,health_care_coverage_no,health_care_coverage_yes,health_care_coverage_age_18_no,health_care_coverage_age_18_yes,health_care_provider_more_than_one,health_care_provider_no,health_care_provider_yes_only_one,heart_attack_no,heart_disease_no,heated_tbco_products_no,heated_tbco_products_yes,heavy_drinking_females_no,heavy_drinking_males_no,heavy_drinking_no,hlth_affected_activ_14_days_14_or_more_days,hlth_affected_activ_14_days_none_to_less_than_14_days,hlth_affected_activ_5_days_5_or_more_days,hlth_affected_activ_5_days_none_to_less_than_5_days,home_bp_check_yes,hysterectomy_no,hysterectomy_yes,kidney_disease_no,last_dentist_visit_5_or_more_years,last_dentist_visit_within_the_past_2_years,last_dentist_visit_within_the_past_5_years,last_dentist_visit_within_the_past_year,last_smoked_10_years,leisure_time_pa_no,leisure_time_pa_yes,lifetime_asthma_no,lifetime_asthma_yes,mammogram_no,mammogram_yes,mammogram_past_2_yrs_40_no,mammogram_past_2_yrs_40_yes,mammogram_past_2_yrs_40_ia_no,mammogram_past_2_yrs_40_ia_yes,mammogram_past_2_yrs_50_no,mammogram_past_2_yrs_50_yes,mammogram_past_2_yrs_50_ia_no,mammogram_past_2_yrs_50_ia_yes,mammogram_past_2_yrs_50_74_yes,mammogram_past_2_yrs_50_74_i_yes,medical_cost_no,medical_cost_yes,memory_loss_no,obese_no,obese_yes,other_cancer_no,overweight_or_obese_no,overweight_or_obese_yes,pain_med_not_rx_no,pneumonia_shot_18_no,pneumonia_shot_18_yes,pneumonia_shot_65_no,pneumonia_shot_65_yes,poor_mental_health_14_days_14_or_more_days,poor_mental_health_14_days_none_to_less_than_14_days,poor_mental_health_5_days_5_or_more_days,poor_mental_health_5_days_none_to_less_than_5_days,poor_physical_health_14_day_14_or_more_days,poor_physical_health_14_day_none_to_less_than_14_days,poor_physical_health_5_days_5_or_more_days,poor_physical_health_5_days_none_to_less_than_5_days,pre_diabetes_no,pre_diabetes_yes,pre_diabetes_2_no,pre_diabetes_2_yes,provided_care_past_30_days_no,provided_care_past_30_days_yes,reg_bp_check_no,reg_bp_check_yes,remove_teeth_1_to_5,remove_teeth_6_or_more_but_not_all,routine_checkup_within_the_past_2_years,routine_checkup_within_the_past_year,routine_checkup_in_the_past_no,routine_checkup_in_the_past_yes,rx_opioid_no,rx_pain_med_no,rx_pain_risk_ed_source_no,served_on_active_duty_no,served_on_active_duty_yes,sexual_orientation_straight,sigm_past_10_yrs_50_75_ia_no,sigm_past_10_yrs_age_50_75_no,sigm_past_5_yrs_50_75_ia_no,sigm_past_5_yrs_age_50_75_no,skin_cancer_no,smokeless_tobacco_use_not_at_all,smoker_status_former_smoker,smoker_status_never_smoked,stool_dna_past_3_yrs_50_75_i_no,stool_dna_past_3_yrs_age_50_no,stroke_no,suicidal_ideation_no,suicide_attempt_no,teeth_removed_no,teeth_removed_yes,up_to_date_crc_scrn_50_75_ia_no,up_to_date_crc_scrn_50_75_ia_yes,up_to_date_crc_scrn_age_50_7_no,up_to_date_crc_scrn_age_50_7_yes,v_col_5_yrs_50_75_ia_no,v_col_5_yrs_age_50_75_no,virtual_colonoscopy_no
5.357346810840304,0.0,138231.0,2.0,20.271896623397026,9.307512153311784,67.4808902445527,3.199231590331235,8.650068731793764,44.20842599372487,1.3260979007803244,26.149393004566722,73.76051800070375,29.093059535537403,69.81003359383558,14.200351193449674,85.83150457090082,86.93597783748497,88.45986066211566,88.92623879764753,11.048982824687403,47.79797630999117,52.29333060529133,79.14744493030655,20.80646323200452,84.93679861885315,34.13404228952341,36.26478345880547,29.710540989719462,33.983737721570904,36.09743874730097,28.10714363275995,28.23839761657154,36.229230954694195,28.006301817602317,85.1686161435876,76.05839948093129,84.27453041598434,15.820615375651336,93.4887628653463,94.38060821120712,91.14346234150824,23.823998077525907,76.15665319221499,51.15530866389148,48.98883760864205,95.62616505200373,60.92157568701964,39.074441108376924,85.95754250374847,37.484612148306674,62.5641336771014,37.45326390102844,62.588822199762014,96.09975067938397,90.77358863730112,93.01666974212999,6.964373551332583,92.82336920231027,7.208108626441188,93.70236100874091,37.88984474842653,62.00928840648333,78.09385357577727,21.923263314840735,84.93012534711649,12.309457307616265,87.67087327682538,12.29463321609876,85.8647940927758,14.217026386432762,92.29962351224957,97.48378166703331,87.72989176311802,12.173451825750721,70.3851263439763,29.62907680561171,61.08031689651866,75.88865797430577,17.18619886827209,17.157783694371325,75.75761194433474,85.6163501462545,58.72314973188622,41.39432636909264,30.028053521769632,70.06400125508574,70.91973665010238,29.251782169034303,62.055851358730955,35.183310929592686,90.72279819228325,90.88717962813237,20.167754126634183,79.92598214284212,61.41742202413584,38.553899055981006,66.86210418037702,33.1088245031998,36.66198015134653,63.67179233124078,25.849767828645184,49.95895332895485,15.7729961463245,75.2454579200984,16.178443568433718,15.920193837191016,36.0550438335061,27.610245072601202,94.172597938341,58.722490614936646,41.29152773187314,20.380577103219686,79.80800489218466,13.673725736605517,86.43754510245884,16.920563438267806,83.11719117451128,33.877542893650336,20.207504409574675,45.77142283985627,96.5965629604094,94.23653010435993,87.13538593614116,12.728079647316093,93.18924904223094,95.18394497646567,94.17144119340605,8.90156591331229,91.08930216907153,17.434393585873607,82.62832795768276,81.93350017654276,76.36914499643572,23.58546401150553,96.02655460113498,10.254715853659192,13.082046330010797,12.98535385247627,62.30977608677347,53.664659126206544,22.944760415923852,77.06549679324998,84.68848422004945,15.275930481994724,37.35874073451386,62.88571233240107,26.326701844812103,73.6958354413751,26.49101983115217,73.85168960615606,22.217530910283248,77.70981468953202,23.007330533377786,77.23295157092197,79.21173151562002,78.97024341562634,83.3838944122465,16.554084924777868,84.64981595522295,65.96913973985797,33.95840051027557,91.77928866454359,29.8604934437742,70.20185141514602,97.16786835633359,66.52278612045754,33.47036955642982,26.99095030691227,73.40130875509604,15.884169844674425,84.04122946594752,30.583876944608566,69.42716065699385,12.114131215426161,87.98179793550119,21.3003702749764,78.83715398069724,83.67418155907093,15.356221634420574,86.59402919935917,13.417114376565936,81.9862782467057,17.855273110427376,27.691060053306124,72.33618972728922,27.72559279952517,6.224706243973774,10.30860626859485,76.76717522860353,23.20440828449549,76.76408524733768,87.56852429498632,80.9123690879721,43.03819616739751,89.89628738574459,10.32383550229489,90.3262665494547,87.29490680893525,87.26095794355028,88.52758044394871,88.47621631420986,95.71385754329206,97.93456907408083,22.02797471609691,70.70912713704912,94.61807201916601,94.56378633521845,95.9414355063388,95.69340864964369,99.20175980086765,62.80987936785982,37.29234052359437,29.365522736967918,70.7579657426813,29.20587870811813,70.71216213873345,97.00722420588056,96.93641871764147,81.70160488629745
5.333805735496001,0.0,120442.0,3.0,21.372460700416244,9.295214820081533,67.15645921310798,3.4891315104434293,8.860765315811612,44.15429839353858,1.2931540372357984,26.076767247901834,73.73598890436455,29.048833076241706,69.8667689757205,14.0736441360455,85.84966627413192,87.00378936831864,88.34703990016727,88.95794228545105,11.093497973542824,47.721967942231096,52.23330618572351,79.00883085792424,20.941585614156857,85.02100715421996,34.00317370228312,36.05575323030827,29.677501408918722,33.98288535317556,36.32947351497443,28.13099318353678,28.24914483374947,36.18482067238016,28.062698743072797,85.27764516694428,75.92640280185535,84.4481157784386,15.74804377397025,93.49512049342894,94.3717068695926,91.04707916810852,23.707567661991806,76.37671265936206,50.89731351988073,48.96969675117287,95.54783761012722,60.834036016355654,39.02711143875833,85.99176410339157,37.39332219297077,62.55427634236835,37.4202154225742,62.605909102913756,96.08945575502095,90.85051925846804,93.00742191552314,6.978815758637651,92.80609047310308,7.246225546606445,93.71415453593696,37.85709107011333,62.28785608693326,78.09245893511167,21.770867869219014,84.97577466851317,12.266454083216775,87.71728656801633,12.322884490977051,85.82159039036762,14.20648931935565,92.31145362179566,97.51846200767478,87.8676574726714,12.207125002700748,70.54098917772895,29.663143173808823,61.21279598928325,75.75094627046383,17.215366910142933,17.116725696966558,75.94868679203158,85.57740986422276,58.729806302586944,41.24978771985076,30.0601004354035,69.98506743965021,70.68476318569243,29.46714187858401,61.815162254888634,35.250566676353635,90.6890251518763,90.92471871064728,20.171413817379015,79.95218981450303,61.46213012541035,38.50466689481972,66.90565693500275,33.26352504979569,36.5057323778679,63.477336862768276,25.892692767665864,49.768759766240095,15.837614665222842,75.18419780141765,16.153151649920904,15.895656874512081,36.0580756933709,27.602022199733522,94.19384606534678,58.68202472951072,41.22942170075611,20.35740987659322,79.66596083195255,13.715955832347817,86.28892070117895,16.952778351301166,83.0896321717809,33.966607742778734,20.284431890587566,45.78962779247593,96.64773597830737,94.20891101636381,87.19864820361782,12.852139790670646,93.2220984058684,95.18728668367649,94.15107893216839,8.91641600621631,91.0844465036985,17.37243845722292,82.59431993400106,82.0370850859477,76.41289936869511,23.64998516667307,96.00645693548313,10.28557498842031,12.94230969825746,12.826566883786487,62.18574605255591,53.67562407568882,23.009698219331074,77.03246038774218,84.61077925185049,15.284365802390019,37.172134455613104,62.73804658420192,26.34020680306863,73.95624270768035,26.288513423621154,73.60636359219122,22.337331805180597,77.67281320705246,22.789731640246618,77.06874921760453,79.50270354420753,78.78691894482586,83.3630967693808,16.583001020296912,84.65886133198217,66.05671142611524,33.8264029671976,91.81540604051624,29.80655972752272,70.2091376706185,97.13951137608484,66.43356821001063,33.49267103113291,26.758623377589128,73.23184012558481,16.001462260047123,83.910459902095,30.58987677506001,69.45365034097811,12.105935860152616,87.8756385857507,21.20278040499796,78.69791840623577,83.7535512579176,15.343762818831816,86.57250477157903,13.375027796322351,81.98058994225286,17.87966084374553,27.613062001967656,72.42726939377047,27.703368311369683,6.28242496309991,10.34627339380572,76.78415835314905,23.190701358602915,76.76280505561235,87.796451918477,80.84721336251128,43.08215718812301,89.99394015415686,10.103542173477505,90.20578751842656,87.20808322200074,87.20590115665807,88.42960075723016,88.49645830958558,95.72281958626306,98.07242563519279,22.04078216958397,70.83969352544177,94.5663808712807,94.3715070268273,95.89274221424995,95.68650774455689,99.19958082422568,62.70675181513038,37.24882878015526,29.306545075263834,70.78945796705133,29.282185237619906,70.8040510385067,96.99563597734779,96.86913464671107,81.75353784692327
4.583228507337662,1.0,5315.0,1.0,13.041338050030717,1.0933069887811517,87.86732343976102,3.8185038826561954,12.268110094906108,25.00157515100035,0.3582677020416521,29.463779810187784,70.53622018981223,29.79330698878115,67.21456692551041,20.748425309177197,79.2515746908228,92.12834627552066,86.94212654588598,93.00944906529192,6.990550934708086,58.911810871437346,41.088189128562654,75.7763782571253,24.223621742874695,81.30118090307272,46.464960713260496,30.64055139488563,22.909054817364282,46.464960713260496,30.64055139488563,22.036220189812216,33.941732297958346,30.64055139488563,22.036220189812216,84.00393695714578,75.8732279551246,83.76141708368726,16.23858291631274,92.15708679896893,93.27283462755207,87.6649607132605,14.301180903072717,85.69881909692728,51.1165354040833,48.8834645959167,90.90905481736428,60.03858291631274,39.96141708368726,87.74566925510412,39.90472453264596,60.09527546735404,40.20472453264596,59.79527546735404,94.53582686223967,86.94094472245817,89.90196847857288,10.098031521427108,86.73503928673951,13.2649607132605,91.5814961173438,46.71456692551042,53.28543307448958,81.96377981018777,18.036220189812216,80.60393695714579,15.927165372447934,84.07283462755207,15.927165372447934,83.17086614897917,16.829133851020828,91.07755916019802,92.83110232959372,83.47559068162514,16.524409318374868,63.81338602243769,36.1866139775623,65.03464595916697,71.22913385102083,18.587401553062477,18.587401553062477,71.22913385102083,85.96614161633322,63.281496117343806,36.718503882656194,33.659055277541825,66.34094472245818,59.82440931837487,40.17559068162513,60.95787437446911,35.644094104103786,89.77283462755207,89.95826770204165,25.178740063270737,74.82125993672926,65.84645683060431,34.1535431693957,70.9318899050939,29.068110094906107,47.48267702041652,52.51732297958348,31.712205119364977,29.08779488063502,23.569685245906456,66.93700776531239,10.561023756114718,19.879527638770913,34.868897670406284,29.476771584697847,95.82322841530215,63.281496117343806,36.718503882656194,22.25787437446911,77.74212562553089,13.725984469375218,86.2740155306248,17.525984469375217,82.47401553062478,26.744881679603953,22.25787437446911,50.92637779694776,94.79409456428132,91.53976381938546,92.93385838366679,7.0661416163332165,97.8145669255104,93.94763773367703,96.01653540408331,11.114566925510413,88.8854330744896,19.23307080816661,80.7669291918334,80.16259798675998,79.20629968364631,20.793700316353693,95.9464568306043,17.537007765312392,15.372441299979524,11.269290997978825,53.28543307448958,50.82204751222943,25.697243945926935,74.30275605407307,79.84685015817685,20.153149841823154,44.316929652010934,55.683070347989066,41.927952947948114,58.072047052051886,42.02598446937522,57.97401553062478,35.67755916019802,64.32244083980197,35.775590681625125,64.22440931837487,62.475984009197674,62.30708633879139,79.86889767040628,20.131102329593716,89.39291366120861,53.535039286739504,46.464960713260496,94.94055139488563,22.909054817364282,77.09094518263572,93.8866139775623,66.62598446937521,33.37401553062478,27.15433074489587,72.84566925510413,12.088582456135194,87.9114175438648,31.16692919183339,68.83307080816661,13.770078573479,86.229921426521,27.235826862239676,72.76417313776034,84.9350392867395,11.760236180614543,88.80196847857289,11.19803152142711,77.12007903365654,22.86535404083304,30.967716767333563,69.03228323266643,27.94173229795835,12.15629922346876,13.644488352031415,74.51574782858313,25.48425217141687,74.51574782858313,81.06220465918743,75.37677158469785,42.2917318377808,91.83858291631273,8.16141708368726,93.4330708081666,84.26220465918743,84.16220465918744,89.72125993672925,89.62125993672926,97.10866148979174,92.49724394592694,26.81062996836463,59.92440931837487,92.87677158469785,92.8350392867395,94.72519689387505,97.2669291918334,99.74370077653124,54.75511832039604,45.24488167960396,32.36299223468761,67.63700776531239,32.02125993672926,67.97874006327073,97.07480310612496,97.07480310612496,77.47125947655172
3.787881395690553,4.0,6641.0,1.0,30.643831995908528,0.47253649774298934,72.37587602214757,6.829981732049552,17.47757295732807,19.80355843454669,0.3,30.6,69.4,29.4,67.2,21.2,78.8,91.4,89.2,94.0,6.0,58.3,41.7,77.0,23.0,80.5,46.8,31.5,21.7,46.8,31.5,20.9,34.0,31.5,20.9,83.8,74.3,82.8,17.2,92.9,93.2,88.0,13.5,86.5,51.0,49.0,89.7,61.0,39.0,87.6,40.4,59.6,40.7,59.3,94.9,86.3,89.8,10.2,86.4,13.6,91.8,46.7,53.3,83.1,16.9,80.4,16.0,84.0,16.0,83.2,16.8,91.5,92.7,84.0,16.0,64.6,35.4,66.2,71.2,18.5,18.5,71.2,85.5,63.5,36.5,34.3,65.7,59.3,40.7,62.4,34.1,89.7,89.9,24.8,75.2,66.4,33.6,71.5,28.5,46.9,53.1,33.3,27.5,24.4,66.5,11.1,20.2,35.0,29.2,96.1,63.5,36.5,23.7,76.3,14.6,85.4,18.4,81.6,25.9,23.7,50.3,95.1,91.7,93.4,6.6,97.8,93.7,95.9,11.1,88.9,19.0,81.0,78.4,81.1,18.9,96.5,17.1,16.8,9.9,53.3,51.9,25.1,74.9,78.9,21.1,46.4,53.6,42.7,57.3,42.9,57.1,36.1,63.9,36.3,63.7,61.5,61.2,80.0,20.0,90.5,53.2,46.8,95.8,21.7,78.3,93.1,67.5,32.5,27.3,72.7,11.2,88.8,31.4,68.6,13.1,86.9,27.6,72.4,84.6,11.6,88.7,11.3,78.3,21.7,31.9,68.1,28.0,12.2,14.3,73.7,26.3,73.7,80.8,75.1,40.5,92.8,7.2,93.2,84.0,83.9,90.1,90.0,97.4,91.9,27.0,59.4,92.6,92.5,94.9,97.5,99.7,55.6,44.4,32.8,67.2,32.4,67.6,96.9,96.9,76.0
4.666793457512903,17.0,11106.0,3.0,52.6597381375286,5.301781214520036,53.94679417021497,13.943111093001384,20.872565020179056,20.218291174384074,0.5375297166045867,29.06425149791545,70.93574850208455,28.689429797542967,68.59821878547997,20.283135222636087,79.71686477736391,90.46021360320199,89.54382429151147,94.0458432388682,5.954156761131804,56.46627044527217,43.53372955472783,76.67909732792263,23.32090267207737,82.21912145755734,44.39322995941973,33.219121457557335,22.41057020245703,44.39322995941973,33.219121457557335,21.42719724698425,33.289429797542965,33.219121457557335,21.42719724698425,84.73978639679801,76.13372955472782,83.8314728745344,16.168527125465598,92.46448923075215,93.38337295547278,89.16900259113899,18.130167125687755,81.86983287431225,50.954156761131806,49.045843238868194,90.29596210528655,60.9770783805659,39.0229216194341,87.30201894735673,39.3226838865974,60.6773161134026,40.14988113358166,59.85011886641834,95.35843238868196,87.62945392717766,89.6395486639613,10.360451336038684,86.65213781377508,13.347862186224924,91.96045133603869,47.38764858302294,52.61235141697706,81.67885959508594,18.32114040491406,79.87280275301575,16.458432388681956,83.54156761131804,16.458432388681956,82.69572437244985,17.30427562755015,91.01864599188394,92.49370542509313,82.48717311734954,17.512826882650455,63.43099740886101,36.56900259113898,61.86781392695552,72.2085512551003,17.35391902829511,17.35391902829511,72.2085512551003,84.81235141697707,62.85819465584526,37.14180534415474,33.65819465584526,66.34180534415474,61.06496469642553,38.93503530357447,62.3770783805659,34.60427562755015,89.19572437244985,89.48741085018624,24.91460809717049,75.08539190282951,64.68087854244267,35.31912145755734,70.72066493924068,29.279335060759323,43.92018947356729,56.07981052643271,32.1997622671633,30.731948340207786,22.91009473678364,65.4914487448997,11.489667530379663,20.360451336038683,35.0229216194341,28.64988113358165,95.0226838865974,62.85819465584526,37.14180534415474,23.860451336038683,76.1395486639613,14.783372955472782,85.21662704452721,18.78966753037966,81.21033246962034,25.624940566790826,23.860451336038683,50.43752971660459,95.28337295547279,92.36472696358884,91.88717311734955,8.112826882650452,97.98337295547277,93.7458432388682,95.94584323886819,11.466745910945564,88.53325408905444,19.779335060759323,80.22066493924068,78.01033246962034,81.0312351416977,18.968764858302293,96.06448923075214,16.091448744899697,17.762708016232107,10.862708016232107,52.61235141697706,53.000237732836695,26.131472874534403,73.8685271254656,80.98586736850291,19.0141326314971,44.91009473678364,55.08990526321636,40.52244615376071,59.47755384623929,41.68515416999281,58.31484583000719,33.968289392628904,66.0317106073711,35.520664939240675,64.47933506075933,66.35938332002873,64.11104566813043,80.0229216194341,19.977078380565903,88.87256502017905,55.60677004058027,44.39322995941973,95.59370542509312,22.41057020245703,77.58942979754296,92.87078380565902,67.4770783805659,32.5229216194341,30.096437570959928,69.90356242904008,12.391924210573084,87.6080757894269,30.437291983767892,69.56270801623211,13.30629457490688,86.69370542509313,27.049881133581653,72.95011886641835,83.33931093112461,13.319121457557333,87.76021360320199,12.23978639679801,77.95617570848853,22.043824291511466,30.799762267163306,69.20023773283668,28.61888372472064,11.099762267163307,13.428978461504284,73.56247028339541,26.437529716604587,73.56247028339541,82.8400241296347,76.26900259113899,43.43396728756451,91.33301635621774,8.666983643782258,92.76448923075215,83.83954866396131,83.53325408905444,89.29774331980657,88.83099740886101,97.69798105264327,93.20653230774357,25.510094736783643,61.14204307699143,92.4853919028295,92.31662704452722,95.54180534415474,97.01864599188394,99.56247028339541,56.287648583022936,43.712351416977064,32.04358655867477,67.95641344132522,31.04762445338823,68.95237554661176,96.62494056679083,96.57909732792264,76.9856296356662
4.8338861390488885,18.0,10950.0,3.0,51.76553120899618,4.90363068429757,55.21304339747986,13.10112062744896,20.4091439112316,22.359166156563884,0.5766920638395832,28.626938620457988,71.37306137954201,28.487091003495486,68.99636931570242,20.02205290773611,79.97794709226389,90.19260423042952,89.64173015959896,94.0588973546132,5.941102645386805,55.94410581547222,44.05589418452778,76.58771851770764,23.41228148229236,82.70865079799479,43.70788888280729,33.70865079799479,22.612908996504512,43.70788888280729,33.70865079799479,21.577319578051736,33.08709100349549,33.70865079799479,21.577319578051736,85.00739576957048,76.65589418452777,84.12519047879687,15.874809521203126,92.34047513117466,93.43558941845278,89.50188254263645,19.448632815932637,80.55136718406736,50.941102645386806,49.058897354613194,90.46566560997152,60.9705513226934,39.0294486773066,87.21716719501423,39.01591216658993,60.98408783341007,39.99323174464167,60.00676825535833,95.48897354613194,88.00802328378263,89.59385925885381,10.40614074114618,86.72393545037258,13.276064549627431,92.00614074114618,47.58346031919792,52.41653968080208,81.27418200699097,18.725817993009027,79.72268042194827,16.588973546131943,83.41102645386806,16.588973546131943,82.55212909925487,17.447870900745137,90.88157777656146,92.43496190424062,82.05638729776459,17.943612702235416,63.098117457363536,36.90188254263646,60.63419998905313,72.49574180149028,17.02756613467014,17.02756613467014,72.49574180149028,84.61653968080208,62.67543703541528,37.32456296458472,33.475437035415275,66.52456296458472,61.56754815260798,38.43245184739202,62.3705513226934,34.74787090074514,89.05212909925487,89.36992380848125,24.947243386532985,75.05275661346701,64.19134920200521,35.808650797994794,70.49874497157569,29.501255028424303,43.07167195014236,56.92832804985764,31.886463489283333,31.652263500230205,22.48583597507118,65.20425819850972,11.600627514212153,20.406140741146178,35.0294486773066,28.493231744641665,94.71591216658993,62.67543703541528,37.32456296458472,23.906140741146178,76.09385925885381,14.835589418452777,85.16441058154723,18.90062751421215,81.09937248578784,25.54661587232083,23.906140741146178,50.47669206383958,95.33558941845277,92.55401164189132,91.45638729776459,8.543612702235414,98.03558941845277,93.7588973546132,95.9588973546132,11.571178836905554,88.42882116309445,20.001255028424303,79.99874497157569,77.89937248578785,81.01165396808021,18.98834603191979,95.94047513117465,15.804258198509723,18.036844446877083,11.136844446877083,52.41653968080208,53.313536510716666,26.425190478796875,73.57480952120314,81.57982963490035,18.420170365099654,44.48583597507118,55.51416402492882,39.90237565587327,60.09762434412673,41.339220102750346,58.660779897249654,33.361273010486464,66.63872698951354,35.298744971575694,64.7012550284243,67.74311958899861,64.93998201793785,80.02944867730659,19.970551322693403,88.4091439112316,56.29211111719271,43.70788888280729,95.53496190424063,22.612908996504512,77.38709100349548,92.80551322693402,67.47055132269341,32.5294486773066,30.89273863140486,69.10726136859515,12.731331219943053,87.26866878005694,30.163155553122916,69.83684444687708,13.365038095759374,86.63496190424063,26.893231744641668,73.10676825535833,82.98032274813716,13.80865079799479,87.49260423042952,12.507395769570486,77.85826984040104,22.141730159598957,30.486463489283334,69.51353651071666,28.795114287278125,10.786463489283333,13.180950262349306,73.52330793616042,26.476692063839582,73.52330793616042,83.42093228028715,76.60188254263646,44.26943069524444,90.91528465237778,9.084715347622222,92.64047513117465,83.79385925885381,83.42882116309445,89.0692962942691,88.49811745736355,97.78283280498577,93.57857460647604,25.08583597507118,61.63809947530139,92.452756613467,92.26441058154722,95.72456296458472,96.88157777656146,99.52330793616042,56.48346031919792,43.51653968080208,31.82819364888229,68.17180635111771,30.662528038910764,69.33747196108924,96.54661587232084,96.48771851770765,77.26629312418368
5.932164311709235,1.0,4802.0,1.0,32.408254315490794,1.478350767639907,69.56597337124889,12.4402071732563,10.165981524939209,29.507214372364118,0.41443282157339534,30.6,69.4,29.4,67.2,21.2,78.8,91.4,89.2,94.0,6.0,58.3,41.7,77.0,23.0,80.5,46.8,31.5,21.7,46.8,31.5,20.9,34.0,31.5,20.9,83.8,74.3,82.8,17.2,92.9,93.2,88.0,13.5,86.5,51.0,49.0,89.7,61.0,39.0,87.6,40.4,59.6,40.7,59.3,94.9,86.3,89.8,10.2,86.4,13.6,91.8,46.7,53.3,83.1,16.9,80.4,16.0,84.0,16.0,83.2,16.8,91.5,92.7,84.0,16.0,64.6,35.4,66.2,71.2,18.5,18.5,71.2,85.5,63.5,36.5,34.3,65.7,59.3,40.7,62.4,34.1,89.7,89.9,24.8,75.2,66.4,33.6,71.5,28.5,46.9,53.1,33.3,27.5,24.4,66.5,11.1,20.2,35.0,29.2,96.1,63.5,36.5,23.7,76.3,14.6,85.4,18.4,81.6,25.9,23.7,50.3,95.1,91.7,93.4,6.6,97.8,93.7,95.9,11.1,88.9,19.0,81.0,78.4,81.1,18.9,96.5,17.1,16.8,9.9,53.3,51.9,25.1,74.9,78.9,21.1,46.4,53.6,42.7,57.3,42.9,57.1,36.1,63.9,36.3,63.7,61.5,61.2,80.0,20.0,90.5,53.2,46.8,95.8,21.7,78.3,93.1,67.5,32.5,27.3,72.7,11.2,88.8,31.4,68.6,13.1,86.9,27.6,72.4,84.6,11.6,88.7,11.3,78.3,21.7,31.9,68.1,28.0,12.2,14.3,73.7,26.3,73.7,80.8,75.1,40.5,92.8,7.2,93.2,84.0,83.9,90.1,90.0,97.4,91.9,27.0,59.4,92.6,92.5,94.9,97.5,99.7,55.6,44.4,32.8,67.2,32.4,67.6,96.9,96.9,76.0
5.9650872481271655,2.0,607.0,4.0,25.43711729138937,1.553731756769888,80.3991136669371,6.615670608075279,8.942607862493816,29.963769041673537,0.5664855651045962,26.308207094535504,73.6917929054645,25.715127303389067,71.62184723593312,18.642264834117118,81.35773516588289,89.70929370390793,77.97197613620904,94.30346010442679,5.696539895573217,54.48507297292045,45.51492702707955,77.34681154791632,22.653188452083675,82.84097794843518,43.765398955732174,34.53460104426782,21.7,43.765398955732174,34.53460104426782,20.379782678125515,33.95664855651046,34.53460104426782,20.379782678125515,85.14389474817575,73.9965398955732,81.15264514739746,18.847354852602535,91.3826994778661,94.5872461916653,90.16757217447702,18.398713114318063,81.60128688568194,47.74864173828447,52.25135826171553,90.26356876536403,60.73989133906276,39.26010866093724,85.17231916458573,41.18032598281173,58.81967401718827,41.35027165234311,58.64972834765689,96.28724619166529,89.29124960077829,88.97632257369874,11.023677426301267,83.62550761666942,16.374492383330583,91.3664855651046,49.12768083541426,50.87231916458574,83.01329711302091,16.98670288697908,82.61092361796656,13.962482155991603,86.0375178440084,13.962482155991603,84.41384041770714,15.58615958229287,91.28324278255229,94.9542750614561,84.21675721744771,15.783242782552298,65.6837860872385,34.31621391276149,68.0207606265607,66.17123255521332,22.705090018485414,22.705090018485414,66.17123255521332,72.40786406615881,59.468315755472744,40.531684244527256,34.64681154791632,65.35318845208369,55.138261425004124,44.861738574995876,65.04443805286196,31.932427825522982,90.61038031328034,90.72367742630126,25.450271652343105,74.5497283476569,70.34498135754818,29.655018642451825,74.79470970520507,25.20529029479493,50.15135826171553,49.84864173828447,33.69016299140586,25.765942260418385,27.044438052861963,63.72550761666942,13.137517844008398,19.636431234635975,33.00583359948114,28.463025460677812,94.53934803437654,59.468315755472744,40.531684244527256,24.87048897421759,75.1295110257824,14.64335144348954,85.35664855651046,17.879782678125515,82.12021732187448,25.596539895573216,24.87048897421759,49.47632257369873,95.23005433046862,92.74043464374897,93.13989133906276,6.860108660937242,95.76248215599159,94.22021732187449,95.11967401718827,10.536431234635975,89.46356876536403,17.82951102578241,82.17048897421759,80.6542750614561,77.11166719896228,22.888332801037713,95.89307979114643,16.92659422604184,15.022590816928844,15.145524662234386,50.87231916458574,45.7874464679748,24.666485565104598,75.3335144348954,81.50108660937242,18.49891339062758,47.18032598281173,52.81967401718827,40.489076382033446,59.510923617966554,40.60237349505436,59.39762650494564,35.75318845208368,64.24681154791632,35.8664855651046,64.1335144348954,59.549185042970684,59.379239373439304,81.3872461916653,18.61275380833471,86.59837008594137,56.234601044267826,43.765398955732174,96.0167572174477,21.7,78.3,93.5335144348954,70.66465537473644,29.335344625263552,42.12619367342281,57.873806326577196,11.546811547916322,88.45318845208368,27.238261425004122,72.76173857499587,14.010380313280347,85.98961968671965,24.99891339062758,75.00108660937242,85.42367742630127,12.120217321874485,88.56994566953138,11.430054330468622,79.29708320025942,20.399456695313788,29.125507616669417,70.87449238333058,28.303460104426783,8.77523596432631,11.135344625263553,74.95719186119668,25.04280813880333,74.95719186119668,84.31146692265277,80.17211888827622,47.56628528879508,89.59199318177401,10.408006818225989,93.89362309583265,85.08378608723851,85.02713753072806,89.70983700859414,89.65318845208368,97.13989133906276,89.4289677210962,28.38724619166529,55.238261425004126,95.2877894963515,95.23114093984104,95.63697453932218,97.10983700859414,99.52659422604184,57.68086928749794,42.31913071250206,34.88086928749794,65.11913071250206,34.6542750614561,65.3457249385439,95.12259081692885,95.12259081692885,74.35264514739747
3.3960280262727958,1.0,144354.0,1.0,27.539699280138613,4.919854754352663,70.60037845696841,8.83985270863932,12.659830205792549,30.680308902714764,1.0199877257199434,30.6,69.4,29.4,67.2,21.2,78.8,91.4,89.2,94.0,6.0,58.3,41.7,77.0,23.0,80.5,46.8,31.5,21.7,46.8,31.5,20.9,34.0,31.5,20.9,83.8,74.3,82.8,17.2,92.9,93.2,88.0,13.5,86.5,51.0,49.0,89.7,61.0,39.0,87.6,40.4,59.6,40.7,59.3,94.9,86.3,89.8,10.2,86.4,13.6,91.8,46.7,53.3,83.1,16.9,80.4,16.0,84.0,16.0,83.2,16.8,91.5,92.7,84.0,16.0,64.6,35.4,66.2,71.2,18.5,18.5,71.2,85.5,63.5,36.5,34.3,65.7,59.3,40.7,62.4,34.1,89.7,89.9,24.8,75.2,66.4,33.6,71.5,28.5,46.9,53.1,33.3,27.5,24.4,66.5,11.1,20.2,35.0,29.2,96.1,63.5,36.5,23.7,76.3,14.6,85.4,18.4,81.6,25.9,23.7,50.3,95.1,91.7,93.4,6.6,97.8,93.7,95.9,11.1,88.9,19.0,81.0,78.4,81.1,18.9,96.5,17.1,16.8,9.9,53.3,51.9,25.1,74.9,78.9,21.1,46.4,53.6,42.7,57.3,42.9,57.1,36.1,63.9,36.3,63.7,61.5,61.2,80.0,20.0,90.5,53.2,46.8,95.8,21.7,78.3,93.1,67.5,32.5,27.3,72.7,11.2,88.8,31.4,68.6,13.1,86.9,27.6,72.4,84.6,11.6,88.7,11.3,78.3,21.7,31.9,68.1,28.0,12.2,14.3,73.7,26.3,73.7,80.8,75.1,40.5,92.8,7.2,93.2,84.0,83.9,90.1,90.0,97.4,91.9,27.0,59.4,92.6,92.5,94.9,97.5,99.7,55.6,44.4,32.8,67.2,32.4,67.6,96.9,96.9,76.0
3.9253493146598424,1.0,127020.0,2.0,29.441323829112427,9.907228160964657,62.08823669278234,8.578214014538943,13.651245004788745,32.4021466392426,1.3934197170714857,28.20194363410843,71.79805636589158,29.240129575607227,68.63883381953495,17.416399956037743,82.58360004396226,89.05523377557269,88.8269690097502,91.33549292678714,8.664507073212857,52.704535146253,47.295464853747,78.11909297074939,21.8809070292506,82.89805636589158,39.97886189257508,34.00463664882009,26.01650145860483,39.97886189257508,34.00463664882009,24.736890185426514,30.909171795073085,34.00463664882009,24.736890185426514,84.5460619804996,75.20593240489237,83.59935212196386,16.400647878036143,93.21974084878555,93.83948169757109,89.65199438539197,18.988884570818485,81.01111542918152,51.0,49.0,92.84411834639117,60.94670985853574,39.05329014146426,86.74735773657189,38.801295756072285,61.198704243927715,38.94142533167952,61.05857466832048,95.53948169757109,88.69805636589157,91.50528452685623,8.49471547314377,89.75727891224821,10.2427210877518,92.81251268782088,41.957177409681115,58.042822590318885,80.43549292678713,19.564507073212855,82.85134650735583,14.028264765822486,85.97173523417752,14.028264765822486,84.58554367807068,15.414456321929315,91.92632113171406,95.25792679028434,86.02502537564177,13.974974624358229,67.69082820492692,32.309171795073084,63.53549292678714,73.65134650735583,17.807228160964655,17.807228160964655,73.65134650735583,85.5,60.94207320971566,39.05792679028434,32.00852391703694,67.99147608296306,65.37507612692531,34.624923873074685,62.18683943414297,34.68619155610683,90.23290141464257,90.43290141464257,22.295363351179915,77.70463664882008,63.788783068251405,36.2112169317486,69.04865349264418,30.95134650735583,41.357825287717255,58.642174712282745,29.409819673109226,39.4369916879936,19.817047834073886,71.13624230739038,13.817797214677114,17.908523917036945,35.586191556106826,28.347357736571887,95.0874873121791,60.94207320971566,39.05792679028434,21.88813519021526,78.11186480978475,14.120388726821686,85.87961127317831,17.600647878036142,82.39935212196386,30.16321131714057,21.88813519021526,47.90194363410843,95.89935212196386,93.03225353660643,90.09601122921606,9.903988770783943,95.34865349264417,94.49935212196387,94.99406759510764,9.927616887786343,90.07238311221366,18.147357736571884,81.85264226342811,80.3717352341775,78.59536335117991,21.404636648820084,96.23354929267872,13.476270380430517,14.828264765822485,11.498704243927715,58.042822590318885,52.805932404892374,23.980907029250602,76.0190929707494,81.99082820492691,18.009171795073087,41.5505971267526,58.4494028732474,33.96041679986183,66.03958320013817,34.107126658397576,65.89287334160242,28.745960477932517,71.25403952206749,29.105830902325287,70.89416909767472,71.09222546356628,70.57906489770926,81.81186480978475,18.18813519021526,87.35588165360883,60.02113810742492,39.97886189257508,93.66839434142972,26.01650145860483,73.98349854139518,95.23160565857027,66.96709858535743,33.03290141464257,27.033549292678714,72.96645070732129,13.757926790284342,86.24207320971566,30.973678868285944,69.02632113171406,12.567098585357428,87.43290141464257,24.189430946287544,75.81056905371246,84.12038872682169,13.625025375641771,87.5809070292506,12.4190929707494,80.27173523417751,19.674974624358228,29.608523917036944,70.39147608296305,27.84012957560723,9.055881653608829,12.168394341429716,75.35199438539198,24.648005614608028,75.35199438539198,84.47701976103374,78.19082820492692,41.88554367807069,91.25458589753654,8.745414102463457,91.60129575607229,85.70528452685623,85.65857466832048,89.19406759510763,89.20064787803614,96.49406759510764,95.15069862931969,24.335492926787143,65.42178598546106,93.66580282928514,93.56580282928515,95.43290141464257,96.54077745364337,99.43354929267872,59.38360004396226,40.61639995603774,30.934845048751,69.065154951249,30.69471547314377,69.30528452685623,96.95329014146427,96.9,79.03753806346266
3.504081822000501,6.0,153039.0,1.0,27.717979287043725,3.580153709178502,72.19997281952325,7.929014480578113,11.889706171881372,32.40952528222612,0.9721383382606518,29.806478279132833,70.19352172086717,28.718693471982732,68.01756783362072,20.727093115846838,79.27290688415316,91.08740053420385,87.1240189322768,94.05610759642495,5.943892403575049,57.59464735922918,42.40535264077082,77.0641229673428,22.9358770326572,80.93283002956392,46.238924035750486,32.06107596424951,21.7,46.238924035750486,32.06107596424951,20.803815548985796,33.99198462908215,32.06107596424951,20.803815548985796,84.04847649845335,74.24389240357505,82.49541590512169,17.504584094878307,92.61946201787525,93.4564918693712,88.4007685458925,14.405736913717073,85.59426308628292,50.39884718116124,49.60115281883876,89.80419982193206,60.9519077744929,39.0480922255071,87.15113922860039,40.5442766765213,59.4557233234787,40.82023056376776,59.17976943623224,95.15649186937121,86.85306059333166,89.64770795256085,10.352292047439153,85.8870162612576,14.112983738742413,91.7198462908215,47.14886077139961,52.85113922860039,83.08396925816429,16.916030741835698,80.80878391681037,15.623277566861042,84.37672243313897,15.623277566861042,83.42443038569981,16.575569614300196,91.45992314541076,93.11679928772821,84.04007685458924,15.959923145410748,64.80038427294625,35.19961572705375,66.53664557854971,70.27021697352939,19.27749097903147,19.27749097903147,70.27021697352939,83.07935798280924,62.75457050463993,37.24542949536007,34.3641229673428,65.6358770326572,58.53052439188638,41.46947560811362,62.88893762598886,33.69923145410749,89.86832278927486,90.05229204743915,24.920230563767753,75.07976943623225,67.12939875352437,32.87060124647564,72.10916818975662,27.890831810243384,47.50115281883876,52.49884718116124,33.37213833826065,27.179385163285993,24.88893762598886,65.9870162612576,11.476722433138958,20.095800178067947,34.63129293777889,29.063738694396545,95.81144664695739,62.75457050463993,37.24542949536007,23.916415014781954,76.08358498521804,14.60801537091785,85.39198462908216,18.303815548985796,81.69618445101419,25.843892403575047,23.916415014781954,50.14770795256084,95.12404611275355,91.89236890202841,93.3519077744929,6.648092225507101,97.42327756686103,93.7961844510142,95.7557233234787,10.995800178067947,89.00419982193206,18.783584985218045,81.21641501478196,78.81679928772822,80.36258587555778,19.637414124442216,96.3877848071501,17.0679385163286,16.471369792368144,10.869859881059874,52.85113922860039,50.76983270058312,25.019846290821498,74.98015370917851,79.38092225507101,20.61907774492899,46.5442766765213,53.4557233234787,42.291216083189646,57.708783916810354,42.475185341353935,57.524814658646065,36.0358770326572,63.9641229673428,36.21984629082149,63.78015370917851,61.13930830869674,60.863354421450296,80.2564918693712,19.743508130628793,89.77861661739348,53.761075964249514,46.238924035750486,95.84007685458924,21.7,78.3,93.1801537091785,68.08512207700306,31.914877922996936,30.041256853904766,69.95874314609523,11.2641229673428,88.7358770326572,30.63052439188638,69.36947560811362,13.268322789274853,86.73167721072515,27.11907774492899,72.88092225507101,84.75229204743916,11.696184451014203,88.67595388724645,11.324046112753551,78.48435353111056,21.459538872464492,31.387016261257585,68.6129837387424,28.05610759642495,11.566785697489834,13.714877922996937,73.93244575661765,26.067554243382347,73.93244575661765,81.44924504434586,76.03779839738847,41.80650545960958,92.20686255207909,7.793137447920914,93.32824593468561,84.20038427294625,84.1083996438641,90.02786166173934,89.9358770326572,97.3519077744929,91.44312385768255,27.256491869371207,58.63052439188638,93.09695299690671,93.00496836782456,95.03626130560346,97.42786166173934,99.6679385163286,55.98473780405681,44.01526219594319,33.18473780405681,66.81526219594319,32.81679928772821,67.18320071227178,96.57136979236815,96.57136979236815,75.69541590512169
2.726192025950016,10.0,162287.0,4.0,42.33629477804077,3.9559458811835673,62.35421791299054,10.409242815811544,16.060999281137597,26.35927131294457,1.3103512930652106,26.086135776282685,73.91386422371731,25.524460009939677,71.85064798807238,18.509919301016954,81.49008069898305,89.62181106338409,77.39100167734561,94.3191621168285,5.6808378831715025,54.287676245584606,45.712323754415394,77.36475670494686,22.635243295053147,82.96210775839127,43.60837883171503,34.69162116828497,21.7,43.60837883171503,34.69162116828497,20.352864942579718,33.954405411881645,34.69162116828497,20.352864942579718,85.21343223166906,73.9808378831715,81.06740565150244,18.932594348497556,91.30418941585752,94.65902681978741,90.27972940591783,18.652188457374308,81.34781154262569,47.58040589112325,52.41959410887675,90.29272964553864,60.72643247128986,39.27356752871014,85.04670306537201,41.22070258613042,58.77929741386958,41.38391882177535,58.61608117822465,96.35902681978742,89.44602658016662,88.93370282575123,11.066297174248778,83.48194636042517,16.51805363957483,91.34405411881643,49.253296934627976,50.746703065372024,83.00881082376328,16.991189176236713,82.7253239940362,13.857054358437235,86.14294564156276,13.857054358437235,84.47664846731399,15.523351532686013,91.27202705940822,95.07091858215455,84.22797294059178,15.772027059408217,65.73986470295891,34.26013529704108,68.11497270097098,65.91102777827062,22.922675047480602,22.922675047480602,65.91102777827062,71.73043438825627,59.259703304992826,40.740296695007174,34.66475670494685,65.33524329505315,54.92291954063776,45.07708045936224,65.18126987521975,31.820270594082167,90.65748635048548,90.76629717424878,25.48391882177535,74.51608117822465,70.54910751877047,29.450892481229538,74.96518869699511,25.03481130300489,50.31959410887675,49.68040589112325,33.71035129306521,25.676216475265733,27.18126987521976,63.58194636042517,13.242945641562766,19.607270354461363,32.90264894655559,28.424892001987935,94.45859482773915,59.259703304992826,40.740296695007174,24.93105387919563,75.06894612080437,14.645594588118357,85.35440541188164,17.852864942579718,82.14713505742027,25.5808378831715,24.93105387919563,49.43370282575122,95.23678376435507,92.79427011484056,93.12643247128986,6.87356752871014,95.65705435843724,94.24713505742028,95.07929741386958,10.507270354461363,89.49272964553865,17.76894612080437,82.23105387919563,80.77091858215455,76.90529789311118,23.094702106888818,95.861675766343,16.917621647526573,14.930621887147375,15.416945162321163,50.746703065372024,45.4711630753117,24.644054118816435,75.35594588118357,81.6356752871014,18.364324712898597,47.22070258613042,52.77929741386958,40.374676005963806,59.625323994036194,40.48348682972709,59.51651317027291,35.735243295053145,64.26475670494685,35.84405411881643,64.15594588118357,59.44824353467395,59.28502729902902,81.45902681978741,18.540973180212585,86.3964870693479,56.39162116828497,43.60837883171503,96.02797294059178,21.7,78.3,93.55594588118356,70.82840493264004,29.17159506735996,42.893349136478,57.106650863522006,11.564756704946854,88.43524329505314,27.022919540637755,72.97708045936224,14.05748635048549,85.94251364951451,24.8643247128986,75.1356752871014,85.46629717424878,12.14713505742028,88.56321623564493,11.43678376435507,79.3486755267222,20.3321623564493,28.98194636042517,71.01805363957483,28.319162116828497,8.59802753864982,10.97159506735996,75.02224305543234,24.977756944567655,75.02224305543234,84.4931616375869,80.43456680984774,47.93191786329214,89.42600047924161,10.573999520758397,93.9295134098937,85.13986470295892,85.08545929107727,89.68964870693479,89.63524329505314,97.12643247128986,89.30110847725368,28.459026819787415,55.02291954063775,95.4268644633381,95.37245905145647,95.67510799801207,97.08964870693478,99.51762164752657,57.788540229681125,42.211459770318875,34.98854022968112,65.01145977031888,34.77091858215455,65.22908141784545,95.03062188714738,95.03062188714738,74.26740565150244
1.115436762180357,5.0,51552.0,7.0,63.56111936793825,1.8081714590412599,46.989016452457285,13.45154869897418,19.24619616276231,16.32253771397924,1.1952112483540058,28.79155006583977,71.20844993416024,30.60535253621187,69.28985871214213,19.858028804317808,80.14197119568219,86.48929492757625,93.87971742428427,92.07549245720415,7.9245075427958485,47.155773666054294,52.844226333945706,73.38197256254779,26.618027437452223,82.4957750329199,36.16535116934629,34.87126749012403,28.958592588883686,36.16535116934629,34.87126749012403,26.92986007900772,30.265351169346285,34.87126749012403,26.92986007900772,80.49098628127389,77.64027984198455,82.30957750329199,17.69042249670801,92.61014128785787,94.87605624177003,92.41436625493799,16.192113850405644,83.80788614959435,52.395211248354,47.604788751646,93.96704252304393,55.87774759546766,44.12225240453234,84.6814087779819,35.47013992099228,64.52986007900772,35.4557736660543,64.5442263339457,96.47605624177002,88.44788751645994,91.16168998683204,8.838310013167954,92.30901371872612,7.690986281273889,92.95746501975194,38.209013718726105,61.790986281273895,72.69577503291988,27.304224967080117,81.68197256254778,14.741971195682193,85.2580288043178,14.741971195682193,84.12929629444184,15.870703705558157,90.70112756913176,94.6676063076098,85.90112756913176,14.098872430868246,67.08253634711366,32.91746365288635,59.24366254937983,72.71859122201809,18.443098764813946,18.443098764813946,72.71859122201809,84.02507132736173,59.16225377139793,40.83774622860207,26.80901371872611,73.19098628127388,68.58985871214213,31.410141287857865,62.62929629444184,35.10422496708012,90.56647873847804,90.67605624177003,22.679717424284267,77.32028257571572,61.84197119568219,38.15802880431781,66.96591495391216,33.03408504608784,40.99830864630236,59.00169135369764,22.534648830653715,50.46535116934629,15.839437582299709,75.31323868580623,16.476056241770028,18.12760494074421,33.93831001316795,26.901127569131756,93.65211248354007,59.16225377139793,40.83774622860207,20.14253498024807,79.85746501975193,11.513802470372104,88.4861975296279,14.351548698974181,85.64845130102582,33.73887379773383,20.14253498024807,46.02337997366409,96.30478875164599,94.6,88.78563374506201,11.214366254937982,92.32394375822997,89.84366254937983,91.0861975296279,10.799436215434122,89.20056378456587,21.956337450620175,78.04366254937983,76.89521124835402,80.14366254937983,19.856337450620174,95.89042249670801,11.904788751645995,11.7,12.86647873847804,61.790986281273895,49.186761314193774,22.794647463788127,77.20535253621186,82.2861975296279,17.713802470372105,29.077183810901783,70.92281618909821,34.57492867263827,65.42507132736174,34.27013992099228,65.72986007900772,29.266478738478042,70.73352126152196,28.77605624177003,71.22394375822998,73.66647873847805,74.24732373189406,81.66817009217569,18.33182990782433,83.49464746378813,63.83464883065371,36.16535116934629,94.15211248354007,28.958592588883686,71.04140741111631,96.11915500658397,68.21802743745222,31.78197256254778,33.94985734527655,66.05014265472344,18.10901371872611,81.89098628127388,34.46591495391216,65.53408504608784,14.656337450620175,85.34366254937983,25.05154869897418,74.94845130102581,79.2676063076098,19.141971195682192,83.90056378456588,16.09943621543412,78.30535253621187,21.594647463788128,32.97605624177003,67.02394375822998,30.793519894656374,4.958028804317808,9.452676268105936,76.904788751646,23.09521124835401,76.904788751646,87.9,80.10957750329199,48.06478738478041,83.20056378456587,16.79943621543412,89.21859122201809,77.33352126152195,76.84788751645993,80.790422496708,80.4,96.38028120885015,96.595211248354,23.523943758229972,68.68985871214213,95.090422496708,95.08563374506201,97.01915500658397,96.409577503292,99.37126749012404,61.329296294441846,38.670703705558154,25.932393692390207,74.06760630760981,25.746759947328187,74.25324005267181,96.45746501975194,96.36704252304392,80.56647873847804
2.917935928147849,1.0,39282.0,2.0,25.375913036780332,3.532406000187626,72.89613216213144,13.04022255995497,15.768150399699799,19.898330800337725,0.6402225599549697,23.188818079564708,76.8111819204353,31.99273984012008,67.44077895984239,18.20726015987992,81.79273984012009,95.74973528072799,75.06756703846898,87.53518799962475,12.464812000375254,61.48773224113326,38.51226775886674,68.90837295965477,31.09162704034523,85.75866464027018,43.95699544060791,26.223449679302032,29.912851120097564,43.95699544060791,26.223449679302032,28.5659248001501,33.39218344023266,26.223449679302032,28.5659248001501,84.87821952036025,84.63073680052534,88.92403304053286,11.075966959467141,88.11507671964726,93.78044511990994,86.14915191949717,18.792183440232655,81.20781655976734,51.84022255995497,48.15977744004503,97.7251458403077,54.48044511990994,45.51955488009006,88.3318496003002,36.912851120097564,63.087148879902436,37.192739840120076,62.807260159879924,92.6748541596923,90.54581352017262,90.54692631994746,9.453073680052535,88.94803911972231,11.051960880277687,90.47429775980487,46.23018040063793,53.76981959936207,75.11899848020263,24.881001519797362,81.77988872002251,15.45977744004503,84.54022255995497,15.45977744004503,83.06703759992494,16.932962400075052,88.7273714398574,93.66033383993245,80.75529927960224,19.24470072039777,59.70948575942962,40.29051424057038,58.26033383993246,71.49385263989494,19.053073680052538,19.053073680052538,71.49385263989494,88.37151576036774,61.80559096021764,38.19440903978236,29.69888720022515,70.30111279977484,63.288818079564706,36.711181920435294,53.170375999249494,44.06314280071298,90.22681503996998,90.32681503996997,27.098330800337727,72.90166919966227,62.55977744004503,37.44022255995497,67.56648120003752,32.43351879996247,50.25643904072048,49.74356095927952,22.393296240007505,39.22456247907688,18.492183440232655,69.9022255995497,8.010042159317042,18.020111279977485,34.086592480015014,30.805034560330224,94.16648120003752,61.80559096021764,38.19440903978236,14.229040639519678,85.77095936048033,8.801112799774849,91.19888720022516,12.540778959842394,87.4592210401576,31.827371439857405,14.229040639519678,54.03018040063793,93.22122407975233,90.86815039969979,90.10614736010507,9.89385263989493,97.52458944042029,95.0178856804278,96.31788568042779,11.179888720022515,88.82011127997748,20.700556399887425,79.29944360011258,89.58828864102068,68.8977474391069,31.1022525608931,92.91452031975984,19.550291680615416,7.315076719647263,18.870959360480324,53.76981959936207,44.80166919966227,28.777663120472816,71.22233687952718,85.18547968024016,14.814520319759838,31.885479680240163,68.11452031975985,37.22570224019513,62.77429775980487,36.73910976018012,63.26089023981988,32.9385533602927,67.0614466397073,32.4385533602927,67.5614466397073,68.56870679958723,69.16870679958723,79.25418647982738,20.745813520172614,82.94692631994747,56.04300455939209,43.95699544060791,90.18826167967728,29.912851120097564,70.08714887990243,98.33910976018012,61.96255943948215,38.03744056051785,26.843004559392092,73.15699544060791,17.360333839932455,82.63966616006755,30.12178047963976,69.87821952036025,17.505590960217646,82.49440903978235,25.106703759992495,74.89329624000752,86.3771067205854,13.142448159504667,89.02458944042029,10.975410559579718,70.7363007993996,29.163699200600405,26.002781999437122,73.99721800056288,27.834631599737325,11.424033040532859,9.77318496003002,79.13910976018012,20.860890239819877,79.13910976018012,82.95529927960223,77.20781655976734,52.505034560330216,85.99218344023267,14.007816559767344,94.43129320041277,85.23018040063792,85.10336536066795,87.05084808050285,86.93073680052535,95.47374135991745,96.04022255995497,25.552517280165112,63.38881807956471,94.54022255995497,94.82011127997748,93.92122407975234,95.93351879996248,99.95977744004503,50.564228639144424,49.435771360855576,29.551960880277687,70.44803911972231,29.538553360292696,70.4614466397073,97.98603608012758,97.97933232013509,85.73129320041278
7.760494124181667,1.0,786.0,1.0,9.310258296749364,0.7481815831917573,89.60561830144975,8.793604223411482,3.382693722562024,35.83626792065917,0.9841234018008831,30.187208446822964,69.81279155317705,29.54288938379205,67.20529219939971,21.035941818609125,78.96405818139087,91.66460996998529,88.37970909304563,93.64013044082002,6.359869559179981,58.52227237478763,41.47772762521237,76.55545525042473,23.44454474957527,80.79107096698381,46.67827941380677,31.187760235417368,22.139252550175563,46.67827941380677,31.187760235417368,21.312791553177036,33.978831202401174,31.187760235417368,21.312791553177036,83.87409079159588,74.87155753516821,83.14928516038057,16.850714839619428,92.63009783061501,93.22646099699853,87.87827941380677,13.79107096698381,86.20892903301619,51.042337595197644,48.957662404802356,90.13925255017557,60.65071483961943,39.34928516038057,87.65292199399705,40.22006522041001,59.77993477958999,40.52006522041001,59.47993477958999,94.76769501500736,86.53285677358704,89.83704539579794,10.16295460420206,86.52172058619324,13.47827941380677,91.72061700900441,46.70529219939971,53.29470780060029,82.68720844682295,17.312791553177036,80.47409079159588,15.973539003001472,84.02646099699852,15.973539003001472,83.1894156012006,16.810584398799413,91.34652621740854,92.74762979459736,83.80948082161059,16.1905191783894,64.31422123241589,35.685778767584104,65.77662404802355,71.21058439879941,18.531753196398235,18.531753196398235,71.21058439879941,85.66935038079058,63.42061700900442,36.57938299099558,34.06714322641295,65.93285677358705,59.4905191783894,40.5094808216106,61.876072259429144,34.660973136368796,89.72646099699853,89.92116879759882,24.937597184392345,75.06240281560765,66.19889642281119,33.80110357718881,71.29360422341148,28.70639577658852,47.111687975988225,52.888312024011775,32.72315026543208,28.07684973456791,24.09834463421678,66.65876598199117,10.904188622210892,20.083571613206477,34.95237020540265,29.300551788594404,95.99944821140559,63.42061700900442,36.57938299099558,23.176072259429144,76.82392774057085,14.282468036017663,85.71753196398234,18.082468036017662,81.91753196398233,26.206947565182922,23.176072259429144,50.52756457418734,94.98886381260618,91.64178580660324,93.23064961920943,6.769350380790579,97.8052921993997,93.789967389795,95.94233759519766,11.105292199399706,88.8947078006003,19.08467519039529,80.91532480960471,79.04035612736439,80.41201407803827,19.587985921961728,96.29889642281118,17.258765981991168,16.28136445882885,10.397466743572327,53.29470780060029,51.50837724442178,25.316980175387933,74.68301982461207,79.24399296098088,20.75600703901914,45.6432154858421,54.3567845141579,42.4195134318156,57.5804865681844,42.58246803601766,57.41753196398234,35.94652621740854,64.05347378259147,36.109480821610596,63.890519178389404,61.85457735978028,61.60220715437763,79.95237020540264,20.047629794597352,90.09779284562238,53.32172058619323,46.67827941380677,95.48776023541737,22.139252550175563,77.86074744982443,93.3857787675841,67.18246803601767,32.81753196398233,27.247078006002944,72.75292199399706,11.52282416338204,88.47717583661796,31.31532480960471,68.68467519039528,13.343441172386457,86.65655882761355,27.46769501500736,72.53230498499265,84.72172058619323,11.658214193396761,88.73704539579795,11.262954604202061,77.87133184862384,22.12337595197645,31.56129923841884,68.43870076158116,27.978831202401178,12.184123401800882,14.061851027013248,73.99636316638352,26.003636833616486,73.99636316638352,80.8952595891947,75.2005517885944,41.150940526163794,92.45071483961942,7.54928516038057,93.28467519039529,84.0952595891947,83.9952595891947,89.96240281560765,89.86240281560765,97.2941560120059,92.11698017538794,26.931201407803826,59.5905191783894,92.7005517885944,92.62172058619323,94.83649360720354,97.41532480960471,99.71587659819912,55.29305243481708,44.70694756518292,32.64123401800883,67.35876598199117,32.26240281560765,67.73759718439234,96.96350639279648,96.96350639279648,76.53451213937026
1.5680138001808235,2.0,2426.0,4.0,33.011252148274224,3.198789534435994,71.45375503398394,4.563438758495984,16.103026163910016,18.17493818135404,0.46525445684199296,22.09576337052598,77.90423662947403,28.344071309471886,70.6870428369941,17.161017827367974,82.83898217263203,93.41537809413391,70.2123519302239,89.71513081955008,10.284869180449924,58.14043991277987,41.85956008722013,71.68522713864809,28.314772861351905,85.966464922406,42.92385135308195,29.92602500962613,27.216588559697918,42.92385135308195,29.92602500962613,25.681843016539908,33.700605232782,29.92602500962613,25.681843016539908,85.77009631909802,81.24346607668988,85.9123519302239,14.087648069776105,88.33656124150401,94.60544709503803,88.14806066436208,20.94503450045206,79.05496549954795,49.016588559697915,50.983411440302085,95.65254456841993,56.41210465564006,43.58789534435994,86.38668487879593,38.74382403488805,61.25617596511195,38.943218802106045,61.056781197893955,94.31149942285806,91.53837693985002,89.62808798255598,10.371912017444027,85.78244824932192,14.217551750678087,90.46767538797,48.644429267670056,51.355570732329944,77.84866589714407,22.151334102855923,83.04079787097804,14.091526741051958,85.90847325894805,14.091526741051958,84.00605232782003,15.99394767217997,89.40484186225602,95.04200833654204,81.77493818135405,18.22506181864596,61.84927112992608,38.15072887007392,62.291279466468126,67.44286084390788,22.151692061054092,22.151692061054092,67.44286084390788,77.49928408360367,59.384263947667925,40.615736052332075,31.643824034888052,68.35617596511194,58.47336975759187,41.52663024240813,57.86561241504016,39.468527895335846,90.73656124150402,90.80302616391002,27.03111414646599,72.968885853534,66.92602500962613,33.07397499037387,71.4565339233101,28.54346607668988,52.073727715790035,47.926272284209965,26.357139156092117,33.40327343849385,22.657139156092118,66.3477027061639,10.216946517896085,18.301815698346008,32.859202129021966,29.892737206615966,93.62990368090199,59.384263947667925,40.615736052332075,18.025419776844128,81.97458022315587,10.645639733234061,89.35436026676594,14.009683724512048,85.99031627548794,29.520219956389933,18.025419776844128,52.52082518917194,93.80484186225603,91.77372771579003,91.07191201744402,8.928087982555974,96.29031627548795,95.23232461203,95.82808798255597,10.730508913683986,89.26949108631601,19.157991663457956,80.84200833654205,88.18607964601392,69.37433294857203,30.62566705142796,93.50484186225603,18.959807361803968,8.911499422858057,20.20544709503803,51.355570732329944,42.25314980120193,27.48971104270595,72.51028895729405,85.23232461203,14.767675387970005,37.499147492634165,62.50085250736584,37.467070155188004,62.532929844811996,37.134745543158004,62.865254456841996,33.90423662947402,66.09576337052597,33.57191201744403,66.42808798255598,64.4440713094719,64.84286084390789,80.47493818135403,19.52506181864596,82.430508913684,57.07614864691805,42.92385135308195,92.04624496601606,27.216588559697918,72.78341144030209,97.02445658586396,65.96016532000213,34.03983467999787,38.104347313088354,61.895652686911646,15.522640887517948,84.47735911248205,27.11719379247992,72.88280620752008,16.861623060149974,83.13837693985002,23.926272284209965,76.07372771579004,86.765859689624,12.733535077594,89.06464922405999,10.935350775940009,73.6876480697761,26.01114146465989,25.5,74.5,27.96888585353401,9.351334102855924,8.861017827367972,78.39455290496197,21.605447095038027,78.39455290496197,84.71270988842207,80.2864376042121,54.14140310376004,85.931719379248,14.068280620752008,94.8,86.03474554315801,85.96828062075201,88.07009631909801,88.00363139669203,95.86949108631602,92.7135623957879,27.209078491730043,58.57336975759186,95.94200833654205,96.14140310376004,94.67251725022602,96.134745543158,99.76525445684199,53.3547182249641,46.6452817750359,32.41573605233208,67.58426394766792,32.41573605233208,67.58426394766792,96.32264088751795,96.32264088751795,81.43862421443386
6.605074125818993,94.0,33649.0,1.0,28.00742553869261,3.2049505133759455,73.37673272595585,10.37004960230971,22.059405697768725,17.57004960230971,0.8475247433120273,25.213366247292267,74.78663375270774,31.26460399132191,67.26905940708599,19.059158380334107,80.9408416196659,94.85297035429983,78.49579190167053,89.30396031815224,10.696039681847768,61.20049509761186,38.79950490238814,71.19900980477628,28.80099019522371,84.29826738972982,45.211633637022075,27.425494981926203,27.431930788137716,45.211633637022075,27.425494981926203,26.286633752707733,33.723762371656015,27.425494981926203,26.286633752707733,84.76683169920395,81.75841596528763,87.35792086767577,12.642079132324225,89.37797023861417,93.54529703542998,86.41163363702208,17.298267389729812,82.70173261027018,51.55247525668797,48.44752474331203,95.43193078813772,56.442079132324224,43.557920867675776,88.29059407085995,38.051980159076116,61.948019840923884,38.35198015907611,61.64801984092389,93.1735148228501,89.33861391178385,90.28341584960198,9.716584150398024,87.98836636297793,12.01163363702208,90.76410889371004,46.769059407086,53.230940592914,77.71336624729226,22.286633752707733,81.36683169920396,15.654702964570017,84.34529703542998,15.654702964570017,83.06188118582801,16.938118814171993,89.4972771945061,93.32153466377396,81.51386134490413,18.48613865509588,60.87079201735619,39.12920798264381,60.675247433120276,71.33811881417199,18.91435644251598,18.91435644251598,71.33811881417199,87.7099010267519,62.46410889371005,37.53589110628995,31.26138608821615,68.73861391178384,61.786138655095876,38.213861344904124,55.563118698486335,41.42029715111564,90.04529703542998,90.17623762834398,26.59554458423591,73.40445541576409,63.77574253073213,36.22425746926787,68.80668312364612,31.193316876353865,49.66237628343986,50.33762371656014,25.77252462762637,35.02747537237363,20.463613796098194,68.5717822125799,8.544801937818127,18.680693044108075,34.37846533622603,30.512128734633936,94.78787126536606,62.46410889371005,37.53589110628995,16.86311869848634,83.13688130151367,10.456435574840205,89.5435644251598,14.256435574840205,85.74356442515979,29.9054456109878,16.86311869848634,53.26955450469785,93.64975245119408,90.94034652205403,91.19009897324811,8.809901026751891,97.869059407086,94.87400992046194,96.45247525668798,11.169059407085996,88.830940592914,20.104950513375947,79.89504948662406,86.75618825740558,72.12227707882045,27.877722921179554,93.87574253073213,19.1717822125799,10.032178105572335,16.39158426608368,53.230940592914,46.78960387563625,27.93143569052586,72.06856430947414,83.38886146058978,16.611138539410224,36.52450478670249,63.47549521329751,39.03985142444218,60.96014857555782,38.756435574840204,61.243564425159796,34.0972771945061,65.9027228054939,33.813861344904126,66.18613865509587,66.12698027476178,66.44851493853574,79.37846533622603,20.621534663773968,85.25148506146427,54.788366362977925,45.211633637022075,91.7254949819262,27.431930788137716,72.56806921186228,96.82920798264381,63.356435574840205,36.643564425159795,26.609405929140035,73.39059407085998,15.412623832245792,84.58737616775421,30.295049486624055,69.70495051337595,16.276732725955842,83.72326727404416,25.873514822850087,74.12648517714992,86.18836636297792,12.359653477945962,89.18341584960199,10.816584150398024,72.70618802603428,27.224752566879726,27.48019794649622,72.51980205350378,27.723762371656015,11.99282177874201,11.192326681130154,77.5673267968158,22.43267320318419,77.5673267968158,82.04306932754794,76.41212873463394,48.99430707157758,88.24207913232422,11.757920867675775,94.30495051337594,85.24306932754794,85.14306932754795,88.30445541576408,88.20445541576409,96.01881185828007,94.73143569052586,26.102227707882044,61.88613865509588,93.91212873463394,94.08836636297792,94.07128711496804,96.39504948662406,99.907178221258,51.594554389012195,48.405445610987805,30.728217787420103,69.2717822125799,30.60445541576409,69.3955445842359,97.72871288503195,97.72871288503195,82.97500011568565
2.973198185125492,1.0,26999.0,1.0,49.995049725073876,3.7,69.88468384803149,10.158332849643203,22.872974227952774,15.668692922404027,0.523198185125492,28.79054156021163,71.20945843978838,30.02635099838828,67.2231981851255,20.48085626110975,79.51914373889025,92.55990925627461,85.60428130554875,92.42252341146654,7.577476588533453,59.27432377527066,40.72567622472934,75.05135244945868,24.948647550541324,81.77590018190206,46.266441742113685,30.131307077595974,23.625449365415832,46.266441742113685,30.131307077595974,22.70945843978837,33.90720725949803,30.131307077595974,22.70945843978837,84.12477459175689,76.80540399355313,84.33108021828247,15.66891978171753,91.71689255859991,93.31599092562746,87.46644174211369,14.775900181902058,85.22409981809794,51.18558548100393,48.81441451899607,91.62544936541583,59.46891978171753,40.53108021828247,87.83198185125491,39.61126170573327,60.38873829426673,39.911261705733274,60.088738294266726,94.3200453718627,87.32072014552165,89.96238729587844,10.037612704121555,86.93355825788632,13.066441742113685,91.45202722311762,46.72319818512549,53.27680181487451,81.29054156021162,18.70945843978837,80.7247745917569,15.88400907437254,84.11599092562746,15.88400907437254,83.15360362974901,16.846396370250986,90.82725263136074,92.90878366612942,83.16486533548229,16.83513466451771,63.34729800322343,36.652701996776564,64.34414518996064,71.24639637025099,18.63918911075295,18.63918911075295,71.24639637025099,86.24234192401575,63.15202722311762,36.84797277688238,33.279279854478354,66.72072014552165,60.13513466451771,39.86486533548229,60.103379672576295,36.55900762330215,89.81599092562746,89.99279274050197,25.403152813262793,74.59684718673721,65.5184689652313,34.48153103476869,70.5952707801058,29.404729219894186,47.82792740501968,52.17207259498032,30.771397821321372,30.028602178678625,23.077703447846957,67.19594555376476,10.241667150356797,19.689639927239178,34.79121633387057,29.640765517384345,95.65923448261564,63.15202722311762,36.84797277688238,21.403379672576296,78.59662032742371,13.208108892470483,86.79189110752952,17.00810889247048,82.99189110752951,27.245494737278534,21.403379672576296,51.29752196039615,94.61283811236467,91.4448199636196,92.65765807598426,7.342341924015742,97.82319818512549,94.09436914713336,96.08558548100395,11.123198185125492,88.87680181487451,19.37117096200787,80.62882903799213,81.20698040018453,78.08423593368605,21.915764066313955,95.6184689652313,17.79594555376476,14.526577857701788,12.080629401796244,53.27680181487451,50.1833343007136,26.051125590145173,73.94887440985484,80.40788203315698,19.592117966843023,43.08265952705465,56.917340472945355,41.47049618834893,58.52950381165107,41.50810889247048,58.49189110752952,35.42725263136074,64.57274736863927,35.46486533548229,64.53513466451771,63.05427840340796,62.963062069537386,79.79121633387057,20.208783666129428,88.73693793046262,53.733558257886315,46.266441742113685,94.43130707759597,23.625449365415832,76.37455063458417,94.35270199677656,66.10810889247048,33.89189110752952,27.068018148745082,72.93198185125492,12.615089292655009,87.38491070734499,31.02882903799213,68.97117096200786,14.16711651577263,85.83288348422738,27.020045371862704,72.9799546281373,85.1335582578863,11.85518003638041,88.86238729587845,11.137612704121556,76.42094700483516,23.555854810039357,30.415316151968515,69.58468384803147,27.907207259498033,12.130405444623523,13.256081669352863,74.99909836702756,25.00090163297245,74.99909836702756,81.21756733225885,75.54076551738434,43.35337677043551,91.26891978171753,8.731080218282468,93.57117096200787,84.41756733225886,84.31756733225886,89.4968471867372,89.3968471867372,96.93603629749016,92.85112559014517,26.698423593368606,60.23513466451771,93.04076551738434,93.03355825788631,94.6216217784941,97.12882903799213,99.76959455537647,54.254505262721466,45.745494737278534,32.10405444623524,67.89594555376476,31.796847186737207,68.20315281326279,97.17837822150591,97.17837822150591,78.34301669767468
3.0017146474097913,0.0,28133.0,1.0,58.49961729351324,3.8369894339640513,68.74770282859235,9.234604392533718,25.167648082628407,14.222375586159767,0.4972232747172947,30.683215141614333,69.47002878831027,29.54623556712881,67.21298906766543,21.24725808574932,78.74481634028226,91.35548927714137,89.47296936991613,93.95219149459038,6.108519838044881,58.38188121453835,41.750580221526604,77.06110192554894,22.973678613458606,80.50469586268865,46.74206558690983,31.52416349341844,21.65207580449997,46.79215783754789,31.519308981224814,20.94783088011653,33.99707619738435,31.565229416997262,20.908809575510386,83.82722144006097,74.32552629013314,82.82658693203051,17.134762040124183,92.90305607745185,93.2704397934547,87.96794759601607,13.489741738328286,86.64920244090833,50.888285570330666,49.04509427195868,89.73754451362761,61.06649988438951,39.00452749988519,87.58748203284738,40.367653686783484,59.52612938886254,40.7073988922619,59.255440582274964,94.93651084034661,86.38700827962137,89.82245626169187,10.206926245974627,86.49578658909077,13.578700265533866,91.77675676832904,46.89802764447183,53.30629941780208,83.17209478630826,16.970667978223396,80.37616463174832,15.983956501669825,83.99635303788392,16.00186942135134,83.19324960414785,16.786026802214604,91.48019442016299,92.68325072386699,84.0582855945472,15.941990739624043,64.62756612481525,35.400964877674646,66.22776061775623,71.17511380943843,18.45608718089843,18.563928587625814,71.21826715939554,85.49015698151642,63.359431045650766,36.54636838353673,34.320238200122084,65.6487253742404,59.28944119662811,40.6376054901931,62.556636368031654,34.01237824363848,89.70371950801585,89.90777892141374,24.760488657027846,75.15350600976079,66.37140313033862,33.75552645289898,71.47216621259933,28.409466737917445,46.84783582899809,53.11773264171014,33.193604831607395,27.26516244494617,24.489016932130763,66.58954201890556,11.122509582928238,20.169426469571402,34.975819033944646,29.22085566060409,96.10372740784933,63.41701252355535,36.50079157208043,23.611896776616074,76.29468828481292,14.605163063130949,85.44890897994848,18.435844678731844,81.65543636354087,25.882242739828996,23.71897817514387,50.306378536894535,95.07977590236177,91.6421967802185,93.35627629649107,6.5501010927587835,97.80827016843854,93.7450187571979,95.89645481979134,11.088620404669673,88.8626764070214,19.037944528985115,81.00346586846949,78.47760523411623,80.99007174700218,18.861103261241293,96.50710001291347,17.165661156819652,16.802987919462968,9.989265538082517,53.38126180016196,51.76238321872847,25.180009138521505,74.9013004719497,78.83317012912121,20.96793061712922,46.412285747027845,53.66118818884903,42.69621790265717,57.26968203216959,43.04727135132408,57.14755260540614,36.190256831171794,63.91258791650535,36.384167630317236,63.67130100865662,61.57957508479323,61.41071711332846,79.97242958905778,19.97675065265387,90.52361908718467,53.23124656756519,46.65725016953017,95.76369157203057,21.757330295928945,78.28355525712132,93.10277263611879,67.43824173591176,32.476203710205276,27.45055836367179,72.68419099136835,11.247691292495999,88.83490119201352,31.390060332228437,68.64977154193942,13.117369643494099,86.95170125298652,27.659610541777226,72.43327461318036,84.56975301645365,11.52906781681397,88.65408793870209,11.314224315150629,78.36355379431478,21.70257938861798,31.877798328151947,68.18547938641485,28.00613819464583,12.179761990783513,14.384868486309205,73.65936933114797,26.297336824548175,73.70544579300746,80.82524225708545,75.03199700664388,40.781142117322354,92.78201360975476,7.139263132627462,93.13597717116814,83.95800801295343,83.97610946726047,90.1131185959822,90.07757784262698,97.41029383488649,91.93378442875891,27.002759671710038,59.50890949503193,92.66113226676212,92.50810821638515,94.88574116118123,97.49269375648849,99.69749186074198,55.50408837638251,44.39748622258939,32.67760152191848,67.16415380921546,32.356515166715575,67.55051690792995,96.91373769235489,96.91603922670902,75.89397096140765
2.862409158816872,0.0,40766.0,0.0,57.739593692567865,3.7183591976342143,68.12101629564556,9.302893137559655,25.018247534354675,14.548952743082724,0.48317564048789075,30.60281757617625,69.36731148712299,29.375062645937923,67.24953208634086,21.173587213403398,78.8413124092283,91.46788341465522,89.61026308768027,94.03547703619152,5.939686749610038,58.17639320354858,41.71856620534634,77.02800130674608,22.88659479877514,80.5557253034866,46.631560978820595,31.482574681179596,21.639994728589667,46.68275761815029,31.62530894030394,20.779298949801518,33.96710804981352,31.532308643971984,20.975744833329333,83.80514418456174,74.25428351012366,82.7991226126686,17.268129566382644,92.87081630658767,93.15782429676797,88.00197328077282,13.197962408506218,86.52018301342812,51.04147964068164,48.95004285449808,89.6901560965706,61.086856419035186,39.007795344218046,87.66316415805191,40.429418053435775,59.548983276867,40.75628435857317,59.308388466789566,94.88146098202999,86.1986264972338,89.85016764133532,10.166997986718007,86.43563729834436,13.617006804459743,91.77949717161505,46.61533383245162,53.27025221679291,83.03494563549043,16.857714915136757,80.35025227129181,15.945404091327164,83.98853445738565,16.022125743239943,83.2178577667614,16.81953890631789,91.51042047863741,92.69831700502183,83.97366197579672,16.05364303762666,64.58304254786337,35.44503233901382,66.25632546774844,71.27779965654658,18.443090282365013,18.534015759527172,71.15828195307597,85.84642429426442,63.511645111908024,36.51447705206698,34.25403657780801,65.65598132403227,59.37534434340637,40.7161875583059,62.33847620522729,34.114859548362936,89.70181270508886,89.91420712533588,24.747573724529243,75.17953461725419,66.37055878680324,33.555663832922974,71.51095570951921,28.502208226491224,47.11235601345772,52.84010133896912,33.326808428573095,27.667091772853418,24.392275303481902,66.42946126645894,11.140786862274636,20.197768413769012,35.02327867303444,29.173850637414542,96.1188035692022,63.47688029340049,36.50785482178617,23.73985891337342,76.2401567365538,14.5543029989013,85.41124186937581,18.2657234626173,81.55914204858135,25.786971767756462,23.700267800627092,50.32965888801627,95.12384368217809,91.68784693255431,93.23111055706032,6.579999798077072,97.78393467628275,93.69176130854065,95.79788695321473,11.10131882876646,88.88860698526328,19.01091191968597,81.00952749283967,78.37904566489496,81.08939898087405,18.819993280741585,96.50574052821851,17.106594626686352,16.738999356170716,9.897696853081873,53.28876261417111,52.06054948301319,25.13618116103795,74.95501428790529,78.82580592944981,21.071534765538548,46.43478006626022,53.44108343123681,42.60539168604945,57.191346466809485,42.860107761734675,57.10833653304045,36.072976434391784,63.883766999401594,36.169313169021564,63.50472686283202,61.569338085997764,61.19028916488231,80.0679504006072,20.041555213862516,90.49194448376555,53.257464151551936,47.05251344920013,95.81338449441213,21.57585906840661,78.19365955493143,93.06810089669258,67.50706994946425,32.528711197437445,27.024061689411695,72.76655492204495,11.198982336154453,88.93372810004391,31.418230667538804,68.621888876726,13.12122016753688,86.88148152750298,27.628270915921412,72.36053773603619,84.60857075368199,11.60232314588835,88.68941190010653,11.280126450558376,78.25601154175943,21.59170786529875,31.912573996428986,68.14129590023165,28.01894148362329,12.19152389707948,14.267989414356675,73.76610584147357,26.31457617189108,73.6619701053077,80.78044510534866,74.89526636711382,40.38764280641489,92.71118845468085,7.142602537830907,93.25110250503114,83.98283328388253,83.79354416178677,90.13276257464148,89.91170090893912,97.37849817224873,91.86134634717615,26.991144730501453,59.35748495951478,92.5690128835803,92.45853270235322,94.87349703868553,97.48935304011943,99.71685937757732,55.57716115081856,44.347517016120285,32.843019101692555,67.17641735601639,32.40588265507864,67.6642111711518,96.87274122986862,96.89874204872218,76.04585705513011
4.2191347956017164,0.0,1278120.0,3.0,16.43114600469332,10.988670423452428,53.86780722470319,4.673317279637459,9.368144959929175,56.10906122093691,1.7166877415764932,26.148681370114854,73.77488039356702,29.057580190122874,69.98666775395897,14.128645234865308,85.91515028442232,86.9323276316418,88.34635047259827,88.98353263735837,11.07727516481637,47.75197532278932,52.16847112787141,79.09375923474403,20.854314789972285,84.93587866723338,33.958736043559256,36.17818368393228,29.729136119716642,34.02493342114792,36.203154554835926,28.182482790021265,28.168394415577843,36.29364760153063,28.191689946297505,85.18425814278321,75.95264567775455,84.31696500531386,15.729965411269088,93.49797576066379,94.3581377540132,91.22982748429158,23.559070726460927,76.02195726856422,50.96924215215269,48.985302178720104,95.52816757528805,60.95271795806774,39.18899776280426,86.03902999047044,37.496649102198184,62.587443972014306,37.39693616560379,62.67938259691001,96.07922933063618,90.76683040041429,93.00306753657594,6.985535089181605,92.66695111227328,7.208887700491941,93.70416467236053,37.703592892615276,62.249060619323295,78.12819680303402,22.025179179178796,84.98162001739118,12.241966402951808,87.66091874597767,12.240998338119422,85.69358300077079,14.237865783796329,92.33372498370433,97.50686189515686,87.84060145475092,12.19134100365271,70.33522604806684,29.75720124119375,61.06974466050373,75.7524090199786,17.30099383864295,17.18736565830174,75.80966706674062,85.37886365026152,58.73376881870544,41.29210057622557,30.00543954742774,69.99746234712131,70.5463012397757,29.369591426455976,61.94181864124995,35.30641112479554,90.70883960212855,90.92112173624949,20.132266241479154,79.83906512424801,61.504119389219596,38.553903880687876,66.7839757108619,33.0091698988257,36.47893663946977,63.45412876977916,25.94995254390213,49.99889547938658,15.891408976193855,75.33771574834208,16.29168671440395,15.863039827411242,36.098859406603545,27.609931031686394,94.22710795700007,58.63239879681042,41.31175408327186,20.267287646613674,79.64987131265515,13.652865544844056,86.36158940552983,16.84658229609871,83.09440847029843,33.94668739387088,20.327879018182717,45.77853100046896,96.60911300774767,94.13305814016697,87.13726324755635,12.813393743563445,93.25574273457755,95.1724173973514,94.19828879221427,8.867698503952875,91.08208521941657,17.409376058312183,82.58784237080508,82.05241247437735,76.45270515702005,23.561185113319716,95.98689721986473,10.401951722694914,13.131137900127461,12.885271869483159,62.171745558935,53.68866717281209,23.01210832638513,76.9678697654338,84.63911136685849,15.29178784733298,37.27677413368903,62.76098770845581,26.09681248283529,73.52524516568064,26.387102445713005,73.63862794164665,22.179487951510534,77.7976271956574,22.869680115946682,77.33591000373143,79.46165679070715,78.66728078518221,83.38025955667544,16.607375393322666,84.63615105191238,65.9904925756687,33.79180069749058,91.83669063993975,29.77086382228249,70.13710940703714,97.05633586829744,66.51343317333334,33.4167572859241,26.58314033583701,73.21356675809261,16.031461323456192,84.0144479549,30.749849943363436,69.36287419413281,12.131669216412227,87.90500776107193,21.21268860871955,78.85062153344221,83.68148821785329,15.40372064376689,86.6033356105144,13.421755355988456,82.01578344660643,17.924429704672004,27.583840528746038,72.38659594804115,27.735993622619855,6.391569679797095,10.380649368796774,76.81575096163226,23.13313300241626,76.84025140018174,87.69672740013208,80.91130413456617,43.110115107041906,89.95829651458375,10.162114755143728,90.18665823667124,87.19625320580835,87.13429784516134,88.46066958352624,88.48080444623682,95.69525067114049,97.96571760069762,21.999341004655488,70.82741403055907,94.62026900945503,94.58983735070571,95.86676940659852,95.74478657185568,99.19227919032531,62.76976014182202,37.20761810442759,29.307943949754506,70.728650855197,29.316167373055247,70.7286395195703,96.98886050890057,96.87479708459512,81.7003638755647
4.3154534908386015,2.0,1278945.0,2.0,15.894205892316004,10.974066718106933,53.32357893570684,4.7816260559816675,9.631758024802016,55.88920880836184,1.689832377025676,26.038529669293144,73.90623828086194,29.14860383774987,69.89103435642382,14.135561357747882,85.9879017991197,86.9941545440611,88.7291632906716,89.06508149748966,11.017259102895899,47.71685520173902,52.06530501390764,79.0386286723401,20.89296240002561,84.97640261575495,34.0154072632154,36.173421830803115,29.81518389693328,34.161559696475535,36.11815786658057,27.976872091925795,28.186790215016323,36.24341500086015,28.170442710645155,85.08856844086905,76.03348731237625,84.33271388016632,15.710059682992307,93.52706855444352,94.33163292200967,90.98715287206916,23.712666973781914,76.37001551404718,50.965074968923986,49.042261555516106,95.61224279695018,60.8910439365387,39.03285527634111,86.05042652591023,37.357215861891234,62.625374646840626,37.49869162224415,62.531195332214935,96.12954053906131,90.84316976480999,93.0139908594244,7.01508536272373,92.68050575884197,7.417478032278802,93.70433881452014,37.79603829819333,62.24133004863305,78.14564868424212,22.01077442838351,85.01012657702358,12.24511825224622,87.66790137076154,12.298371311164749,85.73464698489342,14.190847722380024,92.25686417854021,97.49193438104791,87.77095345451865,12.207566297471885,70.4377327363619,29.66149077341624,61.00741962758538,75.70697266235605,17.29208091448275,17.202333005798575,75.83094045832317,85.50830950977833,58.69181792179071,41.30048974707026,30.01637811182864,70.07342269664312,70.57883913376534,29.374517288445123,61.969599218334125,35.28947978490801,90.68594397341303,90.96065268319194,20.051775768413755,79.87637485397839,61.45648703153174,38.581757188533466,66.8706307229446,33.27348726997919,36.466745839019914,63.357351445574174,26.097380397034094,49.73324161856417,15.798229203637833,75.228497227581,16.157955332563848,15.983511678595725,36.080786948557815,27.601521810631027,94.22005570696591,58.74505114863107,41.30876652760935,20.311996770732794,79.71137825069962,13.671287744225513,86.35408897426194,16.791008960249886,83.17214494386945,33.98616247087613,20.20791799946928,45.818981743859005,96.54127698850701,94.21831134667538,87.19962207943313,12.760684332293463,93.21349996635438,95.20737138392283,94.21244820818575,8.896362365865256,91.08544977551922,17.376552025939837,82.61463642627136,82.31151753897991,76.55357994515592,23.59211471720725,96.04256805636867,10.345760926998627,13.139708679534603,12.878164160189172,62.09437981340498,53.662567729433306,23.03195338985411,76.99981522066088,84.90226372725215,15.344007180588473,37.39275987503974,62.37226072366768,26.331692811331532,73.56517751042499,26.40136868838214,73.55764666957171,22.247923022401935,77.61193782496595,22.713472037948875,77.20539604112052,79.7989367976248,78.62965412156487,83.41565929909929,16.56526927865519,84.5454036000964,65.93031678204947,33.989167357713455,91.80512365050173,29.75515200139888,70.28141323715569,97.14618235746657,66.39177251769088,33.5402711818064,26.88370714811571,73.29018221397148,15.935391301821817,84.03450659945327,30.733452525333384,69.5127559132771,12.142898117943178,87.8927464850601,21.147768024068984,78.77996547046342,83.72993487471882,15.458287091546273,86.59529115800783,13.41904455639991,82.08064685355349,17.91374186189579,27.580878151668927,72.36040365732616,27.694943766604883,6.226529759826629,10.283054172820979,76.79355799985781,23.19094552722449,76.81634179083635,87.72246607519143,80.92695473130279,42.87729525441631,89.94981647870323,10.174653984397263,90.19108843861612,87.22208876058458,87.30430467475962,88.4589817874091,88.4531423767114,95.74922692931919,97.9550407861476,21.980115966874006,70.75222118035029,94.59769079860004,94.61114745336347,95.90073391644214,95.68323574820265,99.20384609732201,62.67450967106957,37.374187729387835,29.09884984343364,70.65099683856585,29.216566095346014,70.82290371494067,96.98771711215922,96.86573019444455,81.6018630771452
1.9959238047933723,0.0,2173857.0,7.0,60.38536709748713,7.910646645328017,42.28139919884314,11.232925957760331,16.097229464575896,31.60605642091084,2.621101025699982,28.569863266205363,71.32442928766251,30.49977639149943,69.48770276003611,19.699795936934898,80.2864847377406,86.72820896914948,94.14288364760259,92.13372375581605,7.861927554033389,47.25366801817035,52.749741519268376,73.16861150053215,26.791100105681704,82.40653731324993,36.72385486039883,34.924981887936354,28.72949876014817,36.222258146482496,34.89865091605887,26.638438532977577,30.481981530302843,34.923101220104556,26.744555734440045,80.29503410188168,78.08813358510696,82.26442906499781,17.613935842291625,92.52856078488706,94.90819547597891,92.366862173665,15.939863848738062,84.17451716392524,52.34702179008511,47.536428579052284,93.9902303395356,55.71003798448978,44.544292688687335,84.59657014459307,35.66422812222181,64.21262263072244,35.753482586924186,64.32350352866612,96.49083722773875,88.46543539030633,91.21444388413973,8.797899890417536,92.41864113882922,7.582059139476312,92.90406590106357,38.370718623810205,61.816902067383594,72.71824416132593,27.397970560244577,81.53044640132978,14.924192810409021,85.06711727699147,14.867165708660371,83.9882802198915,15.981365991028156,90.46580020316956,94.49553304122381,85.87875661776827,14.203590937864274,66.84594367720719,33.24459048693128,59.0876012390421,72.88916297454378,18.512445540760872,18.559296188453185,72.78602727975968,83.76300322775388,59.04444876207412,40.837514891682275,26.97721787897413,73.06870637307672,68.7087228749565,31.336112818443908,62.492474802309694,35.161048494215486,90.57151793321582,90.69486803183854,22.911262901799166,77.13835144181613,62.16044983454263,38.06163147065973,67.10412433240177,33.00116461850102,41.286772518703366,58.64496419718098,22.303120367584636,50.507749858133636,15.67145247924746,75.61281182859591,16.535154953834457,18.325807885778925,33.923217969635196,26.724244814997416,93.6466928525897,59.089594967635804,40.91323430639261,20.165879406854284,79.81140573930703,11.616272074848728,88.39520352508437,14.421205787663697,85.39099984922537,33.46801402770114,20.327291600888582,46.0689616591256,96.2886062922896,94.59288492011635,88.7594586644594,11.124923612581291,92.31650597758612,89.74184623014331,90.96758540541002,10.907495551113238,89.09038496251463,22.13626869654223,77.93097000728473,76.85113437664758,79.99993565990258,20.079279525863416,95.8785495222446,11.856783393259049,11.665769793281902,12.941770327641956,61.674115885520365,48.91420730014751,22.86147247161235,77.06151091479737,82.23103429685469,17.753545483125432,29.23307285808124,71.37912551969366,34.71137969632924,65.17252887173656,34.59402489739454,65.26437932682397,29.45859383299913,70.75227212439738,28.796501053456545,71.32601750838592,73.27605365291988,74.19751496428033,81.45174475126242,18.58997798198825,83.58431850585397,63.535136057337105,36.51660037962448,94.21061843125662,28.725785081046073,71.361571496127,96.13961214342021,68.45435887251186,31.55312411690709,34.43270488495727,65.65431654153095,18.25012590813672,81.726279457323,34.574474061134815,65.30796436973225,14.839489842600093,85.19787869082359,25.221513041803835,74.8236825437985,79.11999222284962,19.399871113146773,83.78954643128971,16.204656574962083,78.12657656289782,21.64987373382985,33.05013088615311,67.03910041770499,31.09645733735727,4.887590575716206,9.473099090329885,76.91032047943864,23.146756167885766,76.91783047516806,87.81369037295504,80.11385114202328,48.49014495603045,83.04220182177627,16.84270245359537,89.25091483209438,77.29137121232458,76.78753627832515,80.90505287669325,80.5050664444694,96.47943768489296,96.54423762918343,23.464187713047313,68.76812457926536,95.09798469718272,95.05561853608788,97.03029663784005,96.40728793578863,99.38488792684046,61.16999977436658,38.74470145626718,26.091067912355143,73.78142744181231,25.888747199970634,74.15046312871051,96.36514467885357,96.31813357615096,80.65512393748075
2.0035071233237383,0.0,2165700.0,7.0,59.5952710757243,7.818390436666723,42.4667140087998,11.346524260479887,15.948792754881165,31.940535928277843,2.604489301571283,28.548552780707478,71.293250726651,30.391307948856955,69.54300639125084,19.598427583491233,80.2190371199627,86.69721261779397,93.77019646890017,92.16908962397478,7.776918001191071,47.29698005201557,52.52564420175799,73.15743426908375,26.6680904438584,82.2983619279653,36.43068145476033,34.958173454246925,28.48881344534977,36.623908817415405,34.88576121038991,26.73641396941752,30.508135808298533,34.94992549880607,26.674229522834164,80.47692604575792,78.00703607517315,82.25400951230492,17.72669736088813,92.47535246756603,94.93384866050822,92.47664263740802,15.986413376229367,83.899026379302,52.204918340356286,47.658063118353084,93.88341568517819,55.62082979884054,44.3870161205283,84.64282395564736,35.7048914472959,64.29791984481135,35.68279838110484,64.27067452789348,96.53282282834839,88.39204443652415,91.19198415632636,8.802568863873745,92.46916010497654,7.654086161424918,92.87630777658038,38.19499123481097,61.62905028125883,72.48712320744617,27.31055695760094,81.43565471751678,14.969552220713025,85.10685073116974,14.926782565886041,83.9764154532916,16.01508886004697,90.47132597056232,94.53543162232585,85.69036170062526,14.233319595892766,66.87632449592796,33.17007876310699,59.147280327295114,72.74864374838367,18.50471443670255,18.446560895354825,72.80211531395852,83.78598363372872,59.122377495361945,40.941304440204824,26.899041673975226,73.04439505024692,68.75458177537858,31.261160401445682,62.49868216971315,35.14079818990299,90.62522459745752,90.70926110478158,22.921663187660524,77.08865682910854,61.958735976825324,38.13181547710445,67.07612590516442,32.84246634963362,41.3149787644599,58.61919545856574,22.326849532204474,50.668375351293825,15.593818281451027,75.50795898268463,16.51994661795772,18.250393426018956,33.897716531997105,26.70612893087328,93.669862635063,59.07560825103755,40.873172268288386,20.219741153485806,79.92085529580403,11.683985301944414,88.44101092408816,14.477942088558867,85.5801767045234,33.55532091137685,20.143902607119614,46.1073309232919,96.29686263597826,94.57904544264521,88.85685441400976,11.189931907020107,92.21928604105663,89.67091412391038,90.97891015216871,10.918629604363739,89.10204118019335,22.09794159566196,77.89104880144662,77.01820893268768,80.07237249803806,19.882703463853456,95.94166561078583,11.91294934877298,11.69501485867705,12.932559104079573,61.92333765111031,48.869236604883774,22.956022907333193,77.04404075560393,82.16144699964197,17.918537840191515,28.823920990563664,70.82041956135957,34.998973948734786,65.22173360142305,34.52872350724196,65.4357412527047,29.407806225821542,70.6751626322211,28.796451077204527,71.18493207154981,73.45221849402562,74.47164604632,81.37797155362297,18.62484020753297,83.574538223191,63.737691897827666,36.44569647012894,94.21284359263242,28.705940401944222,71.33085232329712,96.1670197781128,68.45977124544143,31.581560088320575,34.13075780480363,65.65426202605055,18.13346758978491,81.7374400444302,34.50541271049177,65.32841443655322,14.8190842913079,85.22071675365868,25.173728763642625,74.78814388450769,79.13437558011569,19.3127034789702,83.76886152060581,16.176997804138924,78.07238081894462,21.673443885570563,33.0013798545678,66.98157653836421,31.10102012652502,4.728466576928771,9.364880917111735,76.84266303551465,23.05932349802476,76.87893968844027,87.87406592607877,80.14145455204827,48.28443990460136,83.01778553771975,16.768316626241432,89.33369533641843,77.30148323581992,76.73436029063237,80.77076633860486,80.41479927446281,96.49350085010018,96.56978792936283,23.493361952480097,68.86341201032252,95.1089968589822,95.14394093026887,96.9781481403894,96.40099547036645,99.40799852891249,61.19845329675283,38.712688757292234,26.091539297370257,74.00108674903265,25.897021134773897,74.10505711013381,96.3747283914368,96.27155741813415,80.51073685314087
1.9905980480568453,1.0,7506.0,2.0,61.12751826223312,0.8388391413669429,70.81071313093554,6.706843602158687,25.908922220145488,21.377246721938768,3.1495522723024862,29.23407415719506,70.76592584280495,28.768004460791744,68.44360412553883,20.38452188489257,79.61547811510742,90.5641349320149,89.50580429316528,94.04077390575537,5.959226094244628,56.66904376978514,43.33095623021486,76.7145826597124,23.285417340287598,82.02902146582643,44.659369947843,33.029021465826425,22.331995539208258,44.659369947843,33.029021465826425,21.36889991618677,33.368004460791745,33.029021465826425,21.36889991618677,84.63586506798511,75.93095623021486,83.71741287949585,16.282587120504143,92.51264789532398,93.3630956230215,89.03973459676197,17.618164481292514,82.38183551870749,50.95922609424463,49.04077390575537,90.23006077481983,60.979613047122314,39.020386952877686,87.33496961259009,39.44181321474877,60.55818678525123,40.210713130935545,59.789286869064455,95.30773905755372,87.48244326690576,89.65729132985619,10.3427086701438,86.62425648165454,13.375743518345457,91.9427086701438,47.31160858633057,52.68839141366943,81.83600892158348,18.16399107841651,79.93110008381323,16.407739057553712,83.59226094244629,16.407739057553712,82.75148703669092,17.248512963309086,91.0718739895686,92.51651742410083,82.65446111007275,17.34553888992726,63.56026540323803,36.43973459676197,62.3468659061174,72.09702592661817,17.480652356115716,17.480652356115716,72.09702592661817,84.88839141366942,62.929165319424804,37.070834680575196,33.7291653194248,66.2708346805752,60.869795371581795,39.130204628418205,62.37961304712231,34.548512963309086,89.25148703669092,89.53303484820167,24.90193476438843,75.09806523561157,64.87097853417357,35.129021465826426,70.80684360215868,29.193156397841314,44.249696125900854,55.75030387409914,32.32142626187108,30.374560355753683,23.074848062950426,65.60297407338183,11.446578198920657,20.3427086701438,35.020386952877686,28.71071313093554,95.14181321474877,62.929165319424804,37.070834680575196,23.8427086701438,76.15729132985619,14.763095623021485,85.23690437697852,18.746578198920655,81.25342180107934,25.65535656546777,23.8427086701438,50.422321717266115,95.26309562302148,92.29122163345289,92.05446111007275,7.945538889927256,97.96309562302149,93.74077390575538,95.94077390575538,11.42619124604297,88.57380875395704,19.693156397841314,80.30684360215868,78.05342180107935,81.03883914136694,18.961160858633058,96.11264789532397,16.20297407338183,17.6562520208628,10.7562520208628,52.68839141366943,52.878573738128914,26.017412879495858,73.98258712050415,80.7552127118694,19.244787288130603,45.07484806295043,54.92515193704957,40.76323947661986,59.23676052338014,41.81949149748266,58.18050850251734,34.20401338237523,65.79598661762478,35.60684360215868,64.39315639784131,65.82203401006937,63.78914301546609,80.02038695287769,19.979613047122314,89.05252634568431,55.340630052157,44.659369947843,95.61651742410083,22.331995539208258,77.66800446079174,92.89613047122313,67.47961304712231,32.520386952877686,29.787208251077658,70.21279174892234,12.260121549639656,87.73987845036034,30.543747979137198,69.45625202086279,13.283482575899171,86.71651742410083,27.110713130935544,72.88928686906446,83.47871759172727,13.129021465826428,87.86413493201489,12.135865067985115,77.99419570683472,22.005804293165284,30.921426261871087,69.07857373812891,28.550447727697513,11.221426261871086,13.525295790647943,73.57767828273388,26.422321717266115,73.57767828273388,82.61443880611402,76.13973459676197,43.10952996834377,91.49523501582811,8.504764984171885,92.81264789532398,83.8572913298562,83.57380875395704,89.386456649281,88.96026540323803,97.66503038740991,93.06205631402808,25.674848062950428,60.94940841870411,92.49806523561156,92.33690437697851,95.47083468057521,97.0718739895686,99.57767828273388,56.21160858633057,43.78839141366943,32.12723055503637,67.87276944496364,31.19716978021654,68.80283021978346,96.65535656546777,96.61458265971241,76.87663897374048
1.5905811798861815,1.0,6805.0,1.0,56.166811961235084,0.8643078474092017,74.69075449612583,6.7218491007748336,25.58401310607755,17.198760545084703,3.09323340595643,30.6,69.4,29.4,67.2,21.2,78.8,91.4,89.2,94.0,6.0,58.3,41.7,77.0,23.0,80.5,46.8,31.5,21.7,46.8,31.5,20.9,34.0,31.5,20.9,83.8,74.3,82.8,17.2,92.9,93.2,88.0,13.5,86.5,51.0,49.0,89.7,61.0,39.0,87.6,40.4,59.6,40.7,59.3,94.9,86.3,89.8,10.2,86.4,13.6,91.8,46.7,53.3,83.1,16.9,80.4,16.0,84.0,16.0,83.2,16.8,91.5,92.7,84.0,16.0,64.6,35.4,66.2,71.2,18.5,18.5,71.2,85.5,63.5,36.5,34.3,65.7,59.3,40.7,62.4,34.1,89.7,89.9,24.8,75.2,66.4,33.6,71.5,28.5,46.9,53.1,33.3,27.5,24.4,66.5,11.1,20.2,35.0,29.2,96.1,63.5,36.5,23.7,76.3,14.6,85.4,18.4,81.6,25.9,23.7,50.3,95.1,91.7,93.4,6.6,97.8,93.7,95.9,11.1,88.9,19.0,81.0,78.4,81.1,18.9,96.5,17.1,16.8,9.9,53.3,51.9,25.1,74.9,78.9,21.1,46.4,53.6,42.7,57.3,42.9,57.1,36.1,63.9,36.3,63.7,61.5,61.2,80.0,20.0,90.5,53.2,46.8,95.8,21.7,78.3,93.1,67.5,32.5,27.3,72.7,11.2,88.8,31.4,68.6,13.1,86.9,27.6,72.4,84.6,11.6,88.7,11.3,78.3,21.7,31.9,68.1,28.0,12.2,14.3,73.7,26.3,73.7,80.8,75.1,40.5,92.8,7.2,93.2,84.0,83.9,90.1,90.0,97.4,91.9,27.0,59.4,92.6,92.5,94.9,97.5,99.7,55.6,44.4,32.8,67.2,32.4,67.6,96.9,96.9,76.0
5.1407454405591935,1.0,6198.0,1.0,35.48557410051309,1.592545594408066,67.25609556255539,11.795191366837695,12.673686102990617,26.724562034330205,0.21885949141744857,30.6,69.4,29.4,67.2,21.2,78.8,91.4,89.2,94.0,6.0,58.3,41.7,77.0,23.0,80.5,46.8,31.5,21.7,46.8,31.5,20.9,34.0,31.5,20.9,83.8,74.3,82.8,17.2,92.9,93.2,88.0,13.5,86.5,51.0,49.0,89.7,61.0,39.0,87.6,40.4,59.6,40.7,59.3,94.9,86.3,89.8,10.2,86.4,13.6,91.8,46.7,53.3,83.1,16.9,80.4,16.0,84.0,16.0,83.2,16.8,91.5,92.7,84.0,16.0,64.6,35.4,66.2,71.2,18.5,18.5,71.2,85.5,63.5,36.5,34.3,65.7,59.3,40.7,62.4,34.1,89.7,89.9,24.8,75.2,66.4,33.6,71.5,28.5,46.9,53.1,33.3,27.5,24.4,66.5,11.1,20.2,35.0,29.2,96.1,63.5,36.5,23.7,76.3,14.6,85.4,18.4,81.6,25.9,23.7,50.3,95.1,91.7,93.4,6.6,97.8,93.7,95.9,11.1,88.9,19.0,81.0,78.4,81.1,18.9,96.5,17.1,16.8,9.9,53.3,51.9,25.1,74.9,78.9,21.1,46.4,53.6,42.7,57.3,42.9,57.1,36.1,63.9,36.3,63.7,61.5,61.2,80.0,20.0,90.5,53.2,46.8,95.8,21.7,78.3,93.1,67.5,32.5,27.3,72.7,11.2,88.8,31.4,68.6,13.1,86.9,27.6,72.4,84.6,11.6,88.7,11.3,78.3,21.7,31.9,68.1,28.0,12.2,14.3,73.7,26.3,73.7,80.8,75.1,40.5,92.8,7.2,93.2,84.0,83.9,90.1,90.0,97.4,91.9,27.0,59.4,92.6,92.5,94.9,97.5,99.7,55.6,44.4,32.8,67.2,32.4,67.6,96.9,96.9,76.0
4.283719266788291,3.0,5996.0,1.0,44.080136965002986,4.6801369650029825,57.31954121228441,10.750462144274053,14.669722713435569,21.039726069994032,0.2,30.6,69.4,29.4,67.2,21.2,78.8,91.4,89.2,94.0,6.0,58.3,41.7,77.0,23.0,80.5,46.8,31.5,21.7,46.8,31.5,20.9,34.0,31.5,20.9,83.8,74.3,82.8,17.2,92.9,93.2,88.0,13.5,86.5,51.0,49.0,89.7,61.0,39.0,87.6,40.4,59.6,40.7,59.3,94.9,86.3,89.8,10.2,86.4,13.6,91.8,46.7,53.3,83.1,16.9,80.4,16.0,84.0,16.0,83.2,16.8,91.5,92.7,84.0,16.0,64.6,35.4,66.2,71.2,18.5,18.5,71.2,85.5,63.5,36.5,34.3,65.7,59.3,40.7,62.4,34.1,89.7,89.9,24.8,75.2,66.4,33.6,71.5,28.5,46.9,53.1,33.3,27.5,24.4,66.5,11.1,20.2,35.0,29.2,96.1,63.5,36.5,23.7,76.3,14.6,85.4,18.4,81.6,25.9,23.7,50.3,95.1,91.7,93.4,6.6,97.8,93.7,95.9,11.1,88.9,19.0,81.0,78.4,81.1,18.9,96.5,17.1,16.8,9.9,53.3,51.9,25.1,74.9,78.9,21.1,46.4,53.6,42.7,57.3,42.9,57.1,36.1,63.9,36.3,63.7,61.5,61.2,80.0,20.0,90.5,53.2,46.8,95.8,21.7,78.3,93.1,67.5,32.5,27.3,72.7,11.2,88.8,31.4,68.6,13.1,86.9,27.6,72.4,84.6,11.6,88.7,11.3,78.3,21.7,31.9,68.1,28.0,12.2,14.3,73.7,26.3,73.7,80.8,75.1,40.5,92.8,7.2,93.2,84.0,83.9,90.1,90.0,97.4,91.9,27.0,59.4,92.6,92.5,94.9,97.5,99.7,55.6,44.4,32.8,67.2,32.4,67.6,96.9,96.9,76.0
4.2194351504546415,3.0,5971.0,1.0,44.30153039469978,4.901530394699782,56.96744563734492,10.523733933138779,14.805759640116733,20.59693921060044,0.2,30.6,69.4,29.4,67.2,21.2,78.8,91.4,89.2,94.0,6.0,58.3,41.7,77.0,23.0,80.5,46.8,31.5,21.7,46.8,31.5,20.9,34.0,31.5,20.9,83.8,74.3,82.8,17.2,92.9,93.2,88.0,13.5,86.5,51.0,49.0,89.7,61.0,39.0,87.6,40.4,59.6,40.7,59.3,94.9,86.3,89.8,10.2,86.4,13.6,91.8,46.7,53.3,83.1,16.9,80.4,16.0,84.0,16.0,83.2,16.8,91.5,92.7,84.0,16.0,64.6,35.4,66.2,71.2,18.5,18.5,71.2,85.5,63.5,36.5,34.3,65.7,59.3,40.7,62.4,34.1,89.7,89.9,24.8,75.2,66.4,33.6,71.5,28.5,46.9,53.1,33.3,27.5,24.4,66.5,11.1,20.2,35.0,29.2,96.1,63.5,36.5,23.7,76.3,14.6,85.4,18.4,81.6,25.9,23.7,50.3,95.1,91.7,93.4,6.6,97.8,93.7,95.9,11.1,88.9,19.0,81.0,78.4,81.1,18.9,96.5,17.1,16.8,9.9,53.3,51.9,25.1,74.9,78.9,21.1,46.4,53.6,42.7,57.3,42.9,57.1,36.1,63.9,36.3,63.7,61.5,61.2,80.0,20.0,90.5,53.2,46.8,95.8,21.7,78.3,93.1,67.5,32.5,27.3,72.7,11.2,88.8,31.4,68.6,13.1,86.9,27.6,72.4,84.6,11.6,88.7,11.3,78.3,21.7,31.9,68.1,28.0,12.2,14.3,73.7,26.3,73.7,80.8,75.1,40.5,92.8,7.2,93.2,84.0,83.9,90.1,90.0,97.4,91.9,27.0,59.4,92.6,92.5,94.9,97.5,99.7,55.6,44.4,32.8,67.2,32.4,67.6,96.9,96.9,76.0
0.8700668531313516,3.0,6995.0,1.0,65.39471043106424,1.2374947899520592,70.4709367116395,7.3192947241418995,28.21114730722915,15.016578918504315,3.571605242953021,30.6,69.4,29.4,67.2,21.2,78.8,91.4,89.2,94.0,6.0,58.3,41.7,77.0,23.0,80.5,46.8,31.5,21.7,46.8,31.5,20.9,34.0,31.5,20.9,83.8,74.3,82.8,17.2,92.9,93.2,88.0,13.5,86.5,51.0,49.0,89.7,61.0,39.0,87.6,40.4,59.6,40.7,59.3,94.9,86.3,89.8,10.2,86.4,13.6,91.8,46.7,53.3,83.1,16.9,80.4,16.0,84.0,16.0,83.2,16.8,91.5,92.7,84.0,16.0,64.6,35.4,66.2,71.2,18.5,18.5,71.2,85.5,63.5,36.5,34.3,65.7,59.3,40.7,62.4,34.1,89.7,89.9,24.8,75.2,66.4,33.6,71.5,28.5,46.9,53.1,33.3,27.5,24.4,66.5,11.1,20.2,35.0,29.2,96.1,63.5,36.5,23.7,76.3,14.6,85.4,18.4,81.6,25.9,23.7,50.3,95.1,91.7,93.4,6.6,97.8,93.7,95.9,11.1,88.9,19.0,81.0,78.4,81.1,18.9,96.5,17.1,16.8,9.9,53.3,51.9,25.1,74.9,78.9,21.1,46.4,53.6,42.7,57.3,42.9,57.1,36.1,63.9,36.3,63.7,61.5,61.2,80.0,20.0,90.5,53.2,46.8,95.8,21.7,78.3,93.1,67.5,32.5,27.3,72.7,11.2,88.8,31.4,68.6,13.1,86.9,27.6,72.4,84.6,11.6,88.7,11.3,78.3,21.7,31.9,68.1,28.0,12.2,14.3,73.7,26.3,73.7,80.8,75.1,40.5,92.8,7.2,93.2,84.0,83.9,90.1,90.0,97.4,91.9,27.0,59.4,92.6,92.5,94.9,97.5,99.7,55.6,44.4,32.8,67.2,32.4,67.6,96.9,96.9,76.0
3.02566640316526,2.0,1577.0,7.0,48.079501185756335,4.339088142234006,63.299571146393276,3.8584177865476454,17.289750592878168,18.644076284670703,0.04216679841737003,22.787256521659817,77.21274347834019,22.692088932738226,75.24949328071413,16.543920553312418,83.45607944668758,88.32225256913871,68.76060039504942,94.5524162055392,5.447583794460795,51.35533913036428,48.64466086963572,77.63133280633052,22.36866719366948,84.76149644273102,41.27583794460795,37.02416205539205,21.7,41.27583794460795,37.02416205539205,19.95300079050422,33.92108339920868,37.02416205539205,19.95300079050422,86.24641462453077,73.7475837944608,79.80116916993003,20.19883083006997,90.13791897230398,95.72533122532208,91.94583003956575,22.417575889418593,77.58242411058141,45.08125494065138,54.91874505934862,90.72591581028709,60.52650039525211,39.47349960474789,83.18067035568636,41.82049881424367,58.17950118575633,41.883749011869725,58.116250988130275,97.42533122532208,91.74524545460073,88.30058458496502,11.699415415034984,81.34933754935584,18.65066245064416,91.01083399208684,51.11932964431364,48.88067035568636,82.94216679841738,17.057833201582632,84.42474664035707,12.290919762808196,87.70908023719181,12.290919762808196,85.40966482215681,14.59033517784318,91.10541699604343,96.80366324114839,84.39458300395657,15.605416996043425,66.57291501978287,33.427084980217124,69.51449723323523,62.04567430820747,26.154910276757555,26.154910276757555,62.04567430820747,61.66718656102287,56.16075612640771,43.83924387359229,34.93133280633052,65.06866719366948,51.724006324033766,48.275993675966234,67.21391264827021,30.154169960434253,91.35724861661761,91.39941541503498,25.983749011869726,74.01625098813028,73.58141067200967,26.418589327990336,77.49766166013994,22.50233833986006,52.81874505934862,47.18125494065138,34.01024940712183,24.3433359683474,29.213912648270213,61.44933754935584,14.809080237191804,19.174084189712904,31.36983636359951,27.858417786547644,93.25900237151266,56.16075612640771,43.83924387359229,25.830748221365504,74.16925177863449,14.678916600791315,85.32108339920869,17.45300079050422,82.54699920949578,25.347583794460796,25.830748221365504,48.800584584965016,95.33674980237394,93.59399841899156,92.9265003952521,7.07349960474789,94.09091976280818,94.64699920949579,94.47950118575633,10.074084189712906,89.9259158102871,16.869251778634496,83.13074822136551,82.50366324114837,73.83967272719903,26.16032727280098,95.39516758892158,16.78433359683474,13.564419367556086,19.448908695749115,48.88067035568636,40.77275928842459,24.310833992086852,75.68916600791316,83.63499604747891,16.3650039525211,47.82049881424367,52.17950118575633,38.67525335964294,61.32474664035706,38.71742015806031,61.28257984193969,35.468667193669475,64.53133280633052,35.510833992086845,64.48916600791316,57.94875296439083,57.88550276676477,82.52533122532208,17.47466877467792,83.39750592878165,58.72416205539205,41.27583794460795,96.19458300395657,21.7,78.3,93.88916600791315,73.26091185776599,26.739088142234007,54.28947747062972,45.71052252937028,11.83133280633052,88.16866719366948,23.82400632403376,76.17599367596624,14.757248616617614,85.24275138338238,22.865003952521104,77.13499604747891,86.09941541503498,12.54699920949578,88.46325019762607,11.536749802373945,80.11508181820024,19.33250197626055,26.84933754935584,73.15066245064416,28.552416205539203,5.965588537486116,8.539088142234007,75.98858142294813,24.011418577051863,75.98858142294813,87.19224466409652,84.33324229258385,53.36340592898434,86.96017154144269,13.03982845855731,94.46266561266104,85.97291501978287,85.9518316205742,89.38975059287817,89.36866719366948,96.9265003952521,87.40175375489505,29.52533122532208,51.82400632403376,97.49282924906153,97.47174584985284,96.24158221345235,96.78975059287816,99.38433359683474,59.38799683798312,40.61200316201688,36.58799683798312,63.41200316201688,36.50366324114838,63.49633675885162,93.66441936755608,93.66441936755608,73.00116916993004
5.031762298694469,2.0,6073.0,1.0,41.485345800241774,1.8438993538833488,62.13266657558175,13.25222659038984,13.084377286310065,26.540993812088242,0.19122012922333023,30.165396396554847,69.83460360344516,29.026855491991533,67.64777340961017,20.94099381208824,79.05900618791176,91.22879251985495,88.06300673442126,94.03072954771834,5.9692704522816555,57.91368568582653,42.08631431417347,77.03511948310668,22.96488051689332,80.73705651097008,46.49270452281655,31.80729547718344,21.7,46.49270452281655,31.80729547718344,20.84732077533998,33.99561006461167,31.80729547718344,20.84732077533998,83.93608799703838,74.26927045228166,82.63318245524327,17.366817544756724,92.74635226140829,93.34047793242672,88.21949676941675,13.996062698881842,86.00393730111816,50.67075484587488,49.32924515412512,89.75706916004836,60.97366038766999,39.02633961233001,87.35416361825324,40.47901883699003,59.52098116300997,40.765849030825024,59.234150969174976,95.04047793242673,86.60290554179511,89.71659122762163,10.283408772378362,86.11904413514657,13.880955864853433,91.75610064611665,46.94583638174676,53.05416361825324,83.09122012922333,16.90877987077667,80.62388670480509,15.79367303674826,84.20632696325174,15.79367303674826,83.32291819087338,16.677081809126623,91.47805032305833,92.92827664019342,84.02194967694167,15.978050323058326,64.70974838470836,35.29025161529162,66.38437728631007,70.69076749495315,18.925823732668484,18.925823732668484,70.69076749495315,84.17423951272286,63.09173600888486,36.90826399111514,34.33511948310667,65.66488051689332,58.87856620271985,41.12143379728015,62.66778605868843,33.88050323058326,89.79218864315503,89.98340877237837,24.865849030825025,75.13415096917498,66.79948412033848,33.20051587966152,71.83363508951345,28.16636491048655,47.22924515412512,52.77075484587488,33.33950941849501,27.324402584466604,24.667786058688428,66.21904413514656,11.306326963251738,20.142930839951646,34.79806297213659,29.125371098398308,95.94196232601993,63.09173600888486,36.90826399111514,23.81852825548504,76.18147174451495,14.604389935388335,85.39561006461167,18.34732077533998,81.65267922466002,25.869270452281654,23.81852825548504,50.216591227621635,95.113169806165,91.80535844932004,93.37366038767,6.626339612330009,97.59367303674826,93.75267922466003,95.82098116300998,11.042930839951646,88.95706916004836,18.881471744514958,81.11852825548505,78.62827664019342,80.69612594427318,19.30387405572681,96.43854090456331,17.082440258446663,16.62001264907827,10.431182181988522,53.05416361825324,51.28101911024478,25.056100646116654,74.94389935388335,79.1633961233001,20.836603876699908,46.47901883699003,53.52098116300997,42.47611329519492,57.52388670480508,42.66733342441825,57.33266657558175,36.064880516893325,63.935119483106675,36.25610064611665,63.74389935388335,61.30245290752493,61.015622713689936,80.14047793242672,19.859522067573284,90.10490581504986,53.50729547718345,46.49270452281655,95.82194967694167,21.7,78.3,93.14389935388334,67.82046528334844,32.17953471665155,28.80135790281053,71.19864209718946,11.23511948310668,88.76488051689331,30.978566202719847,69.02143379728014,13.192188643155031,86.80781135684498,27.336603876699908,72.6633961233001,84.68340877237836,11.652679224660018,88.686830193835,11.313169806165005,78.4009685139317,21.568301938349954,31.619044135146567,68.38095586485343,28.030729547718344,11.853195104321543,13.979534716651553,73.82730812626171,26.172691873738287,73.82730812626171,81.15558476645512,75.61362244043518,41.215559468298586,92.47514478126321,7.524855218736782,93.27023896621336,84.10974838470837,84.01413832009672,90.06049058150498,89.96488051689332,97.37366038767,91.64977368286492,27.140477932426716,58.97856620271985,92.87217599407676,92.7765659294651,94.9746289016017,97.46049058150498,99.68244025844666,55.810716898640074,44.189283101359926,33.01071689864007,66.98928310135993,32.62827664019341,67.37172335980658,96.72001264907827,96.72001264907827,75.83318245524327
5.036015314001545,3.0,38290.0,3.0,10.774123997933447,7.1469199770448055,79.40076902121655,9.96252919819541,13.994800252634608,18.121425824335976,0.900303525258927,24.0572949046233,75.98110523660013,28.625913893076156,69.83099313570013,17.982441403399722,81.92533503143153,89.27111250846697,73.9246298095534,87.52644792429464,12.38288872194368,55.6889621236989,44.247039595645774,68.60988303458957,31.479765198870652,85.09923406697177,38.412588246847704,36.12810762212224,25.477706366173717,38.42542076703219,36.14529572218892,24.136609211183007,27.597892911059425,36.199512672338535,24.127496306677614,77.4232794702471,71.87365690581112,90.21653550958855,9.781371496483699,91.99519050278484,88.80473770874728,82.68754397076418,25.04807965744578,74.92883122413481,61.014115450936984,38.80394303698508,95.36026060438255,46.81385389173027,53.33784835329996,83.31869370229452,39.558070600373895,60.44323197655317,38.59162870948726,61.39373063560119,92.96204322163835,89.59493165693831,90.9879188991387,9.045211442079074,82.66599011603273,17.302782941506685,91.06637863302676,55.153769875398524,44.59565225518983,75.14899850304252,24.99459170077806,79.14131686672971,19.88666015021787,80.11322187371424,19.947704629393687,87.36556083091062,12.619861768448438,90.96630211584417,94.38343280907202,82.51115155281236,17.536894309551478,70.96043021401479,28.970776738746125,64.31892102394107,69.68829720251964,21.38991782944938,21.302281265997728,69.7119545184641,85.08686224773388,62.377692768588744,37.56322082413161,32.179674982764865,67.80540103323413,54.92181601182401,44.80712751779127,50.79950812994314,48.67851877603744,87.22465550234858,87.15375236402332,20.963796992713327,79.06264241381244,74.65224070181944,25.42050577491398,82.16614179041093,17.97782774640794,56.733061944501934,43.1693254018189,25.05179152142408,53.28363143269364,23.428962352600678,61.52556285857397,17.81804994965681,13.663016764696357,30.90610995633039,30.222342772730865,97.07370335060078,62.396254892621016,37.55448732400404,17.15216901278674,82.80290957829702,16.54230752866449,83.57467086326034,23.002210026788465,76.95140738164913,31.65027130240452,17.125848788819866,51.04616772634282,90.10805244298257,87.21313702757472,82.94234055201917,16.983116518680337,94.6202392864017,95.30766315487301,94.9083884065722,10.806901205809734,89.21576363235988,19.754101993817482,80.19282885826563,83.93114410400518,71.43790740760801,28.558011060370955,94.59846809362533,25.699984091677354,14.760505646746989,14.451938094789309,44.74713074659703,56.38376683551345,28.10922741209272,71.94437811352519,84.64578054235514,15.185657312960869,35.101440837258785,64.54286329121207,30.380308203950502,69.92643147439856,30.313250585082564,69.91477472695259,29.05558788065732,71.06613429296384,28.92819489553205,71.22182360401777,72.42700279501786,72.20065746316709,78.37152791304078,21.601826424017645,81.48119257461173,61.6339836265356,38.54039840482377,91.9200905938158,25.298250948240955,74.5982853424984,99.2936189463009,61.14968851920253,38.8141946577837,32.11084499690759,68.05031518734914,16.050390679630127,83.9661719215309,29.28526648986419,70.73732725181632,11.361740564184865,88.65305196723955,21.68077570872419,78.21724113458264,84.76633916046993,14.658573794633279,88.94310989691948,10.97261764535949,76.03289034377084,23.86294970090675,35.777092176393246,64.4198113607904,23.91088519525887,14.305681952704445,10.857007944802849,73.10309494554913,26.917001245356946,73.12493809982388,82.33640479407899,78.85882715573328,46.76600823232784,87.17877367873544,12.924465840068748,95.32038368471706,77.26660992441893,77.51198929860209,80.72827891194557,80.94474839604473,93.08505419205608,93.4940791704998,27.69830583095384,55.11908617296744,87.35315299874401,87.34632238535633,93.12989895010928,94.01357454449287,96.99226958816301,52.17766480096925,47.956653143327486,26.943689607135305,73.080951909956,27.7609474491634,72.3139141552818,92.80344986909046,92.78316218568291,72.20759163479244
4.942887894660975,5.0,52954.0,4.0,10.132404466683267,7.4029098473571295,78.93162874632985,9.944831676614783,13.877978815997473,17.958193644402698,0.878129209942191,24.254233425513608,76.02399204294575,28.617800447958633,69.63338078480042,17.988717657548797,82.06376525318437,89.23921168840857,73.71602816884786,87.59383041536296,12.33341557643839,55.763662064523956,44.232749408759354,68.58578556169027,31.370639790123057,85.06671945029315,38.45388306321867,36.073050877273296,25.411980966712807,38.56073053158174,36.175673501378974,24.084894239860514,27.628773950079772,36.06556044242154,24.235411549013477,77.39724917475301,71.97323908571977,90.21191240475032,9.871050822456498,91.97308276301852,88.80979913804272,82.64997800268452,25.127280396852747,74.93555973723144,61.10697946499933,38.869181640505644,95.31021071539564,46.78314322492398,53.23823700741292,83.29882084798152,39.44142806115292,60.46315958073498,38.6391824574957,61.515928914678305,92.96582820050341,89.62528247243694,91.03117695316944,8.983014363930204,82.7166419022557,17.26082728018434,91.08203278492473,55.04456520570831,44.93563827136048,75.10122115550405,24.789916921612285,79.1715485385963,19.83499531922961,80.14278314189899,19.914223806451947,87.40903688403007,12.561200922149988,90.98502731408108,94.4468440526369,82.54926466407633,17.475602912431672,70.97994227353482,28.986480015274186,64.28685473858388,69.61140829461705,21.20153607939482,21.26219186921751,69.72621659121522,85.25579427753934,62.343367255696904,37.64833287182916,32.25791790173622,67.75412883488049,55.08419109717086,44.94567236529106,50.78065334385436,48.840692346189996,87.19239086279656,87.21348971726967,21.02919929519835,78.97538457034588,74.69057633107137,25.274233414511453,81.92649391469075,17.750080016709028,56.79878346947173,43.293604973304575,25.038395069448768,52.93835744690054,23.65294633982583,61.578848798183145,17.79147396112825,13.681253868125832,30.887319205566936,30.221099348770334,97.0445147787491,62.49641032651325,37.67521820457148,17.244382018355566,82.84006694097047,16.544638549628367,83.52746601768493,23.015790888643306,76.98186435316804,31.704894258364817,17.140712788309163,51.01114639831366,90.12476113120456,87.1896428728442,82.9431767084589,17.10683939500115,94.55619139481884,95.2840016917793,94.85778603141836,10.772371220323297,89.19059355598657,19.803229926806615,80.1809798438416,84.14484648992665,71.48521312657041,28.56052753935013,94.54495707513006,25.66985731932502,14.832560346491114,14.378428855196647,44.667404373528136,56.561614826121044,28.13132990523752,72.02092255388328,84.65625404432346,15.24014315302908,35.319332671685515,64.63092495481148,30.1764692298297,69.75423889154527,30.335036682193852,69.75925788605016,28.92904596767239,70.98776660347279,28.885201651316645,70.86080772405623,72.11560750082724,72.27846909016154,78.44939825763598,21.577182558573686,81.61471409196291,61.56321959591298,38.621432079966915,91.89117866330815,25.417785382464594,74.63947729645737,99.15295661571511,61.17424603528158,38.84175533821859,32.37772011759556,67.69254981055245,15.998107138544299,84.0159736569522,29.332249666408295,70.69807256639358,11.318414861382042,88.6622690439541,21.873132944345652,78.1555832024493,84.79556746002368,14.656775744189643,89.02219218475095,10.995562356427575,75.90651099365648,23.712996763079097,35.74086372407912,64.25596535524295,23.88932417581352,14.242184307749037,10.842271764589928,73.11706286871134,26.896561441255116,73.12067394742452,82.43685023260723,78.94772827604443,46.923975796336386,87.2779207640222,12.820522504039157,95.29708060802734,77.19487928789171,77.36411200506258,80.78136887771896,81.06166067513846,93.12252674930765,93.51387388371532,27.59543168754724,55.05068782064986,87.26979617930554,87.45077230660901,93.12288619024659,94.0133509905373,96.99958854197352,52.244830681487315,47.780841676032864,27.037578638809368,73.06619940091718,27.729709707182042,72.32965381932688,92.80296252626053,92.72430473626622,72.3425246941066
0.9200420902337114,3.0,8048.0,1.0,66.31122023393925,0.6332397994806415,68.0544175603478,8.066900501298397,26.59929849610481,15.955820568138181,2.143898830303742,30.6,69.4,29.4,67.2,21.2,78.8,91.4,89.2,94.0,6.0,58.3,41.7,77.0,23.0,80.5,46.8,31.5,21.7,46.8,31.5,20.9,34.0,31.5,20.9,83.8,74.3,82.8,17.2,92.9,93.2,88.0,13.5,86.5,51.0,49.0,89.7,61.0,39.0,87.6,40.4,59.6,40.7,59.3,94.9,86.3,89.8,10.2,86.4,13.6,91.8,46.7,53.3,83.1,16.9,80.4,16.0,84.0,16.0,83.2,16.8,91.5,92.7,84.0,16.0,64.6,35.4,66.2,71.2,18.5,18.5,71.2,85.5,63.5,36.5,34.3,65.7,59.3,40.7,62.4,34.1,89.7,89.9,24.8,75.2,66.4,33.6,71.5,28.5,46.9,53.1,33.3,27.5,24.4,66.5,11.1,20.2,35.0,29.2,96.1,63.5,36.5,23.7,76.3,14.6,85.4,18.4,81.6,25.9,23.7,50.3,95.1,91.7,93.4,6.6,97.8,93.7,95.9,11.1,88.9,19.0,81.0,78.4,81.1,18.9,96.5,17.1,16.8,9.9,53.3,51.9,25.1,74.9,78.9,21.1,46.4,53.6,42.7,57.3,42.9,57.1,36.1,63.9,36.3,63.7,61.5,61.2,80.0,20.0,90.5,53.2,46.8,95.8,21.7,78.3,93.1,67.5,32.5,27.3,72.7,11.2,88.8,31.4,68.6,13.1,86.9,27.6,72.4,84.6,11.6,88.7,11.3,78.3,21.7,31.9,68.1,28.0,12.2,14.3,73.7,26.3,73.7,80.8,75.1,40.5,92.8,7.2,93.2,84.0,83.9,90.1,90.0,97.4,91.9,27.0,59.4,92.6,92.5,94.9,97.5,99.7,55.6,44.4,32.8,67.2,32.4,67.6,96.9,96.9,76.0
0.8266889483934041,3.0,7277.0,1.0,66.06919356990882,0.8406912257924355,70.57840991380796,7.548271935518912,28.15518419344327,15.368041526921433,3.354032150455873,30.6,69.4,29.4,67.2,21.2,78.8,91.4,89.2,94.0,6.0,58.3,41.7,77.0,23.0,80.5,46.8,31.5,21.7,46.8,31.5,20.9,34.0,31.5,20.9,83.8,74.3,82.8,17.2,92.9,93.2,88.0,13.5,86.5,51.0,49.0,89.7,61.0,39.0,87.6,40.4,59.6,40.7,59.3,94.9,86.3,89.8,10.2,86.4,13.6,91.8,46.7,53.3,83.1,16.9,80.4,16.0,84.0,16.0,83.2,16.8,91.5,92.7,84.0,16.0,64.6,35.4,66.2,71.2,18.5,18.5,71.2,85.5,63.5,36.5,34.3,65.7,59.3,40.7,62.4,34.1,89.7,89.9,24.8,75.2,66.4,33.6,71.5,28.5,46.9,53.1,33.3,27.5,24.4,66.5,11.1,20.2,35.0,29.2,96.1,63.5,36.5,23.7,76.3,14.6,85.4,18.4,81.6,25.9,23.7,50.3,95.1,91.7,93.4,6.6,97.8,93.7,95.9,11.1,88.9,19.0,81.0,78.4,81.1,18.9,96.5,17.1,16.8,9.9,53.3,51.9,25.1,74.9,78.9,21.1,46.4,53.6,42.7,57.3,42.9,57.1,36.1,63.9,36.3,63.7,61.5,61.2,80.0,20.0,90.5,53.2,46.8,95.8,21.7,78.3,93.1,67.5,32.5,27.3,72.7,11.2,88.8,31.4,68.6,13.1,86.9,27.6,72.4,84.6,11.6,88.7,11.3,78.3,21.7,31.9,68.1,28.0,12.2,14.3,73.7,26.3,73.7,80.8,75.1,40.5,92.8,7.2,93.2,84.0,83.9,90.1,90.0,97.4,91.9,27.0,59.4,92.6,92.5,94.9,97.5,99.7,55.6,44.4,32.8,67.2,32.4,67.6,96.9,96.9,76.0
2.837504952868428,6.0,16053.0,0.0,49.61856701550122,3.356543628648653,57.22636671808568,11.088848051420717,19.077074207655055,18.920812311378057,0.7960518825331815,30.637185409260457,69.37852214082122,29.394403944445877,67.16603751406417,21.146672471015474,78.77389955652114,91.39268467852726,89.15716349966488,94.02834524596611,6.0422864905476095,58.41825966476453,41.72764801649382,76.98360316501203,23.065932831758882,80.5948602112045,46.913526649661264,31.44152507261155,21.730458074534308,46.87889326580679,31.542485483060318,20.90065045374437,33.96472159104661,31.595392492303016,20.92711892957263,83.80239336205968,74.2652259781236,82.7922092710789,17.139169635702466,92.89235581196728,93.1826635997303,87.93681690114343,13.590162595675015,86.51091901295439,50.99823383865488,49.06328819499225,89.59780788714939,60.970349154263985,38.99146531899302,87.66155001265443,40.41383312732483,59.56685852173623,40.72547586551509,59.35736257081887,94.90763702491681,86.34393473272253,89.79301418743107,10.215704587536553,86.44636719764914,13.621470658210871,91.80237844057514,46.79115356187557,53.20141752258468,83.05231829721473,16.780230577312313,80.49029892928264,16.06493074097564,83.91472629197105,15.973628840595893,83.18965516493019,16.83973429931358,91.50612093336316,92.77825263028654,83.99651319804849,15.8751019402169,64.66694632911678,35.34120968265394,66.09272762978777,71.1714040017439,18.474476013392017,18.449326897293624,71.15178846877434,85.3865400866121,63.51427894543089,36.516256527802284,34.362299809150876,65.70076977596185,59.20529891095121,40.665614566166774,62.41238558704045,34.04836122350193,89.69744401844959,89.89340028279253,24.84280199872954,75.2212432878993,66.38090518763744,33.68229808299891,71.43770153270079,28.58212955680304,46.99615963330649,53.10285037119992,33.42465888943841,27.588443588957432,24.275984893274906,66.57712715986776,11.153440861988333,20.203839715509854,34.97951975102113,29.167890488322765,96.11464378604148,63.5571456980858,36.542325782389334,23.743533696707253,76.33835392277153,14.659307191874126,85.42227304203215,18.55665661352835,81.64972973023829,25.926906773980566,23.612728072584666,50.30662936817211,95.06438813404745,91.69703420091307,93.31632584564969,6.671043655341783,97.80599934842367,93.68027907945542,95.87274573414213,11.097081764400961,88.90971214281036,18.99573040887316,80.9849339576547,78.39374989533492,81.17776278997016,18.81597156909822,96.51436579394324,17.06068732265871,16.835905953189172,9.913172549839707,53.21611707270881,51.8430717996909,25.119171657610934,74.91159068555942,78.94208566920537,21.111090519767036,46.350259798003236,53.8413953152506,42.52947144859866,57.32511708652965,42.848271521744294,57.152663778284335,36.06878704798028,63.80808412370735,36.26896027759858,63.711343439812474,61.5025375280687,61.216849474563304,79.98921577766973,19.966732412028378,90.37410625445321,53.327060155213324,46.68686417911274,95.80052345981136,21.70787689304877,78.23244426657126,93.14675604979557,67.47835371805223,32.38156222053615,27.124710263920317,72.87114109877098,11.165974766270844,88.89571128710607,31.273452296817457,68.58657320293234,13.115393154511207,86.9320749554139,27.630033012914485,72.45643463147813,84.63072095194545,11.609446040369082,88.70318852216609,11.342716711518847,78.25627432553425,21.76866511672278,31.829743163067295,68.10969936767442,28.017799255692605,12.211973334391939,14.346340998366058,73.72048545153115,26.36795375601699,73.68502057697403,80.88366455711977,75.17163273441126,40.588787072772774,92.72697481754008,7.130802251846523,93.18855976886668,84.00647496665104,83.84134462572791,90.04077098620105,90.04531667239777,97.44423606555156,91.87998770373429,27.01099859772162,59.44492461983322,92.54762592181844,92.51031305371906,94.89603358330938,97.49094932921219,99.71041860332984,55.53946485659876,44.38740990501306,32.91519962146905,67.20945202974299,32.41707527037823,67.59445020515236,96.87872934046823,96.91682390131695,76.03059478829032
2.8833195337860555,4.0,19560.0,0.0,49.640727052092146,3.474324871751618,57.254964511678835,10.894492724788497,19.073905515348642,18.666653028114204,0.7908465656516672,30.626437484761027,69.40369581179114,29.426354827409277,67.2480209170744,21.19610649105865,78.88466195561831,91.3994172442674,89.36676743622654,93.9599242851211,5.977982529205635,58.44263141522284,41.702217829499915,77.03030252768718,23.00153076837307,80.49474013730176,46.79336956651812,31.44859029101198,21.668658288801943,46.68800542402345,31.43465354005152,20.88982996706541,34.04074184852576,31.471006988197207,20.91723809706821,83.74579488533813,74.19129449213833,82.90065170265778,17.118590426981246,92.90133361831029,93.25822056864956,88.09625013531071,13.542540579000141,86.58746594107953,50.93145739204824,48.97771793377894,89.71743040329198,61.066860872679065,39.10665936170262,87.625294672348,40.403402485047536,59.612255619797025,40.69314656889016,59.263752101529775,94.8898894082,86.29277063584261,89.84188220676543,10.20343691223572,86.36339531426388,13.666848355368815,91.80888687331299,46.64648935888282,53.423572166642046,83.14103299856464,17.009441375384515,80.42747980793034,16.02983857317484,84.04456656253056,16.002860867797718,83.19421264204203,16.791865636067662,91.47307941181727,92.72666468816773,84.01411545810274,16.00124923403975,64.55929051817385,35.38416308623307,66.26984212586922,71.25459696901657,18.600461794744387,18.57222081849038,71.17339198753906,85.70249636583205,63.57012714681933,36.50129034906189,34.29378736386356,65.77773427631219,59.256678678647354,40.85773795639505,62.46807203555515,33.88943803038602,89.70369702630968,89.90508761983068,24.779198048305314,75.21807977983808,66.30902271282974,33.495702661890654,71.486350028519,28.32322643976931,46.80391563463696,53.04589269485535,33.16703078569353,27.62170393240209,24.51583924744652,66.44577158855004,11.18411215303825,20.175897678776277,35.05208023519524,29.20499090224886,96.12545589753061,63.45230959920219,36.53013392469472,23.719379807159356,76.25759212794172,14.590338454759019,85.41315327015893,18.368491760017708,81.53712574270162,25.95212360367494,23.68474079144325,50.218542557297006,95.09961180535922,91.73786907564744,93.35923863599864,6.682598327413093,97.81450017870847,93.71410458185329,95.91498699106023,11.07419049812703,88.94455805840666,19.030481233971116,80.934069293862,78.41258560076139,81.04599380262101,18.989085294695432,96.48655898412314,17.068681748458555,16.80021554102898,9.809614824746339,53.363177612748785,51.9006357904939,25.098248322347974,74.88028593490019,78.87003352692082,21.108567668639132,46.48900746439733,53.3529842475304,42.61524533279024,57.39658192930857,42.829852639753156,56.95590510450434,35.99079424686506,63.826367481234016,36.285207181490435,63.70281343019861,61.746182148331656,61.471755600677085,80.01000448533848,19.969496813643783,90.56388245858768,53.07020425195316,46.79277632324134,95.75049981233758,21.558121264377814,78.45734676998379,93.11730481139097,67.54605470719174,32.465705151743364,27.265806958806795,72.54263143369973,11.254842378794686,88.665857379106,31.37473566579586,68.52303442460082,13.101057190054364,86.88338866009448,27.69819452898813,72.39482850954722,84.57090812641445,11.626951572516061,88.65740686135682,11.275577663537986,78.2676738784676,21.767521635401152,31.82319187122685,68.08627394051757,27.975416109585176,12.196866665620286,14.364343467197545,73.74314868551356,26.306629717977078,73.69706483815752,80.69218887913078,75.11727070257197,40.61999939337909,92.82182762658235,7.267802686755438,93.18324395192683,83.93670462673968,83.91685741727126,90.20909002311804,89.93209974979676,97.42579209427942,91.82706881574838,26.965978533802716,59.3101951241372,92.69125020196981,92.52825437797087,94.88476580863872,97.4879230759605,99.69899083117505,55.62484708749691,44.431486007387896,32.87803960575688,67.1944468453144,32.37601260427419,67.50476615355724,96.92344636467767,96.85682309345182,75.95489069590774
4.563135671673737,4.0,6599.0,1.0,43.58396166701766,1.5088291093718886,59.898200126931734,13.154054580072291,14.99279077638955,24.088471081025716,0.21819818066425695,30.6,69.4,29.4,67.2,21.2,78.8,91.4,89.2,94.0,6.0,58.3,41.7,77.0,23.0,80.5,46.8,31.5,21.7,46.8,31.5,20.9,34.0,31.5,20.9,83.8,74.3,82.8,17.2,92.9,93.2,88.0,13.5,86.5,51.0,49.0,89.7,61.0,39.0,87.6,40.4,59.6,40.7,59.3,94.9,86.3,89.8,10.2,86.4,13.6,91.8,46.7,53.3,83.1,16.9,80.4,16.0,84.0,16.0,83.2,16.8,91.5,92.7,84.0,16.0,64.6,35.4,66.2,71.2,18.5,18.5,71.2,85.5,63.5,36.5,34.3,65.7,59.3,40.7,62.4,34.1,89.7,89.9,24.8,75.2,66.4,33.6,71.5,28.5,46.9,53.1,33.3,27.5,24.4,66.5,11.1,20.2,35.0,29.2,96.1,63.5,36.5,23.7,76.3,14.6,85.4,18.4,81.6,25.9,23.7,50.3,95.1,91.7,93.4,6.6,97.8,93.7,95.9,11.1,88.9,19.0,81.0,78.4,81.1,18.9,96.5,17.1,16.8,9.9,53.3,51.9,25.1,74.9,78.9,21.1,46.4,53.6,42.7,57.3,42.9,57.1,36.1,63.9,36.3,63.7,61.5,61.2,80.0,20.0,90.5,53.2,46.8,95.8,21.7,78.3,93.1,67.5,32.5,27.3,72.7,11.2,88.8,31.4,68.6,13.1,86.9,27.6,72.4,84.6,11.6,88.7,11.3,78.3,21.7,31.9,68.1,28.0,12.2,14.3,73.7,26.3,73.7,80.8,75.1,40.5,92.8,7.2,93.2,84.0,83.9,90.1,90.0,97.4,91.9,27.0,59.4,92.6,92.5,94.9,97.5,99.7,55.6,44.4,32.8,67.2,32.4,67.6,96.9,96.9,76.0
2.794731889685197,4.0,8060.0,2.0,52.342853918305806,0.26416872398997354,53.78759257954881,9.625173873167943,22.956203710225594,17.290172815157778,0.41229526698245367,29.525173873167944,70.47482612683206,28.902692389077703,68.1785730408471,20.558312760100264,79.44168723989974,90.74227057910278,89.4406327149624,94.03208436199499,5.967915638005013,57.01662552020053,42.98337447979947,76.77540946603509,23.224590533964907,81.70316357481201,45.11557099526319,32.703163574812,22.197307610922294,45.11557099526319,32.703163574812,21.268970162942345,33.50269238907771,32.703163574812,21.268970162942345,84.45772942089722,75.58337447979947,83.5218981448872,16.478101855112797,92.59519856104762,93.32833744797995,88.81815123087216,16.740520561493664,83.25947943850633,50.96791563800501,49.03208436199499,90.11709670593483,60.983957819002505,39.016042180997495,87.39145164703258,39.64601749311781,60.35398250688219,40.31498765606016,59.68501234393984,95.22084361994987,87.23044649785462,89.68770473301754,10.312295266982453,86.57646399097243,13.423536009027572,91.91229526698245,47.18126542992481,52.81873457007519,82.10538477815541,17.89461522184459,80.03102983705766,16.32084361994987,83.67915638005013,16.32084361994987,82.84707201805514,17.152927981944856,91.16311419905264,92.55562037102256,82.94121605416544,17.058783945834563,63.78184876912783,36.21815123087216,63.168027791473754,71.9058559638897,17.69789095012533,17.69789095012533,71.9058559638897,85.0187345700752,63.050818932070186,36.949181067929814,33.85081893207018,66.14918106792982,60.53524793680699,39.46475206319301,62.383957819002504,34.45292798194485,89.34707201805514,89.61124074204513,24.880210904987468,75.11978909501254,65.196836425188,34.803163574812004,70.95456584608523,29.045434153914776,44.814516470325856,55.18548352967414,32.529975312120314,29.76194752064657,23.357258235162927,65.7941440361103,11.372717076957388,20.312295266982453,35.016042180997495,28.814987656060158,95.34601749311781,63.050818932070186,36.949181067929814,23.812295266982453,76.18770473301754,14.728337447979946,85.27166255202006,18.672717076957387,81.3272829230426,25.707493828030078,23.812295266982453,50.39625308598496,95.22833744797994,92.1652232489273,92.34121605416544,7.658783945834562,97.92833744797994,93.73208436199499,95.932084361995,11.356674895959893,88.64332510404012,19.545434153914776,80.45456584608523,78.12728292304261,81.05187345700752,18.94812654299248,96.19519856104762,16.39414403611029,17.473771601894722,10.573771601894723,52.81873457007519,52.67002468787968,25.821898144887204,74.1781018551128,80.3598384707719,19.640161529228102,45.35725823516293,54.64274176483707,41.17599280523813,58.82400719476187,42.04976440713285,57.95023559286715,34.60807716723312,65.39192283276688,35.75456584608522,64.24543415391477,64.9009423714686,63.23735698668166,80.01604218099749,19.983957819002505,89.36100514917797,54.88442900473681,45.11557099526319,95.65562037102256,22.197307610922294,77.8026923890777,92.93957819002506,67.48395781900251,32.516042180997495,29.257146081694195,70.74285391830581,12.034193411869655,87.96580658813033,30.726228398105278,69.27377160189472,13.24437962897744,86.75562037102256,27.21498765606016,72.78501234393984,83.71768004513785,12.803163574812004,88.04227057910278,11.957729420897229,78.0593672850376,21.9406327149624,31.129975312120315,68.87002468787968,28.433138886932323,11.429975312120318,13.690397122095252,73.60374691401505,26.39625308598496,73.60374691401505,82.2277541087769,75.91815123087216,42.55339916767915,91.77330041616042,8.226699583839576,92.89519856104762,83.88770473301754,83.64332510404012,89.53852366508772,89.18184876912784,97.60854835296742,92.81440431685712,25.95725823516293,60.619205755809496,92.51978909501253,92.37166255202006,95.34918106792982,97.16311419905264,99.60374691401505,56.081265429924805,43.918734570075195,32.270608027082716,67.72939197291728,31.45351132114789,68.5464886788521,96.70749382803008,96.67540946603509,76.68981378289222
2.6177077769883046,6.0,37663.0,3.0,24.081556913457423,7.284862337170156,69.14154082074123,12.121357270301433,15.043105780556745,23.18738528097513,0.7757285459397135,26.244279500418386,73.75572049958161,32.31087425512766,67.22970858162411,19.822139750209192,80.17786024979081,91.44445500450009,79.25302205169496,88.04349702051063,11.956502979489375,55.40056674403557,44.59943325596443,71.55223957178718,28.447760428212813,85.43766865299293,39.93105780556745,28.657676699351015,31.44097407670565,39.93105780556745,28.657676699351015,29.684079857262397,30.788343264964585,28.657676699351015,29.684079857262397,84.18077443354966,79.2658122748015,86.97494606603196,13.025053933968046,90.26019964315599,93.9460199643156,88.16019964315599,20.05437127563828,79.94562872436173,51.97572854593971,48.02427145406029,97.05106585192554,56.86019964315599,43.13980035684401,87.79164868867731,34.85611173953549,65.14388826046451,34.94523748440784,65.05476251559216,93.66524553076594,90.24310578055675,90.46485429081206,9.535145709187942,89.33262276538296,10.667377234617032,91.63553694914182,43.14484624445396,56.85515375554604,75.0539800356844,24.9460199643156,83.03009982157799,14.129317341670234,85.87068265832977,14.129317341670234,84.30039123995388,15.69960876004612,90.7438882604645,95.14641120426947,83.73884237285456,16.261157627145444,63.94467074037227,36.05532925962773,59.570682658329766,71.29456287243617,19.170291418375886,19.170291418375886,71.29456287243617,88.62970858162412,61.43766865299292,38.56233134700708,28.177860249790808,71.82213975020919,64.130099821578,35.86990017842201,56.96350506686872,40.658243443386596,90.09456287243617,90.26485429081205,24.201740463897213,75.79825953610278,61.22931734167024,38.77068265832976,66.44019159679789,33.55980840320211,45.31183223911711,54.68816776088289,24.08699404102125,41.000782479907755,19.367768474570912,70.2380598929468,10.422530990163072,16.84019159679789,34.31087425512766,31.029708581624114,93.67281436218086,61.43766865299292,38.56233134700708,15.62757687777302,84.37242312222698,9.021748510255312,90.9782514897447,12.048542908120574,87.95145709187942,33.38699404102125,15.62757687777302,51.05028337201779,94.19495411239005,92.00582836751771,89.60252294380497,10.397477056195026,96.10756883141492,94.45106585192555,95.32931734167023,10.356502979489376,89.64349702051062,20.07281436218086,79.92718563781915,85.68503784125186,73.33671066900345,26.663289330996538,93.75437127563828,17.253197555776644,8.651848331833307,16.80465464765607,56.85515375554604,47.45223957178719,26.21261471902487,73.78738528097513,84.9079600713688,15.092039928631198,32.275728545939714,67.72427145406029,34.834363229280186,65.16563677071981,34.36950893846812,65.63049106153187,31.58329737735464,68.41670262264536,31.153588795730524,68.84641120426947,69.88699404102125,70.34641120426947,81.87651102584746,18.123488974152526,82.37281436218086,60.06894219443255,39.93105780556745,91.05980840320211,31.44097407670565,68.55902592329436,97.79708581624115,62.58951698482622,37.410483015173774,25.843105780556744,74.15689421944326,16.948542908120572,83.05145709187943,30.502914183758854,69.49708581624115,15.62640315791138,84.37359684208862,24.04562872436172,75.95437127563828,85.38873450491846,13.85980840320211,88.16990017842201,11.830099821577994,73.78486233717015,26.115137662829845,27.96019964315599,72.03980035684401,26.580774433549664,10.564463050858178,10.0460199643156,78.49164868867732,21.50835131132268,78.49164868867732,84.46272258696096,78.1598084032021,48.793389152574534,85.84854290812058,14.151457091879427,92.26950893846812,83.05863468334047,82.92348897415253,85.07494606603196,84.93980035684402,94.9079600713688,96.17572854593972,25.102522943804974,64.230099821578,94.64058283675178,94.8,95.00039123995388,96.1460199643156,99.57825148974469,54.75554499549992,45.24445500450008,27.269508938468128,72.73049106153188,27.30465464765607,72.69534535234394,97.92427145406027,97.95941716324823,83.92096603034756
1.9602254070649414,5.0,34812.0,6.0,30.884119682418287,12.634248537997875,59.903704821707905,10.351088063293867,15.552616758414036,26.91305675952641,1.0255440316469338,32.351813438823115,67.6481865611769,32.29049217405814,67.11240932805885,22.7766320949408,77.22336790505919,83.42924885335484,89.46277201582346,90.14601043458914,9.853989565410847,44.2854924894151,55.7145075105849,77.0,23.0,83.91603620570507,33.398627193003186,33.95253881435236,32.5612433207033,33.398627193003186,33.95253881435236,30.184611225762495,26.642383556942928,33.95253881435236,30.184611225762495,82.48613992088266,69.21974102741298,82.53722798417654,17.462772015823468,94.56422276688195,94.25108806329388,92.11676158123431,20.94520711499823,79.05479288500177,52.13867873523502,47.86132126476498,94.60507762870472,61.35036268776462,38.64963731223538,86.46132126476498,32.07888616559021,67.92111383440978,31.853342133943283,68.14665786605673,95.86349739135271,89.01531083017584,90.32554403164694,9.674455968353065,89.99121754958738,10.00878245041262,93.81458545464658,37.67816079006097,62.32183920993903,75.65479288500177,24.345207114998228,84.69194292511662,12.146010434589153,87.85398956541086,12.146010434589153,86.26567351794046,13.734326482059554,94.30290150211698,97.34230561288125,89.16784964452819,10.832150355471818,71.6948444272336,28.305155572766395,62.60878245041262,71.11240932805885,19.200725375529245,19.200725375529245,71.11240932805885,88.12772015823467,60.784689169824176,39.215310830175824,26.154067509472526,73.84593249052747,65.51893770782205,34.48106229217795,64.85253881435236,33.3116839525296,89.87518134388232,90.16277201582346,19.106606323824884,80.89339367617512,59.65551826053102,40.34448173946898,65.19347162023679,34.80652837976321,36.47671003900248,63.52328996099752,27.956969011589507,43.52909296523148,21.071554466236087,70.96712426899893,15.391942925116625,15.38251304323644,34.737227984176535,30.689041422999644,93.12191715400071,60.784689169824176,39.215310830175824,19.583238418765685,80.41676158123431,10.39564774682453,89.60435225317548,12.268652964119106,87.73134703588089,35.184611225762495,19.583238418765685,45.21974102741297,96.23867873523503,94.24012948629351,89.10805707488338,10.891942925116625,93.42046640294221,92.82409328058844,93.18468916982417,9.085414545353421,90.91458545464658,19.087590671941157,80.91240932805884,76.99854924894152,82.76422276688196,17.235777233118043,95.79927462447075,12.632875731001063,12.332875731001062,11.914585454646579,62.32183920993903,52.77590671941155,21.246010434589152,78.75398956541085,83.36712426899894,16.632875731001064,34.31248727212052,65.68751272787948,31.663575335414393,68.3364246645856,31.338031303767455,68.66196869623253,29.53069960441333,70.46930039558667,29.29274624470755,70.70725375529246,71.57292727323289,71.71088063293868,86.13134703588089,13.868652964119105,82.52924885335484,66.6013728069968,33.398627193003186,93.52264252952996,32.5612433207033,67.4387566792967,96.07808284599929,64.95987051370648,35.04012948629351,25.285414545353422,74.71458545464658,15.667124268998938,84.33287573100107,31.75036268776462,68.24963731223538,11.961321264764978,88.03867873523502,22.78251304323644,77.21748695676357,82.84818656117689,15.453989565410847,86.24746118564765,13.752538814352357,80.13940411076427,19.773005217294575,32.425544031646936,67.57445596835306,25.109507825941865,8.608782450412619,10.971554466236086,76.59049217405814,23.409507825941866,76.59049217405814,87.01893770782205,79.6547149409401,41.2883160474704,86.14310893247217,13.856891067527828,88.29492237129529,78.74455968353067,78.5569690115895,81.77888616559021,81.59129549364907,94.42191715400071,95.92917090929316,24.37227984176533,65.61893770782206,94.61458545464659,94.51458545464658,97.0897667985289,96.7116839525296,98.9116839525296,62.87002577111592,37.12997422888408,23.865751462002127,76.13424853799788,23.903704821707905,76.0962951782921,97.51313470358808,97.60072537552925,79.41603620570507
1.5950887752741347,54.0,176016.0,9.0,63.608385649122546,4.493790405519021,47.99556591100171,14.012983697551139,22.0971774570541,17.646854212901935,1.8016935257675397,20.718064274853756,79.28193572514624,20.930483463815715,77.37685514784363,15.31072566319442,84.68927433680558,87.49887098282164,63.4546753534353,94.69717745705411,5.3028225429459,49.50451606871344,50.49548393128656,77.78758081103804,22.212419188961956,85.91185468037278,39.7802421993787,38.5028225429459,21.717499766264577,39.7802421993787,38.5028225429459,19.719757800621295,33.8830647423246,38.5028225429459,19.719757800621295,86.9056450858918,73.64911224725864,79.04685421290193,20.953145787098066,89.40903213742689,96.38645179385969,93.00056450858918,24.850241264437013,75.14975873556298,43.541209127010134,56.458790872989866,91.00733861165934,60.4028225429459,39.5971774570541,82.02427386933473,42.16330694170331,57.83669305829669,42.17798416502198,57.82201583497802,98.09322589692984,93.19379040551902,87.90677410307016,12.093225896929841,80.04233814418849,19.957661855811505,90.80959664601606,52.28532277668132,47.71467722331868,82.8661294846492,17.133870515350797,85.45822636440069,11.337822075475056,88.66217792452495,11.337822075475056,85.971774570541,14.028225429458995,90.99096786257311,97.86556497606003,84.45991989016822,15.540080109831775,67.05709734722232,32.942902652777676,70.26959851589945,59.69032137426879,28.11701723739055,28.11701723739055,59.69032137426879,55.453546336256935,54.236693058296694,45.763306941703306,35.079677690789524,64.92032230921048,49.79765998592813,50.20234001407187,68.46500046747084,29.140644618420957,91.77572613066526,91.77911318220033,26.2943549141082,73.7056450858918,75.40629157419613,24.593708425803868,79.0379040551902,20.96209594480979,54.28427573921812,45.71572426078188,34.16782301041675,23.602176054641568,30.42887191776333,60.1112901717836,15.783064742324603,18.911290171783598,30.426531903691455,27.49604843987574,92.49379040551902,54.236693058296694,45.763306941703306,26.3887098282164,73.6112901717836,14.703951560124258,85.29604843987573,17.216370749086217,82.78362925091378,25.1971774570541,26.3887098282164,48.4141127147295,95.4028225429459,94.10282254294589,92.7661294846492,7.233870515350795,93.13104797240489,94.8943549141082,94.1112901717836,9.816370749086218,90.18362925091378,16.334435023939974,83.66556497606003,83.56104890734657,71.95024126443703,28.04975873556299,95.0971774570541,16.677419656432804,12.746854212901933,21.955403821454787,47.71467722331868,37.906692123355,24.131047972404897,75.86895202759511,84.91749976626458,15.082500233735422,48.15314578709807,51.84685421290193,37.57516162207609,62.42483837792391,37.6,62.4,35.252016769919706,64.7479832300803,35.286451793859676,64.71354820614032,57.14507870741924,57.095401951571404,83.18250023373542,16.81749976626458,81.51072566319442,60.2197578006213,39.7802421993787,96.29209687975148,21.717499766264577,78.28250023373542,94.0887098282164,74.75822636440068,25.241773635599312,61.37580811038042,38.62419188961958,12.024838377923917,87.97516162207609,21.830483463815717,78.16951653618429,15.19322589692984,84.80677410307015,21.62032230921048,78.37967769078953,86.45822636440069,12.835564041118335,88.37854867361116,11.621451326388836,80.57854867361115,18.725402886513095,25.50903213742688,74.49096786257311,28.7112901717836,4.317499766264578,7.0197578006212975,76.5802421993787,23.419757800621294,76.5802421993787,88.90451606871345,86.76274243311413,56.7802421993787,85.4056450858918,14.5943549141082,94.7802421993787,86.48193572514624,86.47629063925444,89.18532277668132,89.17572613066527,96.81072566319442,86.26435397916651,30.145242666849548,49.897095477338944,98.76217792452495,98.75991989016822,96.60620959448097,96.59322589692984,99.29887098282164,60.38983884539476,39.61016115460524,37.554274804276425,62.445725195723575,37.53733954660103,62.46266045339897,92.81637074908622,92.81524173190786,72.24572519572358
1.8768613264212246,6.0,152667.0,5.0,53.92850842943766,6.912648701670671,51.14547459063347,14.23730970836105,20.992554694315103,17.99551618060175,1.6813451458194753,24.61561018795732,75.38438981204268,24.26188753511487,73.36573495786216,17.63354546555032,82.36645453444967,89.04251310434682,73.54386907758531,94.42313867357878,5.576861326421224,52.980542389295394,47.019457610704606,77.4835870555186,22.5164129444814,83.76421262475056,42.568613264212246,35.73138673578775,21.7,42.568613264212246,35.73138673578775,20.1746194167221,33.93955161806017,35.73138673578775,20.1746194167221,85.67389984013458,73.87686132642122,80.50296148628665,19.497038513713353,90.78430663210612,95.13434822207441,91.02241909699126,20.33066715920023,79.66933284079977,46.46637135451312,53.53362864548688,90.48582896521772,60.63730970836105,39.36269029163895,84.2148906113698,41.48807087491685,58.51192912508315,41.60672572909738,58.39327427090262,96.8343482220744,90.47093835384793,88.65148074314332,11.348519256856676,82.5313035558512,17.468696444148804,91.19551618060174,50.0851093886302,49.9148906113698,82.97910323612035,17.02089676387965,83.48286747893108,13.158926048828222,86.84107395117178,13.158926048828222,84.89255469431511,15.107445305684898,91.19775809030088,95.8433158608709,84.30224190969912,15.697758090300875,66.11120954849562,33.88879045150437,68.73883204147266,64.1879876949803,24.36349304816303,24.36349304816303,64.1879876949803,67.24458865417283,57.87830047959627,42.12169952040373,34.7835870555186,65.2164129444814,53.496955333776796,46.503044666223204,66.08735129832932,31.077580903008748,90.96941602073633,91.04851925685668,25.706725729097375,74.29327427090263,71.90080275652409,28.09919724347592,76.0940770274267,23.905922972573293,51.43362864548688,48.56637135451312,33.84403543745842,25.082064722406997,28.087351298329327,62.6313035558512,13.941073951171777,19.414171034782274,32.21937443076805,28.172377507022972,93.92385825016629,57.87830047959627,42.12169952040373,25.332106312375274,74.66789368762471,14.660448381939824,85.33955161806017,17.6746194167221,82.32538058327789,25.476861326421222,25.332106312375274,49.151480743143324,95.28134514581947,93.1507611665558,93.03730970836105,6.962690291638951,94.95892604882822,94.4253805832779,94.81192912508315,10.314171034782275,89.68582896521772,17.367893687624722,82.63210631237529,81.5433158608709,75.53874886153609,24.461251138463904,95.65372265284245,16.8582064722407,14.321616340467173,17.21425421471883,49.9148906113698,43.37677814648467,24.49551618060175,75.50448381939826,82.5269029163895,17.473097083610497,47.48807087491685,52.51192912508315,39.617132521068925,60.382867478931075,39.69623575718927,60.30376424281073,35.6164129444814,64.3835870555186,35.69551618060175,64.30448381939826,58.77982281270787,58.66116795852735,81.9343482220744,18.0656517779256,85.05964562541574,57.431386735787754,42.568613264212246,96.10224190969912,21.7,78.3,93.70448381939825,71.91273188160723,28.08726811839277,47.97334662342017,52.02665337657983,11.6835870555186,88.3164129444814,25.596955333776794,74.40304466622321,14.369416020736326,85.63058397926368,23.973097083610497,76.0269029163895,85.74851925685667,12.325380583277902,88.51865485418053,11.481345145819475,79.69031278461597,19.886548541805247,28.031303555851196,71.9686964441488,28.423138673578777,7.42457782675382,9.887268118392772,75.45300307625493,24.546996923745073,75.45300307625493,85.69631893712584,82.17246068695952,50.35308625619148,88.32681973645295,11.673180263547055,94.1671741110372,85.51120954849563,85.47165793043546,89.55596456254158,89.5164129444814,97.03730970836105,88.45444222942997,28.9343482220744,53.59695533377679,96.34779968026915,96.30824806220897,95.92762249297702,96.95596456254157,99.4582064722407,58.5015223331116,41.4984776668884,35.701522333111605,64.2984776668884,35.543315860870905,64.4566841391291,94.42161634046717,94.42161634046717,73.70296148628665
3.3838493680480974,53.0,11597.0,1.0,56.65085077238566,4.070097612626144,47.64359831479493,15.352998595662438,25.903403089542635,10.456847963710535,0.2452998595662438,30.6,69.4,29.4,67.2,21.2,78.8,91.4,89.2,94.0,6.0,58.3,41.7,77.0,23.0,80.5,46.8,31.5,21.7,46.8,31.5,20.9,34.0,31.5,20.9,83.8,74.3,82.8,17.2,92.9,93.2,88.0,13.5,86.5,51.0,49.0,89.7,61.0,39.0,87.6,40.4,59.6,40.7,59.3,94.9,86.3,89.8,10.2,86.4,13.6,91.8,46.7,53.3,83.1,16.9,80.4,16.0,84.0,16.0,83.2,16.8,91.5,92.7,84.0,16.0,64.6,35.4,66.2,71.2,18.5,18.5,71.2,85.5,63.5,36.5,34.3,65.7,59.3,40.7,62.4,34.1,89.7,89.9,24.8,75.2,66.4,33.6,71.5,28.5,46.9,53.1,33.3,27.5,24.4,66.5,11.1,20.2,35.0,29.2,96.1,63.5,36.5,23.7,76.3,14.6,85.4,18.4,81.6,25.9,23.7,50.3,95.1,91.7,93.4,6.6,97.8,93.7,95.9,11.1,88.9,19.0,81.0,78.4,81.1,18.9,96.5,17.1,16.8,9.9,53.3,51.9,25.1,74.9,78.9,21.1,46.4,53.6,42.7,57.3,42.9,57.1,36.1,63.9,36.3,63.7,61.5,61.2,80.0,20.0,90.5,53.2,46.8,95.8,21.7,78.3,93.1,67.5,32.5,27.3,72.7,11.2,88.8,31.4,68.6,13.1,86.9,27.6,72.4,84.6,11.6,88.7,11.3,78.3,21.7,31.9,68.1,28.0,12.2,14.3,73.7,26.3,73.7,80.8,75.1,40.5,92.8,7.2,93.2,84.0,83.9,90.1,90.0,97.4,91.9,27.0,59.4,92.6,92.5,94.9,97.5,99.7,55.6,44.4,32.8,67.2,32.4,67.6,96.9,96.9,76.0
5.529363730669788,12.0,10300.0,6.0,48.043639410087465,3.2464379855133956,60.48345952148199,9.59656557592177,18.480280278220512,31.269972799206656,0.7396946243757316,26.806743361137663,73.19325663886234,27.644911107392055,70.65356201448661,18.935369170828455,81.06463082917153,89.07875340009917,90.04923656093933,94.11323154145857,5.886768458541423,53.77073834165691,46.22926165834309,76.20737920978996,23.79262079021004,84.74618280469664,40.855344073424696,35.746182804696645,23.455088892607947,40.855344073424696,35.746182804696645,22.202162726773636,32.244911107392056,35.746182804696645,22.202162726773636,86.12124659990083,78.82926165834309,85.34770968281798,14.652290317182013,91.82430035614352,93.65292616583432,90.88740430719372,24.936385687316296,75.0636143126837,50.88676845854142,49.11323154145858,91.1720100389615,60.94338422927071,39.05661577072929,86.86399498051924,37.739058775723436,62.260941224276564,39.34122150249707,60.65877849750293,96.03231541458578,89.58371470229874,89.40368960489498,10.59631039510502,87.02277347802217,12.977226521977826,92.19631039510502,48.39847312187866,51.60152687812134,79.5898222147841,20.410177785215893,79.09783727322636,17.132315414585772,82.86768458541422,17.132315414585772,81.95445304395565,18.045546956044348,90.31106881468494,92.1904580634364,80.26335913186696,19.736640868133048,61.71259569280628,38.28740430719372,55.49961933216446,73.69109391208869,15.66921146353557,15.66921146353557,73.69109391208869,83.80152687812134,61.91475841957992,38.08524158042008,32.714758419579915,67.28524158042008,63.65941434615522,36.34058565384478,62.34338422927071,35.345546956044345,88.45445304395565,88.8809161268728,25.083078853646445,74.91692114635356,62.153817195303354,37.846182804696646,69.57506379520419,30.424936204795813,39.53994980519248,60.460050194807515,30.582443004994147,35.482823672829696,20.719974902596242,64.0089060879113,12.062468102397906,20.596310395105018,35.05661577072929,27.841221502497074,93.43905877572344,61.91475841957992,38.08524158042008,24.096310395105018,75.90368960489498,15.05292616583431,84.94707383416569,19.362468102397905,80.63753189760209,25.220610751248536,24.096310395105018,50.63969462437573,95.55292616583431,93.34185735114937,89.66335913186695,10.336640868133047,98.25292616583431,93.81323154145858,96.01323154145858,12.005852331668617,87.99414766833138,20.924936204795813,79.07506379520419,77.4375318976021,80.93015268781213,19.069847312187864,95.42430035614352,14.608906087911302,19.177862370630123,12.277862370630121,51.60152687812134,54.617556995005856,27.64770968281799,72.35229031718202,84.05203513636526,15.947964863634738,42.71997490259624,57.28002509740376,37.32150178071758,62.67849821928242,39.899364151347704,60.100635848652296,30.834733322176163,69.16526667782384,34.375063795204184,65.62493620479582,73.50254339460918,68.39020288261966,80.05661577072928,19.94338422927071,86.48028027822052,59.144655926575304,40.855344073424696,95.2904580634364,23.455088892607947,76.54491110739205,92.5338422927071,67.44338422927072,32.55661577072929,34.20712402897321,65.79287597102679,14.144020077923006,85.85597992207698,29.02213762936988,70.97786237063012,13.609541936563597,86.3904580634364,26.241221502497073,73.75877849750293,81.48613260988913,15.846182804696646,86.37875340009917,13.621246599900832,77.45076343906067,22.549236560939327,29.18244300499415,70.81755699500586,29.52862580969079,9.482443004994147,12.148600712287035,73.36030537562426,26.639694624375732,73.36030537562426,85.83880359490668,77.98740430719371,47.74681865334894,89.17659067332553,10.82340932667447,92.12430035614352,83.60368960489498,82.99414766833138,88.11844802447489,87.11259569280628,98.13600501948076,95.12709893156945,23.319974902596243,63.70279857542593,92.31692114635355,92.04707383416569,96.48524158042008,96.31106881468494,99.36030537562426,57.29847312187866,42.70152687812134,30.931679565933475,69.06832043406652,29.059669526971973,70.94033047302803,96.22061075124854,96.10737920978997,78.4344781413594
3.4018181510291416,27.0,12434.0,3.0,18.499998306602787,11.059740457669804,70.16839920673092,15.931168787184488,19.916450099158634,19.88549816171505,1.61103901601939,25.352164263915977,74.64783573608403,28.754112524789658,69.21839836003232,18.616450099158634,81.38354990084136,89.70454537757286,76.76666610220093,88.83290019831726,11.167099801682731,56.28160163996768,43.71839836003232,70.21818151029142,29.781818489708584,84.21385298245946,40.09891744469271,35.213852982459464,24.687229572847826,40.09891744469271,35.213852982459464,23.483549900841368,28.83290019831727,35.213852982459464,23.483549900841368,78.63290019831727,72.44307350877027,88.77445914569566,11.225540854304343,92.17337659038837,89.64761888634312,83.72099547673149,22.86536839054995,77.13463160945005,59.15432937453056,40.84567062546944,94.30194826087369,49.53549731501644,50.46450268498356,84.1283548207444,39.673376590388365,60.326623409611635,39.00454537757285,60.99545462242715,93.36601724637543,88.96428583524265,90.76883121281551,9.231168787184489,83.41277042715217,16.58722957284783,91.23484845919094,53.56255442410988,46.43744557589012,76.64112524789658,23.35887475210341,79.43116878718449,19.148701441650413,80.85129855834958,19.148701441650413,86.5909092448543,13.409090755145709,91.09632032799354,94.07251088482198,82.78896098398062,17.21103901601939,69.76709980168273,30.232900198317267,64.58528131197414,69.90822504957931,20.760606163236194,20.760606163236194,69.90822504957931,85.25779219679612,62.61190472158578,37.38809527841422,32.604545377572855,67.39545462242714,55.90909075514571,44.09090924485429,53.034631609450045,45.96818235699002,87.68160163996768,87.7201297711651,21.73203449275088,78.26796550724912,73.020346620906,26.979653379094,80.05800904653702,19.941990953462977,54.892857505727974,45.107142494272026,26.679653379094002,48.168399206730925,23.673376590388365,62.463203279935364,16.5900435392879,14.952164263915977,31.689826689547,30.007359344012926,96.90735934401292,62.61190472158578,37.38809527841422,18.452164263915975,81.54783573608402,16.13398275362456,83.86601724637543,22.113852982459463,77.88614701754054,30.66342012967627,18.452164263915975,50.865151540809045,91.06320327993537,88.06688295194184,85.00346282226556,14.996537177734437,95.21645009915864,94.99177495042068,95.09264065598708,10.857792196796122,89.14220780320389,19.64588747521034,80.35411252478966,82.92121232647239,73.26861436307462,26.73138563692539,94.96601724637543,23.96255442410988,15.185281311974148,13.53311704805817,46.43744557589012,55.533117048058166,27.52207803203878,72.47792196796122,83.58268419527498,16.417315804725025,37.357575347055224,62.642424652944776,32.608008199838416,67.39199180016158,32.64653633103583,67.35346366896417,30.367748657508223,69.63225134249178,30.406276788705636,69.59372321129436,70.2194809153396,70.16168871854349,78.70822504957933,21.291774950420685,83.23376590388366,59.90108255530729,40.09891744469271,92.6512985583496,24.687229572847826,75.31277042715216,98.02489199847885,62.33290019831727,37.66709980168273,31.175324851262047,68.82467514873795,15.075324851262048,84.92467514873795,29.704545377572856,70.29545462242714,11.646753180776733,88.35324681922327,22.917315804725025,77.08268419527498,84.76147186880259,14.102813966440072,88.94220780320389,11.057792196796122,76.44307350877027,23.395454622427145,34.967965507249126,65.03203449275088,24.689826689547,13.814718688025852,11.554978230356049,73.21558439359224,26.784415606407755,73.21558439359224,82.09177495042069,78.16796550724912,45.586363867281435,88.19805173912631,11.801948260873683,94.89545462242714,78.5099564607121,78.65216426391598,82.59155810067978,82.73376590388366,93.92835482074442,93.19177495042068,27.484415606407758,55.92835482074442,88.40173141113279,88.38246734553408,93.44675318077672,94.67424229595476,97.5201297711651,52.85497823035605,47.14502176964395,28.117315804725024,71.88268419527498,28.605411083139245,71.39458891686076,93.589826689547,93.589826689547,73.09350636155347
2.2474138369348715,19.0,8591.0,1.0,47.20050973645021,2.090020897902516,54.74357191002024,11.494126427690134,23.589991043756065,13.440605269718858,0.5541204568608427,29.567635644002827,70.43236435599718,29.27293977156958,67.59706321384508,20.691759086278314,79.30824091372168,91.06646690037014,86.7540906027144,92.98351817255663,7.0164818274433705,57.90293678615493,42.09706321384507,75.66586760148057,24.334132398519422,81.23059631347492,45.48175013003438,32.23059631347492,22.287653556490696,45.48175013003438,32.23059631347492,21.408240913721684,32.98351817255663,32.23059631347492,21.408240913721684,82.78351817255663,73.93470184326253,83.9753071129814,16.024692887018603,92.75705724301578,92.50116874363269,87.15822598664846,15.34237331224111,84.65762668775889,52.60413538393407,47.39586461606593,90.60530412756675,58.74468094536002,41.25531905463998,86.91705127218648,40.25705724301577,59.74294275698423,40.36646690037015,59.63353309962985,94.59823195747775,86.82412344227548,89.99059034264563,10.009409657354368,85.81234644350931,14.187653556490698,91.68882230012338,48.05001492707323,51.94998507292677,81.82939771569578,18.170602284304213,80.20940965735437,16.619418613598302,83.3805813864017,16.619418613598302,83.86706619925971,16.13293380074029,91.42058735723099,92.97000298541465,83.76176207169296,16.23823792830704,65.61648182744337,34.38351817255663,65.88234942892394,70.94587954313916,18.944710799506474,18.944710799506474,70.94587954313916,85.45235241433859,63.32529218590817,36.67470781409183,33.96646690037014,66.03353309962986,58.63293380074029,41.36706619925971,60.55762668775889,36.43473169740899,89.30293678615493,89.47117172904733,24.1964639149555,75.8035360850445,67.70236734141182,32.297632658588185,73.18354802670308,26.816451973296918,48.472370326826464,51.527629673173536,31.99763265858818,31.565927309773482,24.257057243015776,65.70587357230987,12.18001194165858,19.167635644002825,34.34881632929409,29.358825285538025,96.25882528553802,63.32529218590817,36.67470781409183,22.667635644002825,77.33236435599717,14.90176804252225,85.09823195747775,19.13059631347492,80.86940368652508,26.837069184674355,22.667635644002825,50.41117769987662,94.30587357230986,90.98528621507889,91.74821703040453,8.251782969595476,97.29175908627832,93.95412045686085,95.74117471446198,11.052352414338593,88.94764758566141,19.127060228430423,80.87293977156958,79.28942159901295,79.55939473028114,20.44060526971886,96.19823195747774,18.450014927073227,16.482349428923946,10.61471378492112,51.94998507292677,52.61471378492112,25.57647585661408,74.42352414338592,79.82118665612056,20.178813343879447,44.6211568019741,55.3788431980259,40.71468393077467,59.28531606922533,40.88291887366706,59.11708112633294,34.97234047268001,65.02765952731998,35.1405754155724,64.8594245844276,63.215313083810685,62.962960669472096,79.74587954313915,20.254120456860843,89.07057243015777,54.51824986996562,45.48175013003438,95.1805813864017,22.287653556490696,77.7123464435093,94.06883424178196,66.48351817255663,33.51648182744337,28.06236137058253,71.93763862941748,11.962361370582528,88.03763862941747,31.066466900370145,68.93353309962986,12.814114486031553,87.18588551396846,26.678813343879447,73.32118665612056,84.6317650571076,12.092358385167882,88.74764758566141,11.252352414338592,77.93470184326253,22.033533099629857,32.5035360850445,67.4964639149555,27.348816329294092,12.517650571076052,13.75999402917071,73.60470482867719,26.395295171322815,73.60470482867719,81.05412045686084,75.7035360850445,41.50059929888957,91.89469587243325,8.105304127566752,93.53353309962986,82.91998805834142,82.86763564400283,88.62292484449635,88.57057243015777,96.7170512721865,92.15412045686085,27.095295171322817,58.71705127218648,91.77410851520226,91.68999104375607,94.61411448603155,96.94411150061691,99.27117172904732,55.05999402917071,44.94000597082929,31.878813343879443,68.12118665612056,31.653521157971273,68.34647884202872,96.2488163292941,96.2488163292941,75.42822897206311
2.136752584576965,53.0,332927.0,1.0,35.91669677835672,7.375943404044829,62.82624593940914,11.192285000324864,13.726410046213786,33.80923286389814,0.8909873512354638,30.520628501282815,69.39630604799429,29.41061756781159,67.19722693898085,21.191595172875797,78.78784288179436,91.40398555494237,89.303757502764,94.0185019585912,5.870220323528161,58.483206609315125,41.59420215394892,76.85171529936495,23.17567279177189,80.55873824653362,46.88878794956333,31.428722772718807,21.717860900992157,46.77812871440109,31.474621840695335,20.870781442375325,33.98825482633489,31.44556949238338,20.899707603775777,83.80026998724037,74.18150047873094,82.79569769521893,17.133265785005715,92.87720411464524,93.16343392448486,88.0149066551586,13.395549246492017,86.4298825005213,50.94471863881621,48.968233398639015,89.68376168359318,60.9487809634443,39.08359739469871,87.65158864486348,40.45266256272112,59.619358388638446,40.808432614874775,59.21345320314357,94.9383609560831,86.28287006523826,89.78731806165582,10.209111395106746,86.4274028695665,13.586080131264312,91.79871914558211,46.81531190973357,53.24860096550488,83.17133985029832,16.77546042110916,80.43871446597743,15.986083995489981,84.04069347900912,16.027181016059686,83.2135835909412,16.811675520632885,91.45234675516858,92.7229564234376,83.98297621334865,15.996371155562453,64.58562380918026,35.54867557876362,66.24231902055777,71.37566014678886,18.545129163940683,18.518341259195864,71.22181416810524,85.49431069619878,63.474154516992094,36.431795208658706,34.28288640232822,65.73899115056952,59.11223646684341,40.69049132322283,62.35581148543072,34.010255324386456,89.70897012591556,89.88950985261235,24.788969784969446,75.13462205872753,66.44694749990917,33.37607842946823,71.52648425892437,28.450596941160367,46.89373137020597,52.98301765914012,33.33893461257997,27.25245332381125,24.44543681327138,66.51276037431158,11.147017196830328,20.253288188121978,35.02219167289251,29.155173583317893,96.11800709487707,63.511783392851896,36.537240382804896,23.73777778929112,76.27038605119807,14.598297054136527,85.37571031323569,18.47124916509615,81.63186882766269,25.821946636097408,23.640070358690387,50.25016381975069,95.11567373380338,91.63747346310977,93.33999749065343,6.546607676230937,97.77807762481228,93.66284389183073,95.88001501186389,11.091640407922508,88.90148694755825,18.993155144880696,81.0287546650609,78.47268677216606,81.02838151056724,18.89662538770283,96.48682889470652,17.13449340895451,16.80623626107775,9.920609288682826,53.134694717636684,52.049134292723735,25.139800026948514,74.86779585916985,78.96207245461166,21.071234350578298,46.434266452701046,53.67427115298523,42.769620472826055,57.23503324043675,42.823039405644685,57.109521926792496,36.17180369308226,63.68832037797542,36.111058524037894,63.66690448087992,61.48233981414133,61.12345894799265,80.05822220720042,19.97965561916335,90.44870190469784,53.15730716440113,46.67000648991971,95.76887000068363,21.792310361498235,78.36525614156093,93.14501217228211,67.42291281465846,32.43465394940559,27.28397232436429,72.72035662669482,11.21824666761964,88.72110047067606,31.43656403981073,68.63954436845194,13.122801761521337,86.9073246033106,27.73148708812939,72.38618925210807,84.6085424932595,11.641339746604805,88.76177060792907,11.334106130512481,78.31127897815342,21.673400184676627,31.86244993675564,68.08678877097896,27.91665441335181,12.271500576814386,14.317196901829554,73.7119620176063,26.28062994749204,73.67661032728432,80.93522472441342,75.10088931446643,40.39630599099207,92.80331085921324,7.2520435545256765,93.18543134289658,84.0154686431598,83.84935765942402,90.15670663717765,90.11173430817102,97.40381047865351,91.99820373301833,27.056009949559275,59.606649116047265,92.61765020522249,92.5296549717472,94.89846142560403,97.51321295728505,99.71011367958954,55.441946961047485,44.34569083395642,32.82576518526512,67.20940502055699,32.4320724118389,67.59649726104355,96.87369321188801,96.93664992740261,75.91025430849801
2.059874374642014,53.0,322428.0,0.0,36.205428824689086,7.431815469491448,62.90086612664393,11.18792676675395,13.524695429151565,33.50805755322159,0.8721276871049415,30.653518537654534,69.32715867619906,29.44725228996116,67.23396003679167,21.182385061560346,78.80720428390428,91.32415419564472,89.39856321469495,94.03625213624842,5.986982921585328,58.27253500518241,41.613985473285574,77.01434250929846,22.941326525921575,80.55632948320986,46.97308829141993,31.43024226310624,21.684678960663348,46.845100835845216,31.52696861472766,20.949270862768774,33.99797333221524,31.429219134609884,20.756432834566983,83.79228473414165,74.34310910893105,82.76914129875428,17.22343580023329,92.90621270614668,93.23859748208768,88.08712802396082,13.391817321081797,86.26644233961744,51.06455050697623,49.07538636354191,89.84238479187611,61.228694887600554,38.94112132727412,87.66809778669275,40.41858492850451,59.611551459813015,40.61680019555173,59.26019231132555,94.87277326762901,86.36975220714852,89.73902059229363,10.189647553309426,86.3722000871585,13.734131639203193,91.79903523595848,46.76038722128342,53.208145359348244,83.04126153935074,16.8502666849759,80.43999273347644,15.967698582879382,83.96990954312723,15.93237195246296,83.14928716914129,16.790877915341664,91.51007536466206,92.76148840982786,84.0432050386658,16.066682003961553,64.71189321572713,35.35324909590159,66.0047048177812,71.1969703690697,18.50304947478983,18.56386013395846,71.18997561589778,85.59112577689078,63.5468183374597,36.54907255080262,34.39422818289067,65.74419054075503,59.16464584455555,40.46739412726675,62.42606151416866,33.95514662703994,89.70882367775548,89.93322916307682,24.81666975210153,75.1481486867236,66.3273828892568,33.682437228490684,71.49070195441591,28.476526273822994,46.83936039302852,53.31479933536419,33.21800197628265,27.1641885790778,24.317803140441576,66.5868109848999,11.113916860875205,20.176255508158533,34.99014067671739,29.234817637256114,96.12143238160381,63.53625465647937,36.48611909067954,23.67134284524386,76.30019260231958,14.61898789855881,85.39605532034079,18.406182241129358,81.4971231224131,26.071202830923305,23.73956293542203,50.302054727205395,95.076822581528,91.68200775448355,93.4676434575571,6.73241759240857,97.77262327000406,93.71854555792888,95.90067134260893,11.125461019421842,88.8932674271645,19.014652310687772,80.99973012506628,78.28657472128857,80.93218528827764,18.810010094092227,96.50647675796115,17.048570313552784,16.779571658544757,9.897737018306723,53.26845886791225,51.913637108770914,25.014818323330747,74.83764196962665,78.91334867960502,21.075805146030227,46.3966253545215,53.74396070086335,42.612860045432264,57.25953464742635,43.062186068460434,57.20702251561716,36.311613226817244,64.02110974366353,36.245659029490945,63.77557606741239,61.519344391097434,61.07901801531177,80.00624060208447,20.061690688211147,90.44666467638159,53.122927939855394,46.95062721561925,95.76149730200663,21.648121939827227,78.34411474759224,93.07330280610513,67.53653310048085,32.461508290537424,27.33680551704051,72.50692449295448,11.120353181200372,88.68895442263238,31.439336616618967,68.56242658394994,13.086982810223827,86.88387897219428,27.661331007424895,72.48296424101365,84.60022739947416,11.506863773550034,88.73881968008874,11.312065174403044,78.35479111914665,21.625915018594284,31.944353719087708,68.11792300357774,27.9694567258678,12.203277211644366,14.319419033346293,73.7366938718011,26.25461310056928,73.6441628221527,80.79101694350385,75.09216771230454,40.45681248073857,92.84298182158906,7.147907725958804,93.24381406261699,84.0847899483959,83.8600534405586,90.06650343518278,89.9719926327322,97.37478711129225,91.87516752030854,27.09340985776712,59.139575779727224,92.62245667317815,92.44320134083287,94.85143594793696,97.51733996781202,99.70144628613143,55.56693349176083,44.27450234454689,32.811101451319594,67.21054453011581,32.38031970289075,67.60432758083216,96.84350703258718,96.89486064323914,75.99811090636253
0.7320994997705543,58.0,233674.0,10.0,82.56701861558278,3.520262654784047,29.026537908716193,16.268848264857873,21.46881538351549,25.73417152814074,2.08054067450192,23.871829467777257,76.07408190256724,26.268632555902112,73.29233190104303,17.240613679661088,82.81101648964034,87.37238210238762,90.32614599991818,94.21957976313598,5.802795536622623,50.282548020531756,49.605766336896345,75.54189297351628,24.51402797224671,88.09748575939548,36.17988746053957,39.03702615439528,24.76701272520425,36.01987503183326,38.938417778821645,23.224782677760054,30.886232340107036,39.013276704592435,23.137492858224796,87.84952048004385,82.35322132411315,87.21078135711704,12.727858095528852,90.93065720829955,93.96265400592127,93.01779223680359,33.49404272192026,66.28271201264367,50.808734548072756,49.18967353087195,92.2642014347644,60.99337499448687,39.07168094503094,86.29968409125931,35.596463270359514,64.43529560699464,38.35405842380331,61.65759894942299,96.89876601411954,92.0957822186751,89.11580178463657,10.904183839929896,87.59329068983273,12.456691794663126,92.49849892767789,49.55009563161425,50.23233237388901,77.0439257718728,23.06275251104285,78.02844733190621,18.112818175098862,82.0247024158942,17.944335409437812,80.95471537738285,18.94173128350339,89.34932263267662,91.83764830881742,77.36049435036483,22.53860963103249,59.39290025750258,40.46707051421968,47.2628293472449,75.5727092208386,13.539536014779735,13.514071469205765,75.55907927763052,82.54302658677427,60.685746461993254,39.30726944663184,31.496370253390964,68.53384815372429,66.97521195213689,33.007448801044205,62.32146515050131,36.21898970757278,87.52653966408722,88.10087709011525,25.30582417226327,74.62712556294001,58.91621663002983,41.09587774349115,68.27791922380922,31.848609555681627,33.87954567348396,66.07519648426936,28.437940362082387,41.60340932247485,17.86230249212021,62.19641159163745,12.827993382664037,20.856500579866882,35.04457694576066,26.802622605219394,91.37238064822104,60.755572741841085,39.2524139977126,24.31177253571296,75.68637719991064,15.43688718267266,84.59822951901778,20.149953528159518,79.86677680409394,24.62346043785838,24.424129949122705,50.90438862782152,95.94367506731795,94.52095423641077,86.8542030531117,13.207749832110096,98.62129857387023,93.88606524949058,96.0850839419943,12.716846263479365,87.31275686233226,22.456879583531684,77.60078972166569,76.79656322246984,80.74277773872137,19.325408791820134,94.6086670409389,12.673907904649592,20.9653928892205,14.171161629243043,50.16003172636462,56.57823869498544,29.486079756887953,70.37700645007484,87.99927679803923,11.951598343112286,39.803418015290944,60.24798391226298,33.27810273434422,66.72547138437558,37.611604888446976,62.48107762311677,26.7509764569322,73.09433307836323,32.805398959562304,67.01057406837053,82.63699354943168,73.93544992530573,80.06757320954986,19.826896156785104,83.37201240855119,63.47321368422432,36.24955660549219,94.92805984578986,24.96828076307423,75.25033594139863,92.10115361079677,67.26219416822147,32.59853400285581,39.455491296384,60.357178383019395,16.47218216219772,83.54683787362706,27.095678579171757,72.83688981004202,14.02933094234382,86.04382232219022,25.295047599780005,74.83057537384569,79.07956074391664,19.003881427834113,84.55598341944622,15.455077935529467,76.81218603118862,23.165742776177595,27.085823896361468,72.84812139970572,30.68061954139879,7.400820176545337,10.5184101644865,73.03551187616439,26.87304619180168,73.12366825677152,89.74143807025595,80.26486570285512,53.31595652894574,86.40723992918224,13.573397373415125,91.32179384300944,83.31175252864486,82.36960319920662,86.562332187864,84.76358564470826,98.72298926888416,97.60995427952908,20.515315502535547,67.02899876733734,92.08921664646513,91.64925552285514,97.71016111276526,95.3863262633612,99.11048226797408,58.62481054106714,41.27348404219005,29.58764994682989,70.44535098637574,26.53212799636853,73.63402976974712,95.64579564976388,95.48143297521945,80.23655690372331
2.0001498107264277,55.0,321492.0,1.0,40.209376835410886,7.055107368996913,60.12014653112422,11.639738104528934,14.563918314680944,32.75332631686921,1.003467789300926,30.022304843069833,69.97769515693018,29.132708210972606,67.72596126227971,20.85510736899691,79.14489263100309,91.04648505322184,89.32933473662617,94.01724463155016,5.982755368449846,57.61021473799382,42.38978526200618,76.87928757914892,23.12071242085108,81.14667368313079,45.89465684361689,32.146673683130786,21.967291789027392,45.89465684361689,32.146673683130786,21.098313262826775,33.73270821097261,32.146673683130786,21.098313262826775,84.15351494677816,74.98978526200617,83.18800420987847,16.81199579012153,92.73617600027355,93.26897852620063,88.43973810452894,15.241707786565588,84.75829221343442,50.982755368449844,49.017244631550156,89.924180210152,60.99137768422492,39.00862231577508,87.48790989492399,39.994751158571376,60.005248841428624,40.49306442139815,59.50693557860185,95.07244631550155,86.80009431495448,89.73964378957446,10.26035621042554,86.49484547352586,13.50515452647415,91.86035621042554,46.958669473252314,53.041330526747686,82.56541642194522,17.434583578054784,80.20168673717323,16.172446315501542,83.82755368449845,16.172446315501542,83.0103090529483,16.9896909470517,91.31893136872338,92.62239915802431,83.43092715884491,16.569072841155094,64.16026189547105,35.839738104528934,64.57038231851041,71.57938189410339,18.068884211246143,18.068884211246143,71.57938189410339,85.24133052674769,63.25857515829784,36.74142484170216,34.058575158297835,65.94142484170216,59.96391831468094,40.03608168531906,62.39137768422492,34.289690947051696,89.5103090529483,89.74479831604862,24.843111578875387,75.15688842112462,65.75332631686922,34.24667368313079,71.20684126364738,28.793158736352623,45.779098949239966,54.220901050760034,32.886128842796296,28.715746524285883,23.839549474619982,66.12061810589661,11.246579368176311,20.260356210425538,35.00862231577508,28.99306442139815,95.69475115857136,63.25857515829784,36.74142484170216,23.760356210425538,76.23964378957446,14.668978526200616,85.33102147379938,18.54657936817631,81.45342063182369,25.796532210699073,23.760356210425538,50.35173389465046,95.16897852620062,91.95004715747724,92.83092715884491,7.169072841155093,97.86897852620062,93.71724463155016,95.91724463155016,11.237957052401235,88.76204294759877,19.293158736352623,80.70684126364738,78.25342063182369,81.07413305267477,18.92586694732523,96.33617600027354,16.720618105896605,17.16213726255324,10.262137262553242,53.041330526747686,52.31387115720371,25.488004209878476,74.51199579012153,79.68463073553202,20.31536926446798,45.839549474619986,54.160450525380014,41.88088000136767,58.11911999863233,42.44301726392091,57.55698273607909,35.298124632917826,64.70187536708218,36.006841263647374,63.993158736352626,63.327930944316364,62.2950341034348,80.00862231577507,19.991377684224922,89.88781557996953,54.10534315638311,45.89465684361689,95.7223991580243,21.967291789027392,78.0327082109726,93.01377684224923,67.49137768422493,32.50862231577508,28.351922524559416,71.64807747544059,11.648360420304012,88.35163957969598,31.03786273744676,68.96213726255324,13.177600841975694,86.82239915802431,27.39306442139815,72.60693557860186,84.12577263237075,12.246673683130787,88.34648505322184,11.653514946778165,78.17066526337383,21.82933473662616,31.486128842796294,68.5138711572037,28.232802525927085,11.786128842796295,13.972352000547069,73.64826610534953,26.351733894650465,73.64826610534953,81.56738610398186,75.53973810452894,41.60365641920988,92.24817179039506,7.751828209604939,93.03617600027354,83.93964378957446,83.76204294759877,89.7982189478723,89.56026189547106,97.51209010507601,92.3914719991794,26.439549474619984,60.05529599890586,92.55688842112461,92.43102147379938,95.14142484170216,97.31893136872338,99.64826610534953,55.85866947325232,44.14133052674768,32.51546357942245,67.48453642057756,31.891283369270447,68.10871663072955,96.79653221069908,96.77928757914893,76.37075957832832
3.393502556630434,48.0,11598.0,1.0,56.63905243078502,4.106565213937194,47.66934015101449,15.374450125845408,25.8562097231401,10.487952682475843,0.24744501258454082,30.6,69.4,29.4,67.2,21.2,78.8,91.4,89.2,94.0,6.0,58.3,41.7,77.0,23.0,80.5,46.8,31.5,21.7,46.8,31.5,20.9,34.0,31.5,20.9,83.8,74.3,82.8,17.2,92.9,93.2,88.0,13.5,86.5,51.0,49.0,89.7,61.0,39.0,87.6,40.4,59.6,40.7,59.3,94.9,86.3,89.8,10.2,86.4,13.6,91.8,46.7,53.3,83.1,16.9,80.4,16.0,84.0,16.0,83.2,16.8,91.5,92.7,84.0,16.0,64.6,35.4,66.2,71.2,18.5,18.5,71.2,85.5,63.5,36.5,34.3,65.7,59.3,40.7,62.4,34.1,89.7,89.9,24.8,75.2,66.4,33.6,71.5,28.5,46.9,53.1,33.3,27.5,24.4,66.5,11.1,20.2,35.0,29.2,96.1,63.5,36.5,23.7,76.3,14.6,85.4,18.4,81.6,25.9,23.7,50.3,95.1,91.7,93.4,6.6,97.8,93.7,95.9,11.1,88.9,19.0,81.0,78.4,81.1,18.9,96.5,17.1,16.8,9.9,53.3,51.9,25.1,74.9,78.9,21.1,46.4,53.6,42.7,57.3,42.9,57.1,36.1,63.9,36.3,63.7,61.5,61.2,80.0,20.0,90.5,53.2,46.8,95.8,21.7,78.3,93.1,67.5,32.5,27.3,72.7,11.2,88.8,31.4,68.6,13.1,86.9,27.6,72.4,84.6,11.6,88.7,11.3,78.3,21.7,31.9,68.1,28.0,12.2,14.3,73.7,26.3,73.7,80.8,75.1,40.5,92.8,7.2,93.2,84.0,83.9,90.1,90.0,97.4,91.9,27.0,59.4,92.6,92.5,94.9,97.5,99.7,55.6,44.4,32.8,67.2,32.4,67.6,96.9,96.9,76.0
4.73074599181067,47.0,10541.0,5.0,50.26675124890234,2.0898802954078586,56.87059613337359,10.014701933313209,21.745786443403844,25.800471649607204,0.5585539865458197,27.597110362678762,72.40288963732124,28.01060330213495,69.93397414741187,19.407230067270902,80.5927699327291,89.56241081895267,89.87228872477341,94.08963849663645,5.910361503363545,54.7144601345418,45.2855398654582,76.37253052354481,23.627469476455182,83.86144362386706,42.09397892658612,34.86144362386706,23.089396697865052,42.09397892658612,34.86144362386706,21.93084271131923,32.61060330213495,34.86144362386706,21.93084271131923,85.63758918104733,77.8855398654582,84.81686617432024,15.183133825679764,92.04843428195367,93.55855398654582,90.2857816642296,22.553488160281947,77.44651183971806,50.910361503363546,49.089638496636454,90.86530045627391,60.95518075168177,39.04481924831823,87.01734977186304,38.29349532904331,61.70650467095669,39.62433804036254,60.37566195963746,95.79638496636456,88.8995164024572,89.4862652617724,10.513734738227592,86.89301173150051,13.106988268499498,92.11373473822759,48.04457744954683,51.95542255045317,80.3212066042699,19.678793395730104,79.36915728868077,16.89638496636455,83.10361503363545,16.89638496636455,82.213976536999,17.786023463001005,90.55879578531723,92.29662676513595,81.04192961099699,18.958070389003012,62.3142183357704,37.6857816642296,57.729162067855015,73.17204692600201,16.259037584088627,16.259037584088627,73.17204692600201,84.15542255045318,62.245061047089635,37.754938952910365,33.04506104708963,66.95493895291037,62.75108212050351,37.24891787949649,62.35518075168177,35.086023463001005,88.713976536999,89.09325353027191,25.02409624159114,74.97590375840886,63.038556376132945,36.96144362386706,69.97614555718026,30.023854442819733,41.07349771863043,58.926502281369565,31.14867608072508,33.81951401287007,21.486748859315213,64.52795307399799,11.861927221409866,20.51373473822759,35.04481924831823,28.12433804036254,93.99349532904331,62.245061047089635,37.754938952910365,24.01373473822759,75.9862652617724,14.95855398654582,85.04144601345418,19.161927221409865,80.83807277859013,25.36216902018127,24.01373473822759,50.568915489909365,95.45855398654582,92.9997582012286,90.441929610997,9.558070389003012,98.15855398654581,93.78963849663646,95.98963849663646,11.81710797309164,88.18289202690836,20.523854442819733,79.47614555718026,77.63807277859014,80.9655422550453,19.034457744954683,95.64843428195367,15.127953073997993,18.68240842936555,11.782408429365553,51.95542255045317,54.05132391927492,27.116866174320236,72.88313382567976,82.9785515969587,17.0214484030413,43.48674885931521,56.51325114068479,38.44217140976839,61.55782859023161,40.52457983913394,59.47542016086606,31.931809906404848,68.06819009359515,34.776145557180264,65.22385444281973,71.00168064346423,66.89204453641489,80.04481924831822,19.955180751681773,87.31783336940585,57.90602107341388,42.09397892658612,95.39662676513595,23.089396697865052,76.91060330213494,92.65180751681773,67.45518075168178,32.54481924831823,32.76794829482375,67.23205170517625,13.530600912547827,86.46939908745217,29.517591570634444,70.48240842936555,13.503373234864046,86.49662676513596,26.52433804036254,73.47566195963746,82.13494134249748,14.96144362386706,86.86241081895267,13.137589181047327,77.62771127522659,22.372288724773412,29.748676080725083,70.25132391927492,29.21011970459214,10.048676080725082,12.596868563907357,73.43108451009063,26.568915489909365,73.43108451009063,84.78891310032225,77.3857816642296,46.23686378473311,89.93156810763344,10.068431892366558,92.34843428195367,83.6862652617724,83.18289202690836,88.53132630886203,87.7142183357704,97.98265022813696,94.45469715413897,24.086748859315215,62.806262872185286,92.37590375840885,92.14144601345419,96.15493895291037,96.55879578531723,99.43108451009063,56.94457744954683,43.05542255045317,31.32096480549849,68.67903519450151,29.75566434922458,70.24433565077541,96.36216902018127,96.27253052354482,77.92722767768377
14.478805432866146,415.0,14515.0,1.0,40.52217777584846,2.151887540832919,70.30033927953978,4.697928543057526,36.87233031232122,11.89650924682956,1.4236605051225637,30.604632300939052,69.49360970890774,29.43749832660037,67.14005783013448,21.234690998927718,78.79759610562066,91.38502658061375,89.16472092997824,93.91016250311091,6.003649652038235,58.50868729813174,41.799169609619014,76.82295327618787,22.96003508474422,80.45485484721708,47.00775622397989,31.41239584833054,21.649351663519784,46.96049992862322,31.509859186224823,20.84042070406262,34.04856526716893,31.605341440061185,20.91247449149618,83.8452761019308,74.13784794807904,82.93196676895239,17.29758284520937,92.88165068180595,93.19230553135185,87.90410790520232,13.42971294073668,86.58207578933548,50.967506692275315,48.978367386572515,89.77436389541458,60.910971012636914,39.09216371775342,87.57667254901668,40.427310536589296,59.526040226401825,40.66989201866236,59.406029241552574,94.86674047546703,86.29351175816696,89.820200109462,10.193981853422928,86.29836971596058,13.563890843854919,91.80150065420762,46.749044774909045,53.30636150485428,83.21089449562957,16.85871164212362,80.35964661245461,16.050754273199765,84.05196274011075,16.052259415931346,83.22901057742313,16.79730121607943,91.53231274804924,92.77666880181506,83.96791310107578,16.083668618272764,64.6939838646919,35.4229106444726,66.26093537418234,71.29911758742794,18.486759749320022,18.56889490679304,71.15363248062118,85.40346274393147,63.43799400974283,36.487949495443864,34.33592640424903,65.70123770734543,59.40683284086718,40.58101138817162,62.30313129734981,34.12052972431374,89.67314189324209,89.89982378643342,24.805982755670147,75.18293235981464,66.4668218599211,33.7817347185064,71.42375355043082,28.43994036682869,46.94342492671081,52.99491710257357,33.13662123908985,27.840722774834266,24.39194269236517,66.5774578054781,11.070596687137703,20.17536030092008,35.00310823705786,29.169080728955503,96.09556792624826,63.495576298305515,36.50244495034018,23.59493086126262,76.20308059606877,14.567918670606476,85.36531259088818,18.387970533144664,81.62576214705797,25.8798517967487,23.692538627274956,50.28198868133226,95.03705592312444,91.67823073242938,93.42467072181547,6.573440379984082,97.86049342145083,93.68840604414402,95.92272268708939,11.11323515553519,88.88061671616606,19.009191181282315,80.99292690253928,78.46861419706902,81.09305579726616,18.971188317069636,96.4994969593241,17.05985255635781,16.789550808715827,10.002803814080021,53.17618588260702,51.709207955906436,25.146593731202934,74.93680049850033,78.92034480013547,21.07506890737746,46.545834691252466,53.3405331657281,42.66196139307572,57.43402652830125,43.08699322688598,56.96710413034018,36.010298851923224,63.95093522621282,36.50495498988661,63.56824489619467,61.4694153115018,61.17604324169735,80.02187742262264,20.00721951694265,90.44645435807801,53.19661262429117,46.72003552104792,95.77758134896456,21.653596698742508,78.42301687926262,93.11317106071296,67.52198520432881,32.587472422793134,27.40292889326771,72.70858044189497,11.33065203832204,88.8082029117893,31.403188071021074,68.49237831658142,13.13638484516087,86.90367171094206,27.51192012120196,72.39989387272757,84.66379329698756,11.682623898731105,88.70598686512498,11.344185770168307,78.28000470482985,21.619700832087393,31.86883641602468,68.18829145517246,27.93290081989428,12.180989792094323,14.331968986928239,73.69206412929262,26.30453142264471,73.72626954028267,80.9417765256645,75.15280692161346,40.373777557534765,92.74041894863954,7.3257607300126875,93.17057215813207,84.00757554691114,83.91935173112448,90.11375406889447,89.87274391359063,97.45670757624978,91.95166861718317,26.99136958401097,59.34087980046515,92.60432282822131,92.51417021387715,94.9138776968009,97.51404854332316,99.67821170273724,55.61315899709805,44.48112865409175,32.907821355452064,67.19661635697737,32.40065322170042,67.64891754251374,96.83301634015628,96.89081994161147,76.0552333454403
14.566084325983022,415.0,26347.0,1.0,39.98225041480831,2.0170313284874184,69.7095126048676,4.458517092032407,37.09135017569143,11.995814679556668,1.378854430897673,30.544147957389466,69.41818902419124,29.40278461813793,67.2371586564921,21.2809300877837,78.7076885579052,91.47677559797691,89.14324925726504,93.97984946471479,6.0591759075696645,58.31385228492065,41.50196670314759,77.06352431130628,22.846231982729932,80.44470535794768,46.88507644692013,31.566251694272502,21.785281474686496,46.762750063541304,31.45798084877833,20.915201587997938,34.077187068381306,31.532740593830354,20.921046885078486,83.8019784983535,74.17534934804678,82.8774399565536,17.149836743948253,92.89884229167748,93.14525747762825,88.05272720609018,13.375943353270968,86.52502101460446,51.04288535394268,48.87947496629786,89.78921078141956,61.049531687179766,38.94973728989472,87.5745527443447,40.49001543376158,59.64775419375726,40.691497913666126,59.33099587100636,94.92251516544997,86.38371169211607,89.78162147350086,10.17545283298065,86.4164014366087,13.613479592148254,91.78690585557754,46.78407097277002,53.3299686446454,83.06383999453364,16.906204552957735,80.38369661687662,15.97387757826184,84.07391177698288,15.997669745857346,83.18034050382128,16.801689558718525,91.52292915583884,92.7642229883819,83.95602725903078,16.0632801251146,64.5029590149686,35.33408550596569,66.1831328812556,71.1557456328866,18.493312832755986,18.42490900899011,71.21291429575359,85.5218664573179,63.46917675052496,36.4622935658594,34.29718065116093,65.69285354158214,59.407059256233715,40.786265940352045,62.371966054117365,34.075319839304356,89.68004409272068,89.89020982013011,24.94867348932064,75.15828497213683,66.6446448638501,33.68478549218212,71.45377480508601,28.4752634625353,46.78251582526555,53.410745138462346,33.25268114489526,27.379292444405877,24.403566679891235,66.4698219630663,10.965386074660422,20.183410651898217,34.954836889266254,29.180647400174724,96.07514594907002,63.47488286133092,36.444294076738935,23.77131634863479,76.28403333924602,14.633398671461332,85.42940606563288,18.384307857294754,81.60788961588463,25.89329696994846,23.72236473029586,50.31520666396776,95.1098925278339,91.69152781790078,93.54502137786288,6.719873979393473,97.75776727966294,93.69516886908004,95.91885513066417,11.057133416364564,88.91001784169576,18.962752514588463,81.01983623738579,78.39426616522432,81.25175968211306,18.901605967735957,96.52808853332193,17.0311060319167,16.840810875038077,9.743200817253706,53.41920328400813,51.904815520633676,25.02713395064709,74.93354438809718,78.9160974876736,21.12667091206986,46.31610217162579,53.79077784183148,42.67104301423657,57.31584670181904,42.94472127544202,57.29938879512765,36.04156086694249,63.809641599978505,36.25440286338449,63.70585383827605,61.55954220830229,61.36500569063456,80.01961329547905,20.015094162309047,90.48047687467133,53.38216709223632,46.71957782238171,95.86115555997192,21.7180927405018,78.4190378843464,93.03787807997088,67.46833158069201,32.54010192578411,27.17417866122793,72.72881784685265,11.244848006749338,88.85126003392612,31.381890415739687,68.592613362143,13.134729798991392,86.9087693782129,27.657701659608563,72.44564488270699,84.63292262294362,11.627945302651046,88.64580100335294,11.298883066987255,78.24874957024237,21.777132700046625,31.874156962839116,68.17761703296136,27.953216951468153,12.19126211216361,14.233032493254179,73.70010508351851,26.289061445145897,73.63021534795386,80.88959423766204,75.14834203968691,40.39582585862322,92.82828284131587,7.114850147724169,93.22373760738398,84.04031890988603,83.97303427068387,90.21988451662688,89.9649925295022,97.41833762497947,91.94076427935943,26.97991768767709,59.40146961499769,92.6302247116703,92.60622354018821,94.8921052092812,97.48473386128227,99.69333983090624,55.56637887628609,44.39476205362852,32.85102418182848,67.25181399970178,32.37366458899344,67.60640801387306,96.84937201363404,96.88667040161411,75.96425610551708
1.4918023699401028,3.0,6448.0,1.0,60.02369680418236,4.232241781910443,63.11427562269826,6.603159573890982,24.760677946929274,13.38899903157041,2.432299322099288,30.6,69.4,29.4,67.2,21.2,78.8,91.4,89.2,94.0,6.0,58.3,41.7,77.0,23.0,80.5,46.8,31.5,21.7,46.8,31.5,20.9,34.0,31.5,20.9,83.8,74.3,82.8,17.2,92.9,93.2,88.0,13.5,86.5,51.0,49.0,89.7,61.0,39.0,87.6,40.4,59.6,40.7,59.3,94.9,86.3,89.8,10.2,86.4,13.6,91.8,46.7,53.3,83.1,16.9,80.4,16.0,84.0,16.0,83.2,16.8,91.5,92.7,84.0,16.0,64.6,35.4,66.2,71.2,18.5,18.5,71.2,85.5,63.5,36.5,34.3,65.7,59.3,40.7,62.4,34.1,89.7,89.9,24.8,75.2,66.4,33.6,71.5,28.5,46.9,53.1,33.3,27.5,24.4,66.5,11.1,20.2,35.0,29.2,96.1,63.5,36.5,23.7,76.3,14.6,85.4,18.4,81.6,25.9,23.7,50.3,95.1,91.7,93.4,6.6,97.8,93.7,95.9,11.1,88.9,19.0,81.0,78.4,81.1,18.9,96.5,17.1,16.8,9.9,53.3,51.9,25.1,74.9,78.9,21.1,46.4,53.6,42.7,57.3,42.9,57.1,36.1,63.9,36.3,63.7,61.5,61.2,80.0,20.0,90.5,53.2,46.8,95.8,21.7,78.3,93.1,67.5,32.5,27.3,72.7,11.2,88.8,31.4,68.6,13.1,86.9,27.6,72.4,84.6,11.6,88.7,11.3,78.3,21.7,31.9,68.1,28.0,12.2,14.3,73.7,26.3,73.7,80.8,75.1,40.5,92.8,7.2,93.2,84.0,83.9,90.1,90.0,97.4,91.9,27.0,59.4,92.6,92.5,94.9,97.5,99.7,55.6,44.4,32.8,67.2,32.4,67.6,96.9,96.9,76.0
4.698121858199642,3.0,6397.0,1.0,43.621893036261326,1.7121087204582586,62.81797558632485,13.08476104320781,14.433214543117044,25.667179063684223,0.5417994204401055,30.6,69.4,29.4,67.2,21.2,78.8,91.4,89.2,94.0,6.0,58.3,41.7,77.0,23.0,80.5,46.8,31.5,21.7,46.8,31.5,20.9,34.0,31.5,20.9,83.8,74.3,82.8,17.2,92.9,93.2,88.0,13.5,86.5,51.0,49.0,89.7,61.0,39.0,87.6,40.4,59.6,40.7,59.3,94.9,86.3,89.8,10.2,86.4,13.6,91.8,46.7,53.3,83.1,16.9,80.4,16.0,84.0,16.0,83.2,16.8,91.5,92.7,84.0,16.0,64.6,35.4,66.2,71.2,18.5,18.5,71.2,85.5,63.5,36.5,34.3,65.7,59.3,40.7,62.4,34.1,89.7,89.9,24.8,75.2,66.4,33.6,71.5,28.5,46.9,53.1,33.3,27.5,24.4,66.5,11.1,20.2,35.0,29.2,96.1,63.5,36.5,23.7,76.3,14.6,85.4,18.4,81.6,25.9,23.7,50.3,95.1,91.7,93.4,6.6,97.8,93.7,95.9,11.1,88.9,19.0,81.0,78.4,81.1,18.9,96.5,17.1,16.8,9.9,53.3,51.9,25.1,74.9,78.9,21.1,46.4,53.6,42.7,57.3,42.9,57.1,36.1,63.9,36.3,63.7,61.5,61.2,80.0,20.0,90.5,53.2,46.8,95.8,21.7,78.3,93.1,67.5,32.5,27.3,72.7,11.2,88.8,31.4,68.6,13.1,86.9,27.6,72.4,84.6,11.6,88.7,11.3,78.3,21.7,31.9,68.1,28.0,12.2,14.3,73.7,26.3,73.7,80.8,75.1,40.5,92.8,7.2,93.2,84.0,83.9,90.1,90.0,97.4,91.9,27.0,59.4,92.6,92.5,94.9,97.5,99.7,55.6,44.4,32.8,67.2,32.4,67.6,96.9,96.9,76.0
2.639897655228791,4.0,8012.0,2.0,52.75529445550409,0.2506460834260953,53.17907375417429,9.851678102612903,23.260463122912856,16.154271007792005,0.38863064599566677,29.751678102612907,70.2483218973871,29.00749285344776,67.97235277224796,20.693539165739047,79.30646083426095,90.88087764488253,89.38992281284786,94.02532304171305,5.9746769582869526,57.28707833147809,42.71292166852191,76.82273870800867,23.177261291991332,81.44961406423928,45.470540310065,32.449614064239285,22.092507146552236,45.470540310065,32.449614064239285,21.191214979700046,33.60749285344776,32.449614064239285,21.191214979700046,84.31912235511747,75.31292166852191,83.36976843854357,16.630231561456426,92.65943110372605,93.30129216685219,88.64573756368272,16.057627213017813,83.94237278698219,50.97467695828695,49.02532304171305,90.02919954226962,60.987338479143475,39.012661520856525,87.43540022886519,39.80490851974338,60.19509148025662,40.39612349944343,59.60387650055657,95.15323041713049,87.03436820967838,89.71136935400433,10.288630645995665,86.53927672942177,13.460723270578237,91.88863064599566,47.07984562569572,52.92015437430428,82.31498570689551,17.685014293104476,80.10878502029996,16.253230417130478,83.74676958286952,16.253230417130478,82.92144654115648,17.078553458843526,91.23410806201301,92.58604631229129,83.16433962346943,16.835660376530573,63.95426243631728,36.045737563682714,63.806972558116996,71.75710691768705,17.86692395717381,17.86692395717381,71.75710691768705,85.12015437430429,63.145477416017336,36.854522583982664,33.94547741601733,66.05452258398267,60.27493710595233,39.72506289404767,62.38733847914347,34.37855345884353,89.42144654115648,89.67209262458258,24.86330760428262,75.13669239571739,65.45038593576072,34.549614064239286,71.06950829087819,28.93049170912181,45.254002288651904,54.745997711348096,32.69224699888685,29.28527444076986,23.57700114432595,65.94289308231295,11.315245854560905,20.288630645995667,35.012661520856525,28.896123499443426,95.50490851974338,63.145477416017336,36.854522583982664,23.788630645995667,76.21136935400433,14.701292166852191,85.29870783314782,18.615245854560904,81.38475414543909,25.748061749721714,23.788630645995667,50.37596912513914,95.20129216685218,92.0671841048392,92.56433962346944,7.4356603765305715,97.90129216685219,93.72532304171305,95.92532304171306,11.302584333704381,88.69741566629563,19.43049170912181,80.56950829087819,78.1847541454391,81.06201543743042,18.93798456256957,96.25943110372604,16.542893082312954,17.331783875974,10.431783875974,52.92015437430428,52.507753001113144,25.669768438543574,74.33023156145643,80.05219839794367,19.947801602056334,45.57700114432595,54.42299885567405,41.49715551863024,58.50284448136976,42.22893939460424,57.77106060539576,34.922478560343286,65.07752143965672,35.86950829087819,64.13049170912181,64.18424242158305,62.80801314877853,80.01266152085653,19.987338479143475,89.6010320191868,54.529459689935,45.470540310065,95.68604631229128,22.092507146552236,77.90749285344776,92.97338479143475,67.48733847914347,32.512661520856525,28.844705544495906,71.15529445550409,11.858399084539238,88.14160091546076,30.868216124026,69.131783875974,13.213953687708715,86.78604631229129,27.29612349944343,72.70387650055658,83.90361635289118,12.549614064239286,88.18087764488253,11.819122355117477,78.11007718715214,21.889922812847857,31.292246998886856,68.70775300111313,28.341861063126142,11.592246998886855,13.818862207452096,73.62403087486086,26.375969125139143,73.62403087486086,81.92687535623062,75.74573756368271,42.12067466963505,91.98966266518248,8.010337334817525,92.95943110372605,83.91136935400434,83.69741566629563,89.65684677002166,89.35426243631728,97.56459977113481,92.62170668882186,26.177001144325953,60.36227558509581,92.53669239571738,92.39870783314781,95.25452258398268,97.23410806201301,99.62403087486086,55.97984562569572,44.02015437430428,32.38216981173471,67.61783018826529,31.652970269465094,68.3470297305349,96.74806174972171,96.72273870800868,76.54444539683053
1.8865705747836194,3.0,2174366.0,7.0,59.70928139673251,7.796943363838644,42.03379027806082,11.252648556099388,15.966761792415012,31.98365250081179,2.604025328682804,28.63348444804173,71.38762891348365,30.54866147727265,69.35519907147678,19.749747451724986,80.33220939330916,86.70258030654459,94.2003929252903,92.1974683924216,7.844941856349427,47.33787072481217,52.69194596293476,73.29007925336924,26.74766711622801,82.46546743201576,36.28770266625632,34.921743902655535,28.617611931995175,36.62123056917285,34.898458252457175,26.836342388367367,30.47671889173956,34.98105682850766,26.730675892466465,80.35979727744888,78.16667171238272,82.25751313371406,17.6714086341108,92.47153814664074,94.91725918130966,92.38183010758893,16.095621491325307,84.04212313096913,52.46802469337658,47.59597117457551,93.99480145776874,55.56766857251069,44.225785695682085,84.57758924749814,35.78598019646344,64.3476924966423,35.778951748443234,64.27721232592498,96.44822256986339,88.44863670080674,91.19094905573463,8.80481316343514,92.36053582774244,7.592491255807921,92.86848637775145,38.28994899358474,61.72576639680469,72.58185733278087,27.38777901968667,81.39999741046068,14.866225409343684,85.0436216829428,14.898693789799438,83.98940994014961,15.994962775404035,90.45566265789299,94.49419339311922,85.62841420434562,14.294699891100512,66.76994334635786,33.23328455246842,59.12875718179909,72.6846293627585,18.391013249849443,18.365677610104935,72.8260280616023,83.75787284357378,59.09938666155117,40.888000156042516,26.877341964813954,73.03734281385307,68.5416215904113,31.190295247411434,62.448000685443915,35.10841611688952,90.56614158525042,90.71871888844929,22.90501072886977,77.16622918308161,62.03130171189276,38.016812446028744,67.06416387393507,32.95657825635058,41.419794833844804,58.74434172043478,22.229178642771572,50.601070220788664,15.527220659969037,75.65985197430864,16.508117864378224,18.317245042043165,33.930531609907575,26.70940186601615,93.6525665795338,59.095427059809076,40.83369835311653,20.116574246331876,79.7082182408493,11.63398064093556,88.4659493048953,14.483114288885087,85.44107138342022,33.50960523079187,20.25273203117323,46.086575169919904,96.34614514472385,94.5543150714269,88.89874465299717,11.189743466800259,92.32998287878965,89.71179105947758,90.99732306973264,10.880312558036485,89.10718126313718,22.13142131532631,77.90858778828796,76.9142800218851,79.92820390683019,19.955343185573643,95.86241714904187,11.875693866291485,11.524114377396327,12.807420722044451,61.70174993423792,48.973060389800686,22.885355621652018,77.08892731952105,82.1391085872597,17.725050923448705,28.676579406382793,70.95785462613733,34.79329143706854,65.36299398718546,34.52134430334408,65.67230059825661,29.265263550153822,70.68734008237165,28.71823789092089,71.07806189102351,73.65391973476096,74.22549222956393,81.43069859029998,18.623524233227947,83.53951115781611,63.56401351225994,36.24946999599709,94.18940881221944,28.73736464223824,71.27970708322181,96.0939215620773,68.47085179270015,31.589822263459943,34.26502500512797,65.61248368015258,18.15224710325264,81.67123928384827,34.6392667003522,65.42415005610408,14.783178699257567,85.178414726531,25.230215347741147,74.71030268680965,79.08190094278699,19.393845419859286,83.76670827957857,16.1643435914296,78.19751876966136,21.65461621663295,33.002960042054085,66.98901352875117,31.11768512364158,4.805726643195753,9.415780680716617,76.96251289635867,23.061412269749813,76.92115289553585,87.85561705282393,80.06743309571364,48.41607862127472,83.1966144704267,16.85565530911716,89.2521636130027,77.32300934454803,76.82463480643816,80.89813637860621,80.46604426105125,96.54349408803333,96.44395269938256,23.441272584850818,68.75492023930784,95.06689999434434,95.10707452379063,96.99663858610931,96.38850617139468,99.38812330781046,61.279218821105296,38.758898041072804,26.076716745829405,73.85093169441825,25.90868855954861,74.06777933083274,96.38305608942761,96.32952497405931,80.72065312439344
1.9877661334708565,10.0,143450.0,4.0,50.09437081429324,7.879104877388893,52.36542746817942,14.332370971546448,20.548935466116575,18.153951619244083,1.6338145142267757,26.1841210305164,73.8158789694836,25.608588763574687,71.74969348371037,18.568314553540077,81.43168544645992,89.66041131505192,77.64734693842169,94.31223386652914,5.6877661334708565,54.37477424934791,45.62522575065209,77.35683870460474,22.643161295395263,82.90866125608197,43.67766133470856,34.62233866529144,21.7,43.67766133470856,34.62233866529144,20.364741943092895,33.95539516192441,34.62233866529144,20.364741943092895,85.18274998034335,73.98776613347086,81.10501615312751,18.894983846872492,91.33883066735429,94.62735481841895,90.2302419037796,18.540346702541886,81.45965329745812,47.65463714433061,52.34536285566939,90.2798628949827,60.732370971546445,39.267629028453555,85.10212906776685,41.20288708536066,58.79711291463934,41.369072571133884,58.630927428866116,96.32735481841894,89.37773382721585,88.95250807656376,11.047491923436246,83.54529036316212,16.454709636837883,91.35395161924407,49.197870932233144,50.802129067766856,83.01079032384881,16.989209676151184,82.67484674185519,13.903572610447181,86.09642738955282,13.903572610447181,84.44893546611658,15.551064533883427,91.27697580962204,95.01945157993079,84.22302419037796,15.77697580962204,65.71512095188979,34.2848790481102,68.07340319917486,66.02583878323134,22.826669293332415,22.826669293332415,66.02583878323134,72.02933890117124,59.351750058969955,40.648249941030045,34.65683870460474,65.34316129539526,55.017935544743175,44.982064455256825,65.1208951226111,31.869758096220405,90.63670159958743,90.74749192343624,25.46907257113388,74.53092742886612,70.45904026487887,29.540959735121135,74.88996769374498,25.110032306255015,50.24536285566939,49.75463714433061,33.70144354268033,25.715806476976322,27.120895122611106,63.64529036316212,13.19642738955282,19.620137105017303,32.94817744852277,28.441717752714936,94.49422582927869,59.351750058969955,40.648249941030045,24.90433062804098,75.09566937195902,14.644604838075592,85.3553951619244,17.864741943092895,82.1352580569071,25.587766133470854,24.90433062804098,49.45250807656375,95.23381451422678,92.77051611381421,93.13237097154645,6.8676290284535515,95.70357261044718,94.23525805690711,95.09711291463934,10.520137105017305,89.4798628949827,17.79566937195902,82.20433062804098,80.71945157993078,76.99635489704555,23.003645102954458,95.8755322669417,16.92158064769763,14.971201638900732,15.297185407146621,50.802129067766856,45.61071783134154,24.653951619244083,75.34604838075593,81.57629028453552,18.423709715464486,47.20288708536066,52.79711291463934,40.42515325814482,59.57484674185518,40.53594358199363,59.46405641800637,35.74316129539526,64.25683870460473,35.85395161924408,64.14604838075593,59.49278228659836,59.32659680082514,81.42735481841895,18.57264518158106,86.48556457319673,56.32233866529144,43.67766133470856,96.02302419037795,21.7,78.3,93.54604838075592,70.75615317951821,29.24384682048179,42.55485462185243,57.44514537814757,11.556838704604735,88.44316129539526,27.117935544743176,72.88206445525682,14.03670159958743,85.96329840041257,24.923709715464486,75.07629028453552,85.44749192343625,12.135258056907103,88.56618548577323,11.433814514226777,79.3259112757386,20.36185485773224,29.045290363162117,70.95470963683788,28.312233866529144,8.67621779202824,11.04384682048179,74.99354030419217,25.006459695807834,74.99354030419217,84.41299188412295,80.31876605484425,47.77058860632148,89.4992419824062,10.500758017593801,93.91367740920947,85.11512095188979,85.0597257899654,89.69855645731967,89.64316129539526,97.13237097154645,89.35752422969126,28.42735481841894,55.117935544743176,95.36549996068669,95.3101047987623,95.65828224728506,97.09855645731967,99.52158064769763,57.74103222762841,42.25896777237159,34.94103222762841,65.05896777237159,34.71945157993078,65.28054842006922,95.07120163890073,95.07120163890073,74.30501615312751
1.8587154867908142,6.0,36466.0,6.0,26.858357975155556,13.57894474368593,59.2067636888879,10.578690013802468,14.240918807177282,28.432453953071608,1.0842619972395067,32.29153514589433,67.70846485410567,32.68111439668741,67.10629520110419,22.845767572947164,77.15423242705283,82.74381167784591,89.0026791127684,89.52445758674962,10.47554241325037,42.93581531152394,57.06418468847606,76.73560155362371,23.26439844637629,84.45036160883359,31.90918807177283,34.02615875196741,33.97094837736395,31.90918807177283,34.02615875196741,31.411867184541236,25.851808044167896,34.02615875196741,31.411867184541236,82.39128041601086,69.02250169164839,82.7171844380948,17.28281556190519,94.57966796135308,94.37796679613531,92.47966796135309,21.90557198343704,78.09442801656296,52.284261997239504,47.715738002760496,95.38498521490666,61.17966796135309,38.82033203864691,86.37239481269826,31.09200363367802,68.90799636632197,30.810889236990615,69.1891107630094,95.88668638012444,89.44091880717728,90.4031476005521,9.5968523994479,90.44334319006222,9.556656809937778,93.98039117902024,36.72735045741827,63.27264954258173,74.62203320386469,25.377966796135308,85.18983398067654,11.72275642153185,88.27724357846816,11.72275642153185,86.58353877957235,13.416461220427653,94.50799636632198,97.86150557570765,89.60097794755063,10.399022052449377,72.27507392546667,27.724926074533325,61.977243578468155,71.10944280165629,19.293704798895803,19.293704798895803,71.10944280165629,88.5062952011042,60.450361608833575,39.549638391166425,25.154232427052836,74.84576757294717,66.28983398067655,33.71016601932346,64.80025472988346,33.561974063491355,89.9094428016563,90.2031476005521,18.586431650240982,81.41356834975902,58.82275642153185,41.17724357846815,64.40387081821926,35.596129181780746,35.50046848778369,64.49953151221631,27.04891517349926,45.56707755914469,20.540195589510127,71.53390038840593,15.729306352519512,14.803870818219256,34.68111439668741,30.906295201104196,92.74721400828149,60.450361608833575,39.549638391166425,18.83632477129087,81.16367522870914,9.762228793374817,90.23777120662518,11.431476005520988,88.56852399447901,36.348915173499265,18.83632477129087,44.81790765576197,96.29298158122864,94.47409597791605,88.55350920938568,11.446490790614321,92.96052762815702,92.78498521490667,92.92275642153184,8.87554241325037,91.12445758674963,19.14721400828148,80.85278599171852,77.23122127563752,82.5310075177373,17.468992482262706,95.60557198343704,12.254955644719995,11.552062774051361,12.423479639199009,63.27264954258173,52.63560155362371,20.96754604692839,79.03245395307161,84.04406640772939,15.955933592270618,32.58426199723951,67.4157380027605,30.32977484030321,69.6702251596968,29.926627239751106,70.07337276024889,28.744789625396542,71.25521037460346,28.438494424292344,71.56150557570766,72.84891517349926,73.06150557570766,86.75133955638421,13.248660443615798,81.44721400828149,68.09081192822717,31.90918807177283,93.09612918178074,33.97094837736395,66.02905162263605,96.56295201104197,64.50242438288494,35.49757561711506,25.040918807177285,74.95908119282272,16.331476005520987,83.66852399447902,31.737047988958025,68.26295201104197,11.985708432573825,88.01429156742618,22.194428016562963,77.80557198343705,82.73534682374024,15.896129181780744,86.01016601932346,13.989833980676545,80.07894474368594,19.821055256314068,32.27966796135309,67.72033203864692,24.791280416010864,8.21960882097975,10.47796679613531,77.07239481269826,22.92760518730173,77.07239481269826,87.73317717073877,80.19612918178073,41.758826462939254,85.23147600552099,14.768523994479013,87.8266272397511,78.2455128430637,78.0486604436158,80.8171844380948,80.62033203864692,94.04406640772939,96.4842619972395,24.053509209385677,66.38983398067654,94.88740959779162,94.8,97.28353877957235,96.5779667961353,98.83777120662518,63.45618832215408,36.54381167784592,22.826627239751108,77.1733727602489,22.92347963919901,77.07652036080098,97.6157380027605,97.71259040220839,80.09515123423013
2.309563507880845,0.0,121847.0,0.0,39.283926634174954,10.587953325804868,55.85787778027673,14.666846664804046,19.187980446658607,18.69629980882585,1.4842490513368318,30.52750012788025,69.30767822175622,29.356044942636537,67.27025656964456,21.22028948213732,78.73404845904426,91.41608534120998,89.07716868617864,93.95923196466407,6.14959073901194,58.46495318352645,41.726570993247634,77.03650585346938,23.08101036981349,80.4727992295159,46.71863454240991,31.514795407123817,21.695895601958345,46.879487173796036,31.54881356417608,20.98585211587981,33.98177483347601,31.52050075833081,20.93368695410892,83.88110060086481,74.25291881843917,82.74969396768105,17.256324972234413,92.942041615157,93.22424060934038,88.07794630705709,13.581829288059497,86.38404356520824,51.019914907282626,49.00680647899497,89.74438651927527,60.93384597427191,38.960043845089906,87.63522162033556,40.429080475333045,59.618095069782406,40.74502039696637,59.30605253198741,94.93660634890361,86.27921598642398,89.78427555963842,10.201919911336795,86.50560673609326,13.609418768361467,91.79051283788883,46.640894994726466,53.22230475961915,83.01726598778686,16.825664812695003,80.37448638911575,16.01063177953003,83.97054098772689,16.033620969082744,83.23062195358227,16.80360311495235,91.50184635434786,92.70262692203431,84.00748791377868,16.067633350324197,64.58011189536165,35.39422663112372,66.37282500255823,71.2250136217406,18.55479152414731,18.4849780565818,71.07260421478223,85.36508160593333,63.56896150037694,36.580117883386905,34.307611517454525,65.77451390127317,59.38933655518671,40.61563578824701,62.51577324673747,34.15021484631993,89.68011902392504,89.90549696653596,24.809245157768167,75.2205774535449,66.54432162408963,33.45868736278337,71.64796888938876,28.405913518470435,47.08028481991792,53.23181159706595,33.35359766780824,27.481228145915345,24.348226021674808,66.58776632519077,11.096609338139764,20.2673223787041,35.02501863304579,29.154308708459872,96.20432390592691,63.600123502532625,36.51808211634353,23.628793615332288,76.24472650723683,14.640972541255646,85.44073207224858,18.46758371364655,81.62047963599372,25.739491771182724,23.662867927474966,50.2660693383295,95.11728313964917,91.73135183972803,93.39266102394186,6.584045180710643,97.82519085778861,93.66786017841815,95.89533980629524,11.100029616683987,88.90314656344458,19.007800272196718,80.97297040216462,78.3408483950016,81.01785380945299,18.911844545527515,96.51225109282302,17.04672084169274,16.67625428280674,10.001021323385402,53.22097152678451,51.77385265053758,25.14739147074954,74.88435708262837,78.83798055807316,21.131296338783223,46.56881837916521,53.62517984890018,42.50637334751506,57.14824377902999,42.942534636251246,57.12150109843633,36.05019128465524,63.85976399748959,36.24412561256499,63.67534617763515,61.65807687653519,61.149632006252546,79.98069677571813,20.01665452545799,90.4572768368424,53.19285670444471,46.87502548801368,95.73457187736263,21.6230812516352,78.33629141955441,93.04504204019848,67.42223748587594,32.45257279224798,27.226346118511085,72.68949046573469,11.144779388703597,88.81242344986074,31.42194973352918,68.68260484671387,13.068219239477765,86.8702344459622,27.535647037761077,72.42444505776749,84.60888963659868,11.592842722330962,88.71933020866888,11.328505997363472,78.33631190150784,21.677431405682317,31.92449941052372,68.0807345849494,27.993845080330868,12.087427809019708,14.276467521782928,73.6586476196936,26.26247643422848,73.69098649246263,80.8178495012715,75.11919539158626,40.50565721960908,92.73964065171133,7.172894394922221,93.20303861569005,83.98305848357822,83.88369871306173,90.02619998205257,90.08152586105207,97.40315535657108,91.84179017188292,26.996926731258274,59.50304256556793,92.56790730293277,92.58640875347469,94.93203773056426,97.50255730501813,99.71260176586775,55.79393108794228,44.36554340269765,32.831176812427145,67.18449907812567,32.41289670666035,67.62112304406611,96.88623056496242,96.87179483226464,76.0076489080843
3.544043071281609,50.0,174608.0,5.0,44.99669564668147,6.993691368086903,52.74580881140717,8.38169698557123,13.742607008759144,37.22926431295193,1.6127198144966912,25.2400205101341,74.7599794898659,28.00548064926158,71.22905921161095,15.311789281174677,84.68821071882533,87.11726993043625,89.3599794898659,91.03267879422849,8.967321205771508,48.777249420302155,51.222750579697845,77.73185081157698,22.26814918842302,86.1726993043626,34.899069466677986,37.29451935073842,27.84550115939568,34.899069466677986,37.29451935073842,26.184591136207768,29.255429373926333,37.29451935073842,26.184591136207768,86.25542937392633,78.46266853916144,85.47269930436259,14.527300695637408,92.52275057969784,94.24364009275166,91.88179953624172,27.669907704396554,72.33009229560345,50.92182004637583,49.07817995362417,94.31003076520115,60.9,39.1,86.11726993043625,36.73547039419453,63.26452960580547,37.75180979130877,62.24819020869123,96.4127198144967,91.30816969855712,91.47549090432862,8.52450909567137,90.66732120577151,9.332678794228492,93.23092027825497,42.45170724063828,57.54829275936172,77.63092027825496,22.369079721745035,82.30279159996604,14.528128678288924,85.47187132171108,14.528128678288924,83.92368111301985,16.076318886980147,91.1663906724495,95.27187132171107,83.73464241154302,16.265357588456983,66.13919252748259,33.860807472517415,55.766493223119994,75.72182004637583,15.753670857952804,15.753670857952804,75.72182004637583,84.3273006956374,59.48179953624173,40.51820046375827,30.586349652181294,69.4136503478187,69.25367085795281,30.746329142047195,62.11726993043626,35.62998974493295,89.44912074201324,89.80548064926158,22.132678794228493,77.86732120577152,60.483660602885756,39.516339397114244,67.36907972174504,32.63092027825496,35.483660602885756,64.51633939711424,26.977249420302158,46.65553192459683,16.620889513053815,70.07921303761668,14.870940788389063,17.854498840604318,35.70910023187914,27.28728018550331,93.10548064926158,59.48179953624173,40.51820046375827,21.902689049295542,78.09731095070445,14.364529605805469,85.63547039419453,18.150879257986762,81.84912074201324,30.30372213328805,21.902689049295542,47.793588817416406,96.3263701623154,94.35635990724835,87.04364009275166,12.956359907248345,95.31085874785266,94.69183030144288,94.94270955942964,10.385419118859282,89.61458088114071,19.354498840604318,80.64550115939568,79.98914125214733,78.1199589797318,21.8800410202682,95.4527403246308,11.238159443490073,16.188108168154823,13.369079721745036,57.54829275936172,54.81178928117468,25.5799384695977,74.42006153040231,85.98996923479885,14.01003076520115,38.31633939711424,61.68366060288576,28.997208400033962,71.00279159996605,30.778077402953674,69.22192259704632,24.059048956543887,75.94095104345611,26.748087658020722,73.25191234197928,80.75087925798677,76.88459113620777,82.11003076520115,17.88996923479885,84.13092027825496,65.10093053332201,34.899069466677986,93.01178928117467,27.84550115939568,72.15449884060432,95.14550115939568,66.85180979130878,33.148190208691226,31.76442705513497,68.23557294486503,16.156359907248344,83.84364009275166,29.270940788389062,70.72905921161095,12.842709559429641,87.15729044057036,22.763599072483455,77.23640092751654,81.90186106664403,16.846329142047196,85.81820046375827,14.181799536241728,79.96732120577151,19.971768771040576,27.40455011593957,72.59544988406044,28.87269930436259,6.729989744932951,10.378179953624173,75.3536708579528,24.646329142047193,75.3536708579528,88.48179953624172,80.6263701623154,47.08717763483281,88.53185081157699,11.468149188423023,90.62998974493296,85.67549090432863,85.28459113620777,87.69638041738244,87.09276083476489,96.8726993043626,97.84364009275166,21.413650347818706,69.25367085795281,93.62275057969784,93.40548064926158,96.60361958261755,95.58273006956375,99.16091002318791,61.09731095070446,38.90268904929554,29.378179953624173,70.62182004637583,28.144570626073666,71.85542937392633,96.49183030144287,96.3527403246308,81.1527403246308
4.551781196548486,2.0,4696.0,3.0,43.03752349374868,2.082695922115181,63.39828838721046,10.816501594425151,14.087322872883762,25.132094059520433,0.14346081557696377,27.801310371059706,72.1986896289403,26.99708466202096,70.08349840557486,19.532094059520432,80.46790594047957,90.2974859037508,81.87817561721681,94.19788714548062,5.802112854519374,55.812275885386406,44.187724114613594,77.22615673769215,22.773843262307857,82.02655797942198,44.82112854519373,33.47887145480627,21.7,44.82112854519373,33.47887145480627,20.56076489346178,33.971730407788485,33.47887145480627,20.56076489346178,84.67635735855706,74.10211285451938,81.7257554959623,18.27424450403769,91.91056427259687,94.10462695076858,89.4134796105759,16.694463919901548,83.30553608009845,48.87978058413614,51.12021941586386,90.06750469874974,60.830382446730894,39.169617553269106,86.01690283615498,40.90885265980732,59.09114734019268,41.124043883172774,58.875956116827226,95.80462695076858,88.25060186259475,89.26287774798115,10.737122252018844,84.59074609846284,15.40925390153716,91.51730407788482,48.283097163845014,51.716902836154986,83.04346081557696,16.956539184423036,81.84174920278743,14.671329166058648,85.32867083394135,14.671329166058648,83.99154858192252,16.00845141807749,91.35865203894241,94.17001879499895,84.14134796105759,15.85865203894241,65.30673980528795,34.693260194712046,67.38732287288377,67.9207273034639,21.242150444517257,21.242150444517257,67.9207273034639,76.96258315212152,60.87092792432882,39.12907207567118,34.52615673769214,65.47384326230785,56.58611914769426,43.41388085230574,64.1244451249026,32.686520389424096,90.29366143644188,90.43712225201885,25.224043883172772,74.77595611682723,68.97253289124815,31.027467108751853,73.64848900807537,26.351510991924624,49.020219415863856,50.979780584136144,33.55442632990366,26.369216311539276,26.124445124902604,64.69074609846284,12.428670833941352,19.832495301250262,33.69959875827017,28.71941693240419,95.08229468038535,60.87092792432882,39.12907207567118,24.46327898971099,75.53672101028901,14.628269592211518,85.37173040778849,18.06076489346178,81.9392351065382,25.70211285451937,24.46327898971099,49.76287774798115,95.18480877663455,92.37847021307644,93.2303824467309,6.769617553269108,96.47132916605864,94.03923510653821,95.39114734019267,10.732495301250264,89.26750469874975,18.23672101028901,81.76327898971098,79.87001879499894,78.49919751654033,21.500802483459665,96.10422570903874,16.98692163115393,15.640946719327758,13.320620657593691,51.716902836154986,47.91398749817594,24.81730407788482,75.18269592211519,80.59617553269109,19.403824467308915,46.90885265980732,53.09114734019268,41.258250797212575,58.741749202787425,41.40171161278954,58.59828838721046,35.87384326230786,64.12615673769214,36.017304077884816,63.982695922115184,60.227868350481685,60.01267712711624,80.90462695076857,19.09537304923142,87.95573670096337,55.17887145480627,44.82112854519373,95.94134796105759,21.7,78.3,93.38269592211518,69.56368023144083,30.436319768559176,36.9682005363392,63.0317994636608,11.426156737692144,88.57384326230785,28.68611914769426,71.31388085230573,13.69366143644188,86.30633856355813,25.903824467308915,74.09617553269109,85.13712225201884,11.939235106538217,88.61519122336544,11.384808776634555,78.95020062086492,20.851912233654456,30.09074609846284,69.90925390153716,28.197887145480628,9.966702215290068,12.236319768559177,74.51981817413403,25.480181825865976,74.51981817413403,83.08983696913296,78.4075422887476,45.10794353047745,90.70805017634765,9.291949823652342,93.65231347538429,84.70673980528795,84.63500939749947,89.84557367009633,89.77384326230785,97.2303824467309,90.28863324394348,27.90462695076858,56.68611914769426,94.35271471711411,94.28098430932565,95.38058306759581,97.24557367009633,99.58692163115393,56.95694042615287,43.04305957384713,34.156940426152865,65.84305957384713,33.87001879499894,66.12998120500106,95.74094671932777,95.74094671932777,74.9257554959623
2.9853900474250867,0.0,24227.0,0.0,58.16381291625376,3.6674106334194487,68.95841072860838,9.373408672390779,25.095045486953293,14.009350350042173,0.5208136586270055,30.64442990343169,69.22787330628785,29.4151594117848,67.18425252748263,21.140218452889567,78.79732186952278,91.34079071331247,89.1692458776087,94.03935574994134,5.971209966032806,58.34020625707607,41.67336514630047,77.01350360770273,23.054246012046804,80.54478580801745,46.62477379270424,31.4963986816979,21.660570912224195,46.80600928494979,31.52154129776184,20.890725267920406,34.01548288667146,31.481993706683124,20.861329600998538,83.82947125271376,74.20685632129174,82.9181669513131,17.25066867713819,92.82642679460723,93.19132525250329,88.0753434776158,13.402918510885264,86.45850535533864,50.96169983752667,48.96412175915913,89.71015257192458,60.931738888797526,38.97940741522211,87.51098964575426,40.377027933057576,59.58266652577286,40.6936033339626,59.27845065723402,94.8676273848744,86.28009723310556,89.76803374054494,10.217594736535414,86.22048596604796,13.636422471410846,91.83327086721965,46.71009555507452,53.301713935952506,83.07706844770769,16.85573139945678,80.40207050227966,15.982545387405683,84.0135105929927,16.042772765567356,83.14095233422263,16.800711327506136,91.5177739106795,92.67194682370263,83.97949246616147,15.95438116149508,64.71133563776672,35.41999049517066,66.1476213786754,71.3877918084127,18.497785906659125,18.50194700692155,71.19428809908636,85.28026814686899,63.445030503259225,36.57253213410634,34.28634013050961,65.75635612882175,59.235973476901215,40.802841438631404,62.45649378840363,33.89938045713516,89.7297006892514,89.89221840057749,24.791463283989238,75.1645566399482,66.29347034639737,33.53293275247504,71.56997335878053,28.42045143830695,46.86033348961768,52.9359476592163,33.259231048234156,27.208655758483307,24.46842327310586,66.47097273951464,11.042015656930305,20.09115218345338,35.06250588445987,29.23533434710182,96.18184613183877,63.52463679303171,36.53728220000672,23.702252994463837,76.39708910474961,14.570439820239601,85.42159505744048,18.407353686434906,81.63158184461504,25.974719849849528,23.66562454389448,50.31478079752745,95.10761148422658,91.71945093844847,93.30877231054738,6.636421225484664,97.81367803828037,93.71511366529542,95.86897138007343,11.135611983765843,88.88917408499414,19.057269996250596,80.97567773852948,78.3217166074314,80.9171932508863,19.012688012811054,96.46594611314194,17.092023615580242,16.79675251391728,9.944682799444523,53.30842185547362,51.817354193021316,25.065436826957022,74.85936985219112,78.88535867890327,21.06107237139497,46.38097631538687,53.629336758307275,42.82440270687201,57.2435688916589,42.96527502414341,57.01596202390379,36.24575731755093,63.89672641807018,36.185078949357866,63.61207668493805,61.64645813315712,61.20571645651292,80.03579335123082,19.927672773495555,90.27452773490171,53.176552590388404,46.71569392711633,95.84990824850667,21.804509531390444,78.19180467852051,93.00139498117017,67.48716131403545,32.53643094830549,27.174595859388347,72.77106075683623,11.293791387698516,88.7883619969387,31.333324735534696,68.68529761936631,13.061517059186468,86.92409633065297,27.65398087604328,72.40848334889765,84.51280965420365,11.499864552194172,88.66503237653517,11.312008329271432,78.26609819761573,21.72220555864187,31.844643857117482,68.20389991446771,27.98163224719434,12.133057348613713,14.320651513232425,73.6318993431542,26.27204924060669,73.78621317003922,80.73746319368335,75.03258719514653,40.492746894272116,92.7868734365772,7.07965951862725,93.18459146331041,84.03150552793696,83.99656939513518,90.10987511155265,89.88965445536087,97.36633447005887,91.91985477889352,27.04093699269531,59.436021178919006,92.49488650119883,92.52179455937002,94.92577383861465,97.48365792676532,99.72204793622019,55.56733743847492,44.511185426085476,32.81023597328148,67.16494558064335,32.44528567485282,67.65947014332218,96.84986964484911,96.93786975865937,75.92907940058362
4.924424011173041,6.0,34612.0,3.0,10.551602054085103,7.206467516910582,79.13835844733718,10.129517779632083,13.747594941947098,18.219654131161505,0.9152081495941043,24.070577712360212,75.96667919937376,28.592251896530307,69.65793039173089,18.02814917148838,82.00441163224576,89.31213312121086,73.67412344912698,87.6489994794693,12.357214532047797,55.77946694308284,44.12438942467005,68.56063777550159,31.3704325158929,85.06032425253501,38.43959156206065,36.11197543096833,25.52796490991378,38.54495063443857,36.08773222997739,24.059034625378313,27.57156175063266,35.962915336881146,24.1356526021846,77.40116277716803,72.05622332298434,90.22627840224708,9.7410599747671,92.03724084898361,88.79547326685352,82.60375484049982,25.017183470963896,74.964377198087,61.14296315564586,38.98672379457431,95.42841486977164,46.62851418397997,53.102786823274734,83.31412191545137,39.44770004108206,60.52798094264027,38.610776307274136,61.454112271455145,92.95964177685957,89.67555364498118,91.01690895965992,9.040729021287827,82.69222951281576,17.22873130701483,91.09061612171934,55.19269175718251,44.663042689227154,75.12113383312179,24.93828660428725,79.15988427373638,19.943849588554297,80.13271370652997,19.858932586417104,87.33765880699484,12.649262523280123,91.04206986383402,94.42951403645449,82.49891840900194,17.439156611881735,71.03893780915148,29.08394071468415,64.23091746046667,69.58654879879232,21.26445146103961,21.313493118243017,69.72251659368875,85.43257938375947,62.379747935029705,37.56969177226528,32.30346413919057,67.79615841999362,55.07901059580728,44.99299965179873,50.95850656840274,48.841909086281674,87.1887605823283,87.17464268669168,20.962818616031793,78.94838565041546,74.53958889531198,25.269589422475498,82.03304582302921,17.825893638072635,56.885210282866595,43.22510632994536,25.007463208803138,52.92498705407027,23.519376730437678,61.56213677347569,17.89158859980207,13.672205552576802,30.930826455379492,30.233949585462913,97.10424349874135,62.3626581151489,37.4969757032569,17.14868234295692,82.80494827355982,16.548005556312607,83.54034597225933,23.103057843740125,76.96439440232471,31.89429159451223,17.179159950381194,50.97117305176718,90.09680748938547,87.14081552068697,83.00944702165965,16.931480267313535,94.59172142377561,95.28887656435185,94.92891212261031,10.805912038060205,89.2153488423519,19.74468164586112,80.17735982256178,83.95920942103798,71.45436516483166,28.57457281795138,94.586084815894,25.557040134817694,14.938045341644692,14.312129505863698,44.81427627244266,56.13445798231478,28.05184447508703,71.88968282931471,84.76777000435165,15.25599955100876,35.24465658353001,64.76523680232596,30.17993061122809,69.95487221546449,30.1381642314012,69.82397780962198,28.967597648258934,70.816370378331,28.912003264009964,71.05158182819758,72.22861362200773,72.09399249609473,78.38745048199868,21.601959933272607,81.31665281440395,61.531321098779394,38.59975033787283,91.91828215876826,25.36078104169433,74.61290963519396,99.27123210099488,61.035570660762836,38.89010076861041,32.12004818464207,67.68329537168205,15.899598418921654,83.94206287637594,29.327229458167498,70.6781854398058,11.322368303489455,88.7021280706213,21.774046963001723,78.18501852949555,84.77081511103131,14.616000207959745,89.0302921241851,11.016846906471399,76.00620030609178,23.82458194719582,35.671934494145916,64.23048847096874,23.92399663693559,14.165235940859192,10.907976325122506,73.1039342048791,26.943110250182503,73.12086144230734,82.44256793654803,78.85709391718399,46.86538998524254,87.0957215604935,12.976850937871818,95.3015612249337,77.23898463330572,77.48674770625249,80.79948980185993,81.07025623268567,93.11345053167692,93.43890824307414,27.477871021615382,55.18167679632584,87.35896875297776,87.45119651389585,93.08138655879038,93.97047320784348,97.01396494485905,52.23913405442871,47.76907366882279,27.066953555479046,73.00865143264197,27.712338558840223,72.26489703934982,92.82718990212956,92.84526692955097,72.42115849526857
0.06,0.0,13963.0,11.0,93.9,0.1,21.1,35.7,27.6,15.2,1.6,18.6,81.4,21.2,77.7,7.8,92.2,89.9,88.6,93.1,6.9,54.7,45.3,81.6,18.4,90.4,40.3,32.8,27.0,40.3,32.8,25.3,30.7,32.8,25.3,88.2,80.9,81.3,18.7,87.4,96.0,91.8,28.0,72.0,45.7,54.3,92.9,62.3,37.7,77.9,49.0,51.0,49.0,51.0,95.6,95.0,91.3,8.7,89.7,10.3,90.8,43.3,56.7,80.8,19.2,79.4,18.0,82.0,18.0,82.7,17.3,88.7,91.3,86.5,13.5,66.4,33.6,49.3,68.9,22.3,22.3,68.9,79.8,60.4,39.6,39.0,61.0,69.6,30.4,68.0,30.3,85.1,85.2,28.7,71.3,68.0,32.0,73.1,26.9,44.0,56.0,37.6,37.9,12.9,65.9,12.3,21.3,31.1,27.9,95.3,60.4,39.6,29.8,70.2,23.8,76.2,28.5,71.5,22.6,29.8,47.6,94.3,92.8,88.7,11.3,96.8,97.8,97.3,12.2,87.8,21.6,78.4,80.7,74.2,25.8,93.0,11.9,13.4,13.0,56.7,37.4,30.2,69.8,89.9,10.1,43.4,56.6,22.2,77.8,22.2,77.8,23.7,76.3,23.7,76.3,78.0,78.0,83.1,16.9,84.9,59.7,40.3,95.0,27.0,73.0,94.5,74.8,25.2,34.0,66.0,17.5,82.5,33.7,66.3,11.8,88.2,22.8,77.2,80.0,19.0,84.8,15.2,79.9,19.8,21.5,78.5,27.5,7.2,12.1,73.8,26.2,73.8,93.0,86.0,52.9,92.3,7.7,91.9,83.0,82.8,84.7,84.6,97.4,95.3,19.9,69.8,90.9,90.8,97.8,96.4,100.0,62.6,37.4,39.3,60.7,39.2,60.8,95.1,95.1,80.6
0.11,0.0,4697.0,11.0,91.4,0.3,33.5,34.0,29.0,14.8,0.4,18.6,81.4,21.2,77.7,7.8,92.2,89.9,88.6,93.1,6.9,54.7,45.3,81.6,18.4,90.4,40.3,32.8,27.0,40.3,32.8,25.3,30.7,32.8,25.3,88.2,80.9,81.3,18.7,87.4,96.0,91.8,28.0,72.0,45.7,54.3,92.9,62.3,37.7,77.9,49.0,51.0,49.0,51.0,95.6,95.0,91.3,8.7,89.7,10.3,90.8,43.3,56.7,80.8,19.2,79.4,18.0,82.0,18.0,82.7,17.3,88.7,91.3,86.5,13.5,66.4,33.6,49.3,68.9,22.3,22.3,68.9,79.8,60.4,39.6,39.0,61.0,69.6,30.4,68.0,30.3,85.1,85.2,28.7,71.3,68.0,32.0,73.1,26.9,44.0,56.0,37.6,37.9,12.9,65.9,12.3,21.3,31.1,27.9,95.3,60.4,39.6,29.8,70.2,23.8,76.2,28.5,71.5,22.6,29.8,47.6,94.3,92.8,88.7,11.3,96.8,97.8,97.3,12.2,87.8,21.6,78.4,80.7,74.2,25.8,93.0,11.9,13.4,13.0,56.7,37.4,30.2,69.8,89.9,10.1,43.4,56.6,22.2,77.8,22.2,77.8,23.7,76.3,23.7,76.3,78.0,78.0,83.1,16.9,84.9,59.7,40.3,95.0,27.0,73.0,94.5,74.8,25.2,34.0,66.0,17.5,82.5,33.7,66.3,11.8,88.2,22.8,77.2,80.0,19.0,84.8,15.2,79.9,19.8,21.5,78.5,27.5,7.2,12.1,73.8,26.2,73.8,93.0,86.0,52.9,92.3,7.7,91.9,83.0,82.8,84.7,84.6,97.4,95.3,19.9,69.8,90.9,90.8,97.8,96.4,100.0,62.6,37.4,39.3,60.7,39.2,60.8,95.1,95.1,80.6
0.11,0.0,8021.0,8.0,87.1,1.1,14.4,31.7,14.5,9.8,1.0,28.6,71.4,30.5,69.4,19.7,80.3,86.7,94.1,92.2,7.8,47.4,52.6,73.2,26.8,82.4,36.4,34.9,28.7,36.4,34.9,26.7,30.5,34.9,26.7,80.4,78.1,82.3,17.7,92.5,94.9,92.4,15.9,84.1,52.4,47.6,93.9,55.6,44.4,84.6,35.7,64.3,35.7,64.3,96.5,88.4,91.2,8.8,92.4,7.6,92.9,38.3,61.7,72.6,27.4,81.5,14.9,85.1,14.9,84.0,16.0,90.5,94.5,85.7,14.3,66.8,33.2,59.1,72.8,18.4,18.4,72.8,83.8,59.1,40.9,26.9,73.1,68.7,31.3,62.5,35.2,90.6,90.7,22.9,77.1,62.0,38.0,67.1,32.9,41.3,58.7,22.3,50.7,15.6,75.5,16.5,18.3,33.9,26.7,93.7,59.1,40.9,20.2,79.8,11.6,88.4,14.5,85.5,33.6,20.2,46.1,96.3,94.6,88.8,11.2,92.3,89.7,91.0,10.9,89.1,22.1,77.9,76.9,80.0,20.0,95.9,11.9,11.7,12.9,61.7,49.0,22.9,77.1,82.2,17.8,28.9,71.1,34.8,65.2,34.5,65.5,29.3,70.7,28.8,71.2,73.7,74.3,81.4,18.6,83.6,63.6,36.4,94.2,28.7,71.3,96.1,68.4,31.6,34.4,65.6,18.2,81.8,34.6,65.4,14.8,85.2,25.2,74.8,79.1,19.3,83.8,16.2,78.2,21.7,33.0,67.0,31.1,4.8,9.4,76.9,23.1,76.9,87.9,80.1,48.4,83.1,16.9,89.3,77.3,76.8,80.8,80.4,96.5,96.6,23.5,68.8,95.1,95.1,97.0,96.4,99.4,61.2,38.8,26.1,73.9,25.9,74.1,96.4,96.3,80.6
0.15,0.0,9546.0,8.0,92.6,0.8,22.1,30.6,14.9,11.1,0.6,28.6,71.4,30.5,69.4,19.7,80.3,86.7,94.1,92.2,7.8,47.4,52.6,73.2,26.8,82.4,36.4,34.9,28.7,36.4,34.9,26.7,30.5,34.9,26.7,80.4,78.1,82.3,17.7,92.5,94.9,92.4,15.9,84.1,52.4,47.6,93.9,55.6,44.4,84.6,35.7,64.3,35.7,64.3,96.5,88.4,91.2,8.8,92.4,7.6,92.9,38.3,61.7,72.6,27.4,81.5,14.9,85.1,14.9,84.0,16.0,90.5,94.5,85.7,14.3,66.8,33.2,59.1,72.8,18.4,18.4,72.8,83.8,59.1,40.9,26.9,73.1,68.7,31.3,62.5,35.2,90.6,90.7,22.9,77.1,62.0,38.0,67.1,32.9,41.3,58.7,22.3,50.7,15.6,75.5,16.5,18.3,33.9,26.7,93.7,59.1,40.9,20.2,79.8,11.6,88.4,14.5,85.5,33.6,20.2,46.1,96.3,94.6,88.8,11.2,92.3,89.7,91.0,10.9,89.1,22.1,77.9,76.9,80.0,20.0,95.9,11.9,11.7,12.9,61.7,49.0,22.9,77.1,82.2,17.8,28.9,71.1,34.8,65.2,34.5,65.5,29.3,70.7,28.8,71.2,73.7,74.3,81.4,18.6,83.6,63.6,36.4,94.2,28.7,71.3,96.1,68.4,31.6,34.4,65.6,18.2,81.8,34.6,65.4,14.8,85.2,25.2,74.8,79.1,19.3,83.8,16.2,78.2,21.7,33.0,67.0,31.1,4.8,9.4,76.9,23.1,76.9,87.9,80.1,48.4,83.1,16.9,89.3,77.3,76.8,80.8,80.4,96.5,96.6,23.5,68.8,95.1,95.1,97.0,96.4,99.4,61.2,38.8,26.1,73.9,25.9,74.1,96.4,96.3,80.6
0.23,0.0,18794.0,1.0,76.4,2.6,40.5,14.3,21.0,11.4,0.3,30.6,69.4,29.4,67.2,21.2,78.8,91.4,89.2,94.0,6.0,58.3,41.7,77.0,23.0,80.5,46.8,31.5,21.7,46.8,31.5,20.9,34.0,31.5,20.9,83.8,74.3,82.8,17.2,92.9,93.2,88.0,13.5,86.5,51.0,49.0,89.7,61.0,39.0,87.6,40.4,59.6,40.7,59.3,94.9,86.3,89.8,10.2,86.4,13.6,91.8,46.7,53.3,83.1,16.9,80.4,16.0,84.0,16.0,83.2,16.8,91.5,92.7,84.0,16.0,64.6,35.4,66.2,71.2,18.5,18.5,71.2,85.5,63.5,36.5,34.3,65.7,59.3,40.7,62.4,34.1,89.7,89.9,24.8,75.2,66.4,33.6,71.5,28.5,46.9,53.1,33.3,27.5,24.4,66.5,11.1,20.2,35.0,29.2,96.1,63.5,36.5,23.7,76.3,14.6,85.4,18.4,81.6,25.9,23.7,50.3,95.1,91.7,93.4,6.6,97.8,93.7,95.9,11.1,88.9,19.0,81.0,78.4,81.1,18.9,96.5,17.1,16.8,9.9,53.3,51.9,25.1,74.9,78.9,21.1,46.4,53.6,42.7,57.3,42.9,57.1,36.1,63.9,36.3,63.7,61.5,61.2,80.0,20.0,90.5,53.2,46.8,95.8,21.7,78.3,93.1,67.5,32.5,27.3,72.7,11.2,88.8,31.4,68.6,13.1,86.9,27.6,72.4,84.6,11.6,88.7,11.3,78.3,21.7,31.9,68.1,28.0,12.2,14.3,73.7,26.3,73.7,80.8,75.1,40.5,92.8,7.2,93.2,84.0,83.9,90.1,90.0,97.4,91.9,27.0,59.4,92.6,92.5,94.9,97.5,99.7,55.6,44.4,32.8,67.2,32.4,67.6,96.9,96.9,76.0
0.4,0.0,19614.0,8.0,77.8,5.1,33.0,15.6,15.1,11.9,0.8,28.6,71.4,30.5,69.4,19.7,80.3,86.7,94.1,92.2,7.8,47.4,52.6,73.2,26.8,82.4,36.4,34.9,28.7,36.4,34.9,26.7,30.5,34.9,26.7,80.4,78.1,82.3,17.7,92.5,94.9,92.4,15.9,84.1,52.4,47.6,93.9,55.6,44.4,84.6,35.7,64.3,35.7,64.3,96.5,88.4,91.2,8.8,92.4,7.6,92.9,38.3,61.7,72.6,27.4,81.5,14.9,85.1,14.9,84.0,16.0,90.5,94.5,85.7,14.3,66.8,33.2,59.1,72.8,18.4,18.4,72.8,83.8,59.1,40.9,26.9,73.1,68.7,31.3,62.5,35.2,90.6,90.7,22.9,77.1,62.0,38.0,67.1,32.9,41.3,58.7,22.3,50.7,15.6,75.5,16.5,18.3,33.9,26.7,93.7,59.1,40.9,20.2,79.8,11.6,88.4,14.5,85.5,33.6,20.2,46.1,96.3,94.6,88.8,11.2,92.3,89.7,91.0,10.9,89.1,22.1,77.9,76.9,80.0,20.0,95.9,11.9,11.7,12.9,61.7,49.0,22.9,77.1,82.2,17.8,28.9,71.1,34.8,65.2,34.5,65.5,29.3,70.7,28.8,71.2,73.7,74.3,81.4,18.6,83.6,63.6,36.4,94.2,28.7,71.3,96.1,68.4,31.6,34.4,65.6,18.2,81.8,34.6,65.4,14.8,85.2,25.2,74.8,79.1,19.3,83.8,16.2,78.2,21.7,33.0,67.0,31.1,4.8,9.4,76.9,23.1,76.9,87.9,80.1,48.4,83.1,16.9,89.3,77.3,76.8,80.8,80.4,96.5,96.6,23.5,68.8,95.1,95.1,97.0,96.4,99.4,61.2,38.8,26.1,73.9,25.9,74.1,96.4,96.3,80.6
0.47,0.0,412599.0,6.0,31.6,16.2,47.7,5.5,12.7,33.1,1.5,22.7,77.3,29.9,69.8,15.0,85.0,87.1,89.2,90.4,9.6,52.1,47.9,83.3,16.7,86.0,36.8,30.6,32.5,36.8,30.6,29.3,31.8,30.6,29.3,84.2,73.1,83.0,17.0,94.4,93.4,94.5,26.0,74.0,45.3,54.7,91.1,64.5,35.5,87.8,41.8,58.2,42.1,57.9,97.1,93.2,94.0,6.0,88.8,11.2,95.2,41.6,58.4,82.4,17.6,84.2,11.8,88.2,11.8,85.2,14.8,92.6,96.3,88.1,11.9,72.1,27.9,48.8,75.0,19.0,19.0,75.0,84.0,51.2,48.8,36.1,63.9,67.5,32.5,64.4,33.5,90.6,90.7,18.2,81.8,63.8,36.2,67.7,32.3,47.6,52.4,22.0,49.8,23.3,65.6,17.3,14.0,37.2,27.3,92.9,51.2,48.8,28.8,71.2,17.7,82.3,21.6,78.4,29.8,28.8,41.4,97.2,95.6,88.9,11.1,95.5,89.4,92.5,8.9,91.1,14.8,85.2,75.9,80.5,19.5,97.4,12.8,15.5,12.6,58.4,44.2,25.6,74.4,85.4,14.6,34.3,65.7,24.8,75.2,25.4,74.6,18.9,81.1,19.0,81.0,84.4,84.3,82.7,17.3,87.8,63.2,36.8,92.5,32.5,67.5,96.5,69.6,30.4,30.4,69.6,13.3,86.7,28.4,71.6,11.0,89.0,20.8,79.2,80.9,18.3,84.0,16.0,76.5,23.5,35.1,64.9,29.6,5.6,13.0,72.2,27.8,72.2,90.5,83.1,48.8,92.0,8.0,91.0,85.5,85.3,89.2,89.1,96.4,97.9,21.3,67.5,94.7,94.6,98.2,97.4,99.7,62.1,37.9,34.1,65.9,33.8,66.2,97.0,97.0,74.3
0.52,0.0,2282.0,10.0,78.0,0.2,51.3,12.1,19.2,15.8,2.5,23.9,76.1,26.3,73.3,17.2,82.8,87.3,90.7,94.2,5.8,50.3,49.7,75.6,24.4,88.0,36.3,39.0,24.8,36.3,39.0,23.2,30.9,39.0,23.2,87.9,82.3,87.3,12.7,91.0,94.0,93.1,33.7,66.3,50.8,49.2,92.3,60.9,39.1,86.3,35.7,64.3,38.3,61.7,96.9,92.1,89.1,10.9,87.5,12.5,92.5,49.7,50.3,76.9,23.1,78.1,18.0,82.0,18.0,81.0,19.0,89.4,91.8,77.4,22.6,59.5,40.5,47.3,75.6,13.5,13.5,75.6,82.5,60.7,39.3,31.5,68.5,67.0,33.0,62.3,36.3,87.5,88.1,25.3,74.7,58.9,41.1,68.1,31.9,33.9,66.1,28.5,41.6,17.9,62.1,12.8,20.9,35.1,26.8,91.4,60.7,39.3,24.4,75.6,15.4,84.6,20.1,79.9,24.7,24.4,50.9,95.9,94.6,86.8,13.2,98.6,93.9,96.1,12.7,87.3,22.4,77.6,76.7,80.8,19.2,94.6,12.7,21.0,14.1,50.3,56.7,29.6,70.4,88.0,12.0,39.9,60.1,33.2,66.8,37.6,62.4,26.8,73.2,32.9,67.1,82.7,73.9,80.1,19.9,83.4,63.7,36.3,94.9,24.8,75.2,92.1,67.4,32.6,39.5,60.5,16.4,83.6,27.2,72.8,14.0,86.0,25.2,74.8,79.1,19.1,84.6,15.4,76.8,23.2,27.1,72.9,30.7,7.4,10.5,73.1,26.9,73.1,89.7,80.2,53.3,86.4,13.6,91.3,83.3,82.3,86.6,84.9,98.7,97.6,20.5,67.0,92.1,91.7,97.7,95.4,99.1,58.6,41.4,29.5,70.5,26.5,73.5,95.7,95.5,80.3
0.55,0.0,6187.0,10.0,79.5,0.7,45.2,24.7,33.6,28.0,1.2,23.9,76.1,26.3,73.3,17.2,82.8,87.3,90.7,94.2,5.8,50.3,49.7,75.6,24.4,88.0,36.3,39.0,24.8,36.3,39.0,23.2,30.9,39.0,23.2,87.9,82.3,87.3,12.7,91.0,94.0,93.1,33.7,66.3,50.8,49.2,92.3,60.9,39.1,86.3,35.7,64.3,38.3,61.7,96.9,92.1,89.1,10.9,87.5,12.5,92.5,49.7,50.3,76.9,23.1,78.1,18.0,82.0,18.0,81.0,19.0,89.4,91.8,77.4,22.6,59.5,40.5,47.3,75.6,13.5,13.5,75.6,82.5,60.7,39.3,31.5,68.5,67.0,33.0,62.3,36.3,87.5,88.1,25.3,74.7,58.9,41.1,68.1,31.9,33.9,66.1,28.5,41.6,17.9,62.1,12.8,20.9,35.1,26.8,91.4,60.7,39.3,24.4,75.6,15.4,84.6,20.1,79.9,24.7,24.4,50.9,95.9,94.6,86.8,13.2,98.6,93.9,96.1,12.7,87.3,22.4,77.6,76.7,80.8,19.2,94.6,12.7,21.0,14.1,50.3,56.7,29.6,70.4,88.0,12.0,39.9,60.1,33.2,66.8,37.6,62.4,26.8,73.2,32.9,67.1,82.7,73.9,80.1,19.9,83.4,63.7,36.3,94.9,24.8,75.2,92.1,67.4,32.6,39.5,60.5,16.4,83.6,27.2,72.8,14.0,86.0,25.2,74.8,79.1,19.1,84.6,15.4,76.8,23.2,27.1,72.9,30.7,7.4,10.5,73.1,26.9,73.1,89.7,80.2,53.3,86.4,13.6,91.3,83.3,82.3,86.6,84.9,98.7,97.6,20.5,67.0,92.1,91.7,97.7,95.4,99.1,58.6,41.4,29.5,70.5,26.5,73.5,95.7,95.5,80.3
0.7,0.0,3414.0,9.0,68.7,5.8,38.2,6.4,19.0,13.6,0.3,20.7,79.3,20.9,77.4,15.3,84.7,87.5,63.3,94.7,5.3,49.5,50.5,77.8,22.2,85.9,39.8,38.5,21.7,39.8,38.5,19.7,33.9,38.5,19.7,86.9,73.6,79.0,21.0,89.4,96.4,93.0,24.8,75.2,43.5,56.5,91.0,60.4,39.6,82.0,42.2,57.8,42.2,57.8,98.1,93.2,87.9,12.1,80.0,20.0,90.8,52.3,47.7,82.9,17.1,85.5,11.3,88.7,11.3,86.0,14.0,91.0,97.9,84.5,15.5,67.1,32.9,70.4,59.6,28.2,28.2,59.6,55.3,54.2,45.8,35.1,64.9,49.7,50.3,68.5,29.1,91.8,91.8,26.3,73.7,75.5,24.5,79.1,20.9,54.4,45.6,34.2,23.5,30.5,60.1,15.8,18.9,30.4,27.5,92.5,54.2,45.8,26.4,73.6,14.7,85.3,17.2,82.8,25.2,26.4,48.4,95.4,94.1,92.8,7.2,93.1,94.9,94.1,9.8,90.2,16.3,83.7,83.6,71.9,28.1,95.1,16.7,12.7,22.0,47.7,37.8,24.1,75.9,84.9,15.1,48.2,51.8,37.6,62.4,37.6,62.4,35.3,64.7,35.3,64.7,57.0,57.0,83.2,16.8,81.5,60.2,39.8,96.3,21.7,78.3,94.1,74.8,25.2,61.5,38.5,12.0,88.0,21.8,78.2,15.2,84.8,21.6,78.4,86.5,12.8,88.4,11.6,80.6,18.7,25.5,74.5,28.7,4.3,7.0,76.6,23.4,76.6,88.9,86.8,56.8,85.4,14.6,94.8,86.5,86.5,89.2,89.2,96.8,86.2,30.2,49.8,98.8,98.8,96.6,96.6,99.3,60.4,39.6,37.6,62.4,37.6,62.4,92.8,92.8,72.2
0.73,59.0,235760.0,10.0,82.7,3.4,29.6,16.3,21.6,25.9,2.1,23.9,76.1,26.3,73.3,17.2,82.8,87.3,90.7,94.2,5.8,50.3,49.7,75.6,24.4,88.0,36.3,39.0,24.8,36.3,39.0,23.2,30.9,39.0,23.2,87.9,82.3,87.3,12.7,91.0,94.0,93.1,33.7,66.3,50.8,49.2,92.3,60.9,39.1,86.3,35.7,64.3,38.3,61.7,96.9,92.1,89.1,10.9,87.5,12.5,92.5,49.7,50.3,76.9,23.1,78.1,18.0,82.0,18.0,81.0,19.0,89.4,91.8,77.4,22.6,59.5,40.5,47.3,75.6,13.5,13.5,75.6,82.5,60.7,39.3,31.5,68.5,67.0,33.0,62.3,36.3,87.5,88.1,25.3,74.7,58.9,41.1,68.1,31.9,33.9,66.1,28.5,41.6,17.9,62.1,12.8,20.9,35.1,26.8,91.4,60.7,39.3,24.4,75.6,15.4,84.6,20.1,79.9,24.7,24.4,50.9,95.9,94.6,86.8,13.2,98.6,93.9,96.1,12.7,87.3,22.4,77.6,76.7,80.8,19.2,94.6,12.7,21.0,14.1,50.3,56.7,29.6,70.4,88.0,12.0,39.9,60.1,33.2,66.8,37.6,62.4,26.8,73.2,32.9,67.1,82.7,73.9,80.1,19.9,83.4,63.7,36.3,94.9,24.8,75.2,92.1,67.4,32.6,39.5,60.5,16.4,83.6,27.2,72.8,14.0,86.0,25.2,74.8,79.1,19.1,84.6,15.4,76.8,23.2,27.1,72.9,30.7,7.4,10.5,73.1,26.9,73.1,89.7,80.2,53.3,86.4,13.6,91.3,83.3,82.3,86.6,84.9,98.7,97.6,20.5,67.0,92.1,91.7,97.7,95.4,99.1,58.6,41.4,29.5,70.5,26.5,73.5,95.7,95.5,80.3
0.79,1.0,3367.0,2.0,25.6,3.4,73.6,5.1,15.6,16.8,0.7,22.8,77.2,32.1,67.3,18.1,81.9,96.4,73.7,87.2,12.8,62.5,37.5,68.6,31.4,86.0,44.5,25.6,30.0,44.5,25.6,28.7,33.6,25.6,28.7,85.2,85.1,89.4,10.6,87.8,93.7,85.7,19.0,81.0,51.8,48.2,98.0,54.4,45.6,88.6,37.0,63.0,37.3,62.7,92.4,90.7,90.5,9.5,88.7,11.3,90.3,46.8,53.2,75.3,24.7,81.8,15.5,84.5,15.5,83.0,17.0,88.6,93.6,80.4,19.6,59.2,40.8,58.2,71.4,19.1,19.1,71.4,88.7,62.0,38.0,29.9,70.1,62.9,37.1,52.5,44.7,90.2,90.3,27.4,72.6,62.6,37.4,67.6,32.4,50.9,49.1,22.4,38.4,18.7,69.5,7.4,18.0,34.1,31.1,94.2,62.0,38.0,13.8,86.2,8.6,91.4,12.4,87.6,31.7,13.8,54.6,93.0,90.6,90.2,9.8,97.9,95.4,96.7,11.2,88.8,20.6,79.4,90.5,68.1,31.9,92.7,20.1,7.0,19.3,53.2,44.5,29.2,70.8,85.4,14.6,32.1,67.9,37.4,62.6,36.9,63.1,33.2,66.8,32.7,67.3,68.2,68.8,79.1,20.9,82.9,55.5,44.5,89.9,30.0,70.0,98.5,61.5,38.5,26.3,73.7,17.3,82.7,29.8,70.2,17.7,82.3,25.1,74.9,86.9,12.7,89.4,10.6,70.2,29.7,25.5,74.5,27.6,11.9,9.8,79.3,20.7,79.3,82.6,77.0,52.8,86.2,13.8,94.8,85.8,85.7,87.5,87.4,95.4,96.0,25.7,63.0,94.5,94.8,93.7,95.9,100.0,49.8,50.2,29.8,70.2,29.8,70.2,98.1,98.1,86.1
0.8,2.0,7057.0,1.0,66.0,0.9,71.3,7.4,28.6,15.2,3.7,30.6,69.4,29.4,67.2,21.2,78.8,91.4,89.2,94.0,6.0,58.3,41.7,77.0,23.0,80.5,46.8,31.5,21.7,46.8,31.5,20.9,34.0,31.5,20.9,83.8,74.3,82.8,17.2,92.9,93.2,88.0,13.5,86.5,51.0,49.0,89.7,61.0,39.0,87.6,40.4,59.6,40.7,59.3,94.9,86.3,89.8,10.2,86.4,13.6,91.8,46.7,53.3,83.1,16.9,80.4,16.0,84.0,16.0,83.2,16.8,91.5,92.7,84.0,16.0,64.6,35.4,66.2,71.2,18.5,18.5,71.2,85.5,63.5,36.5,34.3,65.7,59.3,40.7,62.4,34.1,89.7,89.9,24.8,75.2,66.4,33.6,71.5,28.5,46.9,53.1,33.3,27.5,24.4,66.5,11.1,20.2,35.0,29.2,96.1,63.5,36.5,23.7,76.3,14.6,85.4,18.4,81.6,25.9,23.7,50.3,95.1,91.7,93.4,6.6,97.8,93.7,95.9,11.1,88.9,19.0,81.0,78.4,81.1,18.9,96.5,17.1,16.8,9.9,53.3,51.9,25.1,74.9,78.9,21.1,46.4,53.6,42.7,57.3,42.9,57.1,36.1,63.9,36.3,63.7,61.5,61.2,80.0,20.0,90.5,53.2,46.8,95.8,21.7,78.3,93.1,67.5,32.5,27.3,72.7,11.2,88.8,31.4,68.6,13.1,86.9,27.6,72.4,84.6,11.6,88.7,11.3,78.3,21.7,31.9,68.1,28.0,12.2,14.3,73.7,26.3,73.7,80.8,75.1,40.5,92.8,7.2,93.2,84.0,83.9,90.1,90.0,97.4,91.9,27.0,59.4,92.6,92.5,94.9,97.5,99.7,55.6,44.4,32.8,67.2,32.4,67.6,96.9,96.9,76.0
0.94,0.0,3246.0,2.0,33.5,4.9,68.1,11.9,17.7,13.5,1.1,22.8,77.2,32.1,67.3,18.1,81.9,96.4,73.7,87.2,12.8,62.5,37.5,68.6,31.4,86.0,44.5,25.6,30.0,44.5,25.6,28.7,33.6,25.6,28.7,85.2,85.1,89.4,10.6,87.8,93.7,85.7,19.0,81.0,51.8,48.2,98.0,54.4,45.6,88.6,37.0,63.0,37.3,62.7,92.4,90.7,90.5,9.5,88.7,11.3,90.3,46.8,53.2,75.3,24.7,81.8,15.5,84.5,15.5,83.0,17.0,88.6,93.6,80.4,19.6,59.2,40.8,58.2,71.4,19.1,19.1,71.4,88.7,62.0,38.0,29.9,70.1,62.9,37.1,52.5,44.7,90.2,90.3,27.4,72.6,62.6,37.4,67.6,32.4,50.9,49.1,22.4,38.4,18.7,69.5,7.4,18.0,34.1,31.1,94.2,62.0,38.0,13.8,86.2,8.6,91.4,12.4,87.6,31.7,13.8,54.6,93.0,90.6,90.2,9.8,97.9,95.4,96.7,11.2,88.8,20.6,79.4,90.5,68.1,31.9,92.7,20.1,7.0,19.3,53.2,44.5,29.2,70.8,85.4,14.6,32.1,67.9,37.4,62.6,36.9,63.1,33.2,66.8,32.7,67.3,68.2,68.8,79.1,20.9,82.9,55.5,44.5,89.9,30.0,70.0,98.5,61.5,38.5,26.3,73.7,17.3,82.7,29.8,70.2,17.7,82.3,25.1,74.9,86.9,12.7,89.4,10.6,70.2,29.7,25.5,74.5,27.6,11.9,9.8,79.3,20.7,79.3,82.6,77.0,52.8,86.2,13.8,94.8,85.8,85.7,87.5,87.4,95.4,96.0,25.7,63.0,94.5,94.8,93.7,95.9,100.0,49.8,50.2,29.8,70.2,29.8,70.2,98.1,98.1,86.1
1.02,0.0,11994.0,4.0,11.2,22.4,62.8,14.6,12.7,16.0,0.8,24.1,75.9,28.6,69.7,18.0,82.0,89.3,73.8,87.6,12.4,55.8,44.2,68.6,31.4,85.1,38.5,36.1,25.4,38.5,36.1,24.1,27.6,36.1,24.1,77.4,72.0,90.2,9.8,92.0,88.8,82.7,25.1,74.9,61.1,38.9,95.4,46.8,53.2,83.3,39.5,60.5,38.6,61.4,93.0,89.6,91.0,9.0,82.7,17.3,91.1,55.2,44.8,75.1,24.9,79.2,19.9,80.1,19.9,87.4,12.6,91.0,94.4,82.5,17.5,71.0,29.0,64.2,69.6,21.3,21.3,69.6,85.2,62.4,37.6,32.2,67.8,55.1,44.9,50.8,48.8,87.2,87.2,21.0,79.0,74.6,25.4,82.1,17.9,56.8,43.2,25.1,53.1,23.5,61.5,17.9,13.7,30.9,30.2,97.1,62.4,37.6,17.2,82.8,16.5,83.5,23.0,77.0,31.8,17.2,51.0,90.1,87.2,83.0,17.0,94.6,95.3,94.9,10.8,89.2,19.8,80.2,84.0,71.4,28.6,94.6,25.6,14.8,14.4,44.8,56.4,28.1,71.9,84.7,15.3,35.2,64.8,30.2,69.8,30.2,69.8,29.0,71.0,29.0,71.0,72.3,72.3,78.4,21.6,81.5,61.5,38.5,91.9,25.4,74.6,99.2,61.1,38.9,32.1,67.9,16.0,84.0,29.3,70.7,11.3,88.7,21.8,78.2,84.8,14.7,89.0,11.0,76.0,23.8,35.7,64.3,23.9,14.2,10.9,73.1,26.9,73.1,82.4,78.9,46.8,87.1,12.9,95.3,77.2,77.4,80.8,81.0,93.1,93.5,27.6,55.1,87.4,87.4,93.1,94.0,97.0,52.2,47.8,27.0,73.0,27.7,72.3,92.8,92.8,72.4
1.04,0.0,42154.0,6.0,42.0,11.4,57.4,10.7,14.2,20.7,0.7,22.7,77.3,29.9,69.8,15.0,85.0,87.1,89.2,90.4,9.6,52.1,47.9,83.3,16.7,86.0,36.8,30.6,32.5,36.8,30.6,29.3,31.8,30.6,29.3,84.2,73.1,83.0,17.0,94.4,93.4,94.5,26.0,74.0,45.3,54.7,91.1,64.5,35.5,87.8,41.8,58.2,42.1,57.9,97.1,93.2,94.0,6.0,88.8,11.2,95.2,41.6,58.4,82.4,17.6,84.2,11.8,88.2,11.8,85.2,14.8,92.6,96.3,88.1,11.9,72.1,27.9,48.8,75.0,19.0,19.0,75.0,84.0,51.2,48.8,36.1,63.9,67.5,32.5,64.4,33.5,90.6,90.7,18.2,81.8,63.8,36.2,67.7,32.3,47.6,52.4,22.0,49.8,23.3,65.6,17.3,14.0,37.2,27.3,92.9,51.2,48.8,28.8,71.2,17.7,82.3,21.6,78.4,29.8,28.8,41.4,97.2,95.6,88.9,11.1,95.5,89.4,92.5,8.9,91.1,14.8,85.2,75.9,80.5,19.5,97.4,12.8,15.5,12.6,58.4,44.2,25.6,74.4,85.4,14.6,34.3,65.7,24.8,75.2,25.4,74.6,18.9,81.1,19.0,81.0,84.4,84.3,82.7,17.3,87.8,63.2,36.8,92.5,32.5,67.5,96.5,69.6,30.4,30.4,69.6,13.3,86.7,28.4,71.6,11.0,89.0,20.8,79.2,80.9,18.3,84.0,16.0,76.5,23.5,35.1,64.9,29.6,5.6,13.0,72.2,27.8,72.2,90.5,83.1,48.8,92.0,8.0,91.0,85.5,85.3,89.2,89.1,96.4,97.9,21.3,67.5,94.7,94.6,98.2,97.4,99.7,62.1,37.9,34.1,65.9,33.8,66.2,97.0,97.0,74.3
1.07,5.0,9288.0,1.0,66.7,0.3,64.0,8.9,24.1,16.9,0.2,30.6,69.4,29.4,67.2,21.2,78.8,91.4,89.2,94.0,6.0,58.3,41.7,77.0,23.0,80.5,46.8,31.5,21.7,46.8,31.5,20.9,34.0,31.5,20.9,83.8,74.3,82.8,17.2,92.9,93.2,88.0,13.5,86.5,51.0,49.0,89.7,61.0,39.0,87.6,40.4,59.6,40.7,59.3,94.9,86.3,89.8,10.2,86.4,13.6,91.8,46.7,53.3,83.1,16.9,80.4,16.0,84.0,16.0,83.2,16.8,91.5,92.7,84.0,16.0,64.6,35.4,66.2,71.2,18.5,18.5,71.2,85.5,63.5,36.5,34.3,65.7,59.3,40.7,62.4,34.1,89.7,89.9,24.8,75.2,66.4,33.6,71.5,28.5,46.9,53.1,33.3,27.5,24.4,66.5,11.1,20.2,35.0,29.2,96.1,63.5,36.5,23.7,76.3,14.6,85.4,18.4,81.6,25.9,23.7,50.3,95.1,91.7,93.4,6.6,97.8,93.7,95.9,11.1,88.9,19.0,81.0,78.4,81.1,18.9,96.5,17.1,16.8,9.9,53.3,51.9,25.1,74.9,78.9,21.1,46.4,53.6,42.7,57.3,42.9,57.1,36.1,63.9,36.3,63.7,61.5,61.2,80.0,20.0,90.5,53.2,46.8,95.8,21.7,78.3,93.1,67.5,32.5,27.3,72.7,11.2,88.8,31.4,68.6,13.1,86.9,27.6,72.4,84.6,11.6,88.7,11.3,78.3,21.7,31.9,68.1,28.0,12.2,14.3,73.7,26.3,73.7,80.8,75.1,40.5,92.8,7.2,93.2,84.0,83.9,90.1,90.0,97.4,91.9,27.0,59.4,92.6,92.5,94.9,97.5,99.7,55.6,44.4,32.8,67.2,32.4,67.6,96.9,96.9,76.0
1.08,1.0,52314.0,8.0,65.4,1.2,46.4,13.6,19.5,15.7,1.2,28.6,71.4,30.5,69.4,19.7,80.3,86.7,94.1,92.2,7.8,47.4,52.6,73.2,26.8,82.4,36.4,34.9,28.7,36.4,34.9,26.7,30.5,34.9,26.7,80.4,78.1,82.3,17.7,92.5,94.9,92.4,15.9,84.1,52.4,47.6,93.9,55.6,44.4,84.6,35.7,64.3,35.7,64.3,96.5,88.4,91.2,8.8,92.4,7.6,92.9,38.3,61.7,72.6,27.4,81.5,14.9,85.1,14.9,84.0,16.0,90.5,94.5,85.7,14.3,66.8,33.2,59.1,72.8,18.4,18.4,72.8,83.8,59.1,40.9,26.9,73.1,68.7,31.3,62.5,35.2,90.6,90.7,22.9,77.1,62.0,38.0,67.1,32.9,41.3,58.7,22.3,50.7,15.6,75.5,16.5,18.3,33.9,26.7,93.7,59.1,40.9,20.2,79.8,11.6,88.4,14.5,85.5,33.6,20.2,46.1,96.3,94.6,88.8,11.2,92.3,89.7,91.0,10.9,89.1,22.1,77.9,76.9,80.0,20.0,95.9,11.9,11.7,12.9,61.7,49.0,22.9,77.1,82.2,17.8,28.9,71.1,34.8,65.2,34.5,65.5,29.3,70.7,28.8,71.2,73.7,74.3,81.4,18.6,83.6,63.6,36.4,94.2,28.7,71.3,96.1,68.4,31.6,34.4,65.6,18.2,81.8,34.6,65.4,14.8,85.2,25.2,74.8,79.1,19.3,83.8,16.2,78.2,21.7,33.0,67.0,31.1,4.8,9.4,76.9,23.1,76.9,87.9,80.1,48.4,83.1,16.9,89.3,77.3,76.8,80.8,80.4,96.5,96.6,23.5,68.8,95.1,95.1,97.0,96.4,99.4,61.2,38.8,26.1,73.9,25.9,74.1,96.4,96.3,80.6
1.13,0.0,20228.0,8.0,49.4,2.6,55.5,5.8,6.8,20.1,0.7,28.6,71.4,30.5,69.4,19.7,80.3,86.7,94.1,92.2,7.8,47.4,52.6,73.2,26.8,82.4,36.4,34.9,28.7,36.4,34.9,26.7,30.5,34.9,26.7,80.4,78.1,82.3,17.7,92.5,94.9,92.4,15.9,84.1,52.4,47.6,93.9,55.6,44.4,84.6,35.7,64.3,35.7,64.3,96.5,88.4,91.2,8.8,92.4,7.6,92.9,38.3,61.7,72.6,27.4,81.5,14.9,85.1,14.9,84.0,16.0,90.5,94.5,85.7,14.3,66.8,33.2,59.1,72.8,18.4,18.4,72.8,83.8,59.1,40.9,26.9,73.1,68.7,31.3,62.5,35.2,90.6,90.7,22.9,77.1,62.0,38.0,67.1,32.9,41.3,58.7,22.3,50.7,15.6,75.5,16.5,18.3,33.9,26.7,93.7,59.1,40.9,20.2,79.8,11.6,88.4,14.5,85.5,33.6,20.2,46.1,96.3,94.6,88.8,11.2,92.3,89.7,91.0,10.9,89.1,22.1,77.9,76.9,80.0,20.0,95.9,11.9,11.7,12.9,61.7,49.0,22.9,77.1,82.2,17.8,28.9,71.1,34.8,65.2,34.5,65.5,29.3,70.7,28.8,71.2,73.7,74.3,81.4,18.6,83.6,63.6,36.4,94.2,28.7,71.3,96.1,68.4,31.6,34.4,65.6,18.2,81.8,34.6,65.4,14.8,85.2,25.2,74.8,79.1,19.3,83.8,16.2,78.2,21.7,33.0,67.0,31.1,4.8,9.4,76.9,23.1,76.9,87.9,80.1,48.4,83.1,16.9,89.3,77.3,76.8,80.8,80.4,96.5,96.6,23.5,68.8,95.1,95.1,97.0,96.4,99.4,61.2,38.8,26.1,73.9,25.9,74.1,96.4,96.3,80.6
1.22,0.0,1877.0,9.0,25.7,0.4,75.1,11.7,23.6,24.0,1.0,20.7,79.3,20.9,77.4,15.3,84.7,87.5,63.3,94.7,5.3,49.5,50.5,77.8,22.2,85.9,39.8,38.5,21.7,39.8,38.5,19.7,33.9,38.5,19.7,86.9,73.6,79.0,21.0,89.4,96.4,93.0,24.8,75.2,43.5,56.5,91.0,60.4,39.6,82.0,42.2,57.8,42.2,57.8,98.1,93.2,87.9,12.1,80.0,20.0,90.8,52.3,47.7,82.9,17.1,85.5,11.3,88.7,11.3,86.0,14.0,91.0,97.9,84.5,15.5,67.1,32.9,70.4,59.6,28.2,28.2,59.6,55.3,54.2,45.8,35.1,64.9,49.7,50.3,68.5,29.1,91.8,91.8,26.3,73.7,75.5,24.5,79.1,20.9,54.4,45.6,34.2,23.5,30.5,60.1,15.8,18.9,30.4,27.5,92.5,54.2,45.8,26.4,73.6,14.7,85.3,17.2,82.8,25.2,26.4,48.4,95.4,94.1,92.8,7.2,93.1,94.9,94.1,9.8,90.2,16.3,83.7,83.6,71.9,28.1,95.1,16.7,12.7,22.0,47.7,37.8,24.1,75.9,84.9,15.1,48.2,51.8,37.6,62.4,37.6,62.4,35.3,64.7,35.3,64.7,57.0,57.0,83.2,16.8,81.5,60.2,39.8,96.3,21.7,78.3,94.1,74.8,25.2,61.5,38.5,12.0,88.0,21.8,78.2,15.2,84.8,21.6,78.4,86.5,12.8,88.4,11.6,80.6,18.7,25.5,74.5,28.7,4.3,7.0,76.6,23.4,76.6,88.9,86.8,56.8,85.4,14.6,94.8,86.5,86.5,89.2,89.2,96.8,86.2,30.2,49.8,98.8,98.8,96.6,96.6,99.3,60.4,39.6,37.6,62.4,37.6,62.4,92.8,92.8,72.2
1.38,0.0,17653.0,7.0,22.2,17.2,61.5,9.6,11.3,22.0,1.3,32.6,67.4,32.7,67.1,23.0,77.0,82.3,89.5,89.6,10.4,42.3,57.7,77.0,23.0,84.4,31.5,34.3,34.1,31.5,34.3,31.5,25.6,34.3,31.5,82.3,68.5,82.5,17.5,94.8,94.4,92.7,22.0,78.0,52.3,47.7,95.3,61.4,38.6,86.3,30.9,69.1,30.6,69.4,96.0,89.4,90.4,9.6,90.5,9.5,94.1,36.4,63.6,74.6,25.4,85.3,11.6,88.4,11.6,86.7,13.3,94.7,98.0,89.9,10.1,72.7,27.3,62.1,71.1,19.3,19.3,71.1,88.5,60.4,39.6,25.0,75.0,66.4,33.6,65.2,33.2,89.9,90.2,18.3,81.7,58.7,41.3,64.3,35.7,35.0,65.0,27.2,45.8,20.6,71.6,16.0,14.7,34.7,30.9,92.7,60.4,39.6,19.0,81.0,9.8,90.2,11.4,88.6,36.5,19.0,44.5,96.4,94.6,88.5,11.5,92.8,92.7,92.8,8.8,91.2,19.1,80.9,76.8,83.0,17.0,95.7,12.0,11.7,12.2,63.6,52.9,20.7,79.3,84.0,16.0,32.6,67.4,30.1,69.9,29.7,70.3,28.6,71.4,28.3,71.7,73.0,73.2,87.0,13.0,81.4,68.5,31.5,93.2,34.1,65.9,96.5,64.6,35.4,25.0,75.0,16.3,83.7,31.8,68.2,11.8,88.2,22.1,77.9,82.6,16.0,85.9,14.1,80.4,19.5,32.5,67.5,24.7,8.1,10.5,77.0,23.0,77.0,87.9,80.3,41.4,85.2,14.8,87.6,78.0,77.8,80.6,80.4,94.0,96.5,24.0,66.5,94.9,94.8,97.4,96.6,98.8,63.9,36.1,22.6,77.4,22.7,77.3,97.6,97.7,79.9
1.43,0.0,90845.0,8.0,48.1,5.9,56.6,11.2,17.2,19.9,0.9,28.6,71.4,30.5,69.4,19.7,80.3,86.7,94.1,92.2,7.8,47.4,52.6,73.2,26.8,82.4,36.4,34.9,28.7,36.4,34.9,26.7,30.5,34.9,26.7,80.4,78.1,82.3,17.7,92.5,94.9,92.4,15.9,84.1,52.4,47.6,93.9,55.6,44.4,84.6,35.7,64.3,35.7,64.3,96.5,88.4,91.2,8.8,92.4,7.6,92.9,38.3,61.7,72.6,27.4,81.5,14.9,85.1,14.9,84.0,16.0,90.5,94.5,85.7,14.3,66.8,33.2,59.1,72.8,18.4,18.4,72.8,83.8,59.1,40.9,26.9,73.1,68.7,31.3,62.5,35.2,90.6,90.7,22.9,77.1,62.0,38.0,67.1,32.9,41.3,58.7,22.3,50.7,15.6,75.5,16.5,18.3,33.9,26.7,93.7,59.1,40.9,20.2,79.8,11.6,88.4,14.5,85.5,33.6,20.2,46.1,96.3,94.6,88.8,11.2,92.3,89.7,91.0,10.9,89.1,22.1,77.9,76.9,80.0,20.0,95.9,11.9,11.7,12.9,61.7,49.0,22.9,77.1,82.2,17.8,28.9,71.1,34.8,65.2,34.5,65.5,29.3,70.7,28.8,71.2,73.7,74.3,81.4,18.6,83.6,63.6,36.4,94.2,28.7,71.3,96.1,68.4,31.6,34.4,65.6,18.2,81.8,34.6,65.4,14.8,85.2,25.2,74.8,79.1,19.3,83.8,16.2,78.2,21.7,33.0,67.0,31.1,4.8,9.4,76.9,23.1,76.9,87.9,80.1,48.4,83.1,16.9,89.3,77.3,76.8,80.8,80.4,96.5,96.6,23.5,68.8,95.1,95.1,97.0,96.4,99.4,61.2,38.8,26.1,73.9,25.9,74.1,96.4,96.3,80.6
1.49,0.0,12566.0,2.0,30.2,5.9,62.6,16.1,8.9,17.2,1.0,22.8,77.2,32.1,67.3,18.1,81.9,96.4,73.7,87.2,12.8,62.5,37.5,68.6,31.4,86.0,44.5,25.6,30.0,44.5,25.6,28.7,33.6,25.6,28.7,85.2,85.1,89.4,10.6,87.8,93.7,85.7,19.0,81.0,51.8,48.2,98.0,54.4,45.6,88.6,37.0,63.0,37.3,62.7,92.4,90.7,90.5,9.5,88.7,11.3,90.3,46.8,53.2,75.3,24.7,81.8,15.5,84.5,15.5,83.0,17.0,88.6,93.6,80.4,19.6,59.2,40.8,58.2,71.4,19.1,19.1,71.4,88.7,62.0,38.0,29.9,70.1,62.9,37.1,52.5,44.7,90.2,90.3,27.4,72.6,62.6,37.4,67.6,32.4,50.9,49.1,22.4,38.4,18.7,69.5,7.4,18.0,34.1,31.1,94.2,62.0,38.0,13.8,86.2,8.6,91.4,12.4,87.6,31.7,13.8,54.6,93.0,90.6,90.2,9.8,97.9,95.4,96.7,11.2,88.8,20.6,79.4,90.5,68.1,31.9,92.7,20.1,7.0,19.3,53.2,44.5,29.2,70.8,85.4,14.6,32.1,67.9,37.4,62.6,36.9,63.1,33.2,66.8,32.7,67.3,68.2,68.8,79.1,20.9,82.9,55.5,44.5,89.9,30.0,70.0,98.5,61.5,38.5,26.3,73.7,17.3,82.7,29.8,70.2,17.7,82.3,25.1,74.9,86.9,12.7,89.4,10.6,70.2,29.7,25.5,74.5,27.6,11.9,9.8,79.3,20.7,79.3,82.6,77.0,52.8,86.2,13.8,94.8,85.8,85.7,87.5,87.4,95.4,96.0,25.7,63.0,94.5,94.8,93.7,95.9,100.0,49.8,50.2,29.8,70.2,29.8,70.2,98.1,98.1,86.1
1.54,0.0,15034.0,8.0,33.4,6.6,67.4,11.4,16.8,16.6,1.0,28.6,71.4,30.5,69.4,19.7,80.3,86.7,94.1,92.2,7.8,47.4,52.6,73.2,26.8,82.4,36.4,34.9,28.7,36.4,34.9,26.7,30.5,34.9,26.7,80.4,78.1,82.3,17.7,92.5,94.9,92.4,15.9,84.1,52.4,47.6,93.9,55.6,44.4,84.6,35.7,64.3,35.7,64.3,96.5,88.4,91.2,8.8,92.4,7.6,92.9,38.3,61.7,72.6,27.4,81.5,14.9,85.1,14.9,84.0,16.0,90.5,94.5,85.7,14.3,66.8,33.2,59.1,72.8,18.4,18.4,72.8,83.8,59.1,40.9,26.9,73.1,68.7,31.3,62.5,35.2,90.6,90.7,22.9,77.1,62.0,38.0,67.1,32.9,41.3,58.7,22.3,50.7,15.6,75.5,16.5,18.3,33.9,26.7,93.7,59.1,40.9,20.2,79.8,11.6,88.4,14.5,85.5,33.6,20.2,46.1,96.3,94.6,88.8,11.2,92.3,89.7,91.0,10.9,89.1,22.1,77.9,76.9,80.0,20.0,95.9,11.9,11.7,12.9,61.7,49.0,22.9,77.1,82.2,17.8,28.9,71.1,34.8,65.2,34.5,65.5,29.3,70.7,28.8,71.2,73.7,74.3,81.4,18.6,83.6,63.6,36.4,94.2,28.7,71.3,96.1,68.4,31.6,34.4,65.6,18.2,81.8,34.6,65.4,14.8,85.2,25.2,74.8,79.1,19.3,83.8,16.2,78.2,21.7,33.0,67.0,31.1,4.8,9.4,76.9,23.1,76.9,87.9,80.1,48.4,83.1,16.9,89.3,77.3,76.8,80.8,80.4,96.5,96.6,23.5,68.8,95.1,95.1,97.0,96.4,99.4,61.2,38.8,26.1,73.9,25.9,74.1,96.4,96.3,80.6
1.55,0.0,71946.0,11.0,56.5,1.5,55.8,11.8,18.7,17.5,1.1,18.6,81.4,21.2,77.7,7.8,92.2,89.9,88.6,93.1,6.9,54.7,45.3,81.6,18.4,90.4,40.3,32.8,27.0,40.3,32.8,25.3,30.7,32.8,25.3,88.2,80.9,81.3,18.7,87.4,96.0,91.8,28.0,72.0,45.7,54.3,92.9,62.3,37.7,77.9,49.0,51.0,49.0,51.0,95.6,95.0,91.3,8.7,89.7,10.3,90.8,43.3,56.7,80.8,19.2,79.4,18.0,82.0,18.0,82.7,17.3,88.7,91.3,86.5,13.5,66.4,33.6,49.3,68.9,22.3,22.3,68.9,79.8,60.4,39.6,39.0,61.0,69.6,30.4,68.0,30.3,85.1,85.2,28.7,71.3,68.0,32.0,73.1,26.9,44.0,56.0,37.6,37.9,12.9,65.9,12.3,21.3,31.1,27.9,95.3,60.4,39.6,29.8,70.2,23.8,76.2,28.5,71.5,22.6,29.8,47.6,94.3,92.8,88.7,11.3,96.8,97.8,97.3,12.2,87.8,21.6,78.4,80.7,74.2,25.8,93.0,11.9,13.4,13.0,56.7,37.4,30.2,69.8,89.9,10.1,43.4,56.6,22.2,77.8,22.2,77.8,23.7,76.3,23.7,76.3,78.0,78.0,83.1,16.9,84.9,59.7,40.3,95.0,27.0,73.0,94.5,74.8,25.2,34.0,66.0,17.5,82.5,33.7,66.3,11.8,88.2,22.8,77.2,80.0,19.0,84.8,15.2,79.9,19.8,21.5,78.5,27.5,7.2,12.1,73.8,26.2,73.8,93.0,86.0,52.9,92.3,7.7,91.9,83.0,82.8,84.7,84.6,97.4,95.3,19.9,69.8,90.9,90.8,97.8,96.4,100.0,62.6,37.4,39.3,60.7,39.2,60.8,95.1,95.1,80.6
1.56,0.0,4977.0,1.0,50.2,0.1,64.9,8.2,21.3,36.4,1.2,30.6,69.4,29.4,67.2,21.2,78.8,91.4,89.2,94.0,6.0,58.3,41.7,77.0,23.0,80.5,46.8,31.5,21.7,46.8,31.5,20.9,34.0,31.5,20.9,83.8,74.3,82.8,17.2,92.9,93.2,88.0,13.5,86.5,51.0,49.0,89.7,61.0,39.0,87.6,40.4,59.6,40.7,59.3,94.9,86.3,89.8,10.2,86.4,13.6,91.8,46.7,53.3,83.1,16.9,80.4,16.0,84.0,16.0,83.2,16.8,91.5,92.7,84.0,16.0,64.6,35.4,66.2,71.2,18.5,18.5,71.2,85.5,63.5,36.5,34.3,65.7,59.3,40.7,62.4,34.1,89.7,89.9,24.8,75.2,66.4,33.6,71.5,28.5,46.9,53.1,33.3,27.5,24.4,66.5,11.1,20.2,35.0,29.2,96.1,63.5,36.5,23.7,76.3,14.6,85.4,18.4,81.6,25.9,23.7,50.3,95.1,91.7,93.4,6.6,97.8,93.7,95.9,11.1,88.9,19.0,81.0,78.4,81.1,18.9,96.5,17.1,16.8,9.9,53.3,51.9,25.1,74.9,78.9,21.1,46.4,53.6,42.7,57.3,42.9,57.1,36.1,63.9,36.3,63.7,61.5,61.2,80.0,20.0,90.5,53.2,46.8,95.8,21.7,78.3,93.1,67.5,32.5,27.3,72.7,11.2,88.8,31.4,68.6,13.1,86.9,27.6,72.4,84.6,11.6,88.7,11.3,78.3,21.7,31.9,68.1,28.0,12.2,14.3,73.7,26.3,73.7,80.8,75.1,40.5,92.8,7.2,93.2,84.0,83.9,90.1,90.0,97.4,91.9,27.0,59.4,92.6,92.5,94.9,97.5,99.7,55.6,44.4,32.8,67.2,32.4,67.6,96.9,96.9,76.0
1.6,12.0,175677.0,9.0,63.5,4.5,48.1,14.0,22.1,17.6,1.8,20.7,79.3,20.9,77.4,15.3,84.7,87.5,63.3,94.7,5.3,49.5,50.5,77.8,22.2,85.9,39.8,38.5,21.7,39.8,38.5,19.7,33.9,38.5,19.7,86.9,73.6,79.0,21.0,89.4,96.4,93.0,24.8,75.2,43.5,56.5,91.0,60.4,39.6,82.0,42.2,57.8,42.2,57.8,98.1,93.2,87.9,12.1,80.0,20.0,90.8,52.3,47.7,82.9,17.1,85.5,11.3,88.7,11.3,86.0,14.0,91.0,97.9,84.5,15.5,67.1,32.9,70.4,59.6,28.2,28.2,59.6,55.3,54.2,45.8,35.1,64.9,49.7,50.3,68.5,29.1,91.8,91.8,26.3,73.7,75.5,24.5,79.1,20.9,54.4,45.6,34.2,23.5,30.5,60.1,15.8,18.9,30.4,27.5,92.5,54.2,45.8,26.4,73.6,14.7,85.3,17.2,82.8,25.2,26.4,48.4,95.4,94.1,92.8,7.2,93.1,94.9,94.1,9.8,90.2,16.3,83.7,83.6,71.9,28.1,95.1,16.7,12.7,22.0,47.7,37.8,24.1,75.9,84.9,15.1,48.2,51.8,37.6,62.4,37.6,62.4,35.3,64.7,35.3,64.7,57.0,57.0,83.2,16.8,81.5,60.2,39.8,96.3,21.7,78.3,94.1,74.8,25.2,61.5,38.5,12.0,88.0,21.8,78.2,15.2,84.8,21.6,78.4,86.5,12.8,88.4,11.6,80.6,18.7,25.5,74.5,28.7,4.3,7.0,76.6,23.4,76.6,88.9,86.8,56.8,85.4,14.6,94.8,86.5,86.5,89.2,89.2,96.8,86.2,30.2,49.8,98.8,98.8,96.6,96.6,99.3,60.4,39.6,37.6,62.4,37.6,62.4,92.8,92.8,72.2
1.63,0.0,31032.0,11.0,71.4,3.8,42.1,19.3,16.2,23.2,0.8,18.6,81.4,21.2,77.7,7.8,92.2,89.9,88.6,93.1,6.9,54.7,45.3,81.6,18.4,90.4,40.3,32.8,27.0,40.3,32.8,25.3,30.7,32.8,25.3,88.2,80.9,81.3,18.7,87.4,96.0,91.8,28.0,72.0,45.7,54.3,92.9,62.3,37.7,77.9,49.0,51.0,49.0,51.0,95.6,95.0,91.3,8.7,89.7,10.3,90.8,43.3,56.7,80.8,19.2,79.4,18.0,82.0,18.0,82.7,17.3,88.7,91.3,86.5,13.5,66.4,33.6,49.3,68.9,22.3,22.3,68.9,79.8,60.4,39.6,39.0,61.0,69.6,30.4,68.0,30.3,85.1,85.2,28.7,71.3,68.0,32.0,73.1,26.9,44.0,56.0,37.6,37.9,12.9,65.9,12.3,21.3,31.1,27.9,95.3,60.4,39.6,29.8,70.2,23.8,76.2,28.5,71.5,22.6,29.8,47.6,94.3,92.8,88.7,11.3,96.8,97.8,97.3,12.2,87.8,21.6,78.4,80.7,74.2,25.8,93.0,11.9,13.4,13.0,56.7,37.4,30.2,69.8,89.9,10.1,43.4,56.6,22.2,77.8,22.2,77.8,23.7,76.3,23.7,76.3,78.0,78.0,83.1,16.9,84.9,59.7,40.3,95.0,27.0,73.0,94.5,74.8,25.2,34.0,66.0,17.5,82.5,33.7,66.3,11.8,88.2,22.8,77.2,80.0,19.0,84.8,15.2,79.9,19.8,21.5,78.5,27.5,7.2,12.1,73.8,26.2,73.8,93.0,86.0,52.9,92.3,7.7,91.9,83.0,82.8,84.7,84.6,97.4,95.3,19.9,69.8,90.9,90.8,97.8,96.4,100.0,62.6,37.4,39.3,60.7,39.2,60.8,95.1,95.1,80.6
1.69,0.0,6790.0,1.0,46.3,7.8,59.5,23.0,23.3,15.5,0.1,30.6,69.4,29.4,67.2,21.2,78.8,91.4,89.2,94.0,6.0,58.3,41.7,77.0,23.0,80.5,46.8,31.5,21.7,46.8,31.5,20.9,34.0,31.5,20.9,83.8,74.3,82.8,17.2,92.9,93.2,88.0,13.5,86.5,51.0,49.0,89.7,61.0,39.0,87.6,40.4,59.6,40.7,59.3,94.9,86.3,89.8,10.2,86.4,13.6,91.8,46.7,53.3,83.1,16.9,80.4,16.0,84.0,16.0,83.2,16.8,91.5,92.7,84.0,16.0,64.6,35.4,66.2,71.2,18.5,18.5,71.2,85.5,63.5,36.5,34.3,65.7,59.3,40.7,62.4,34.1,89.7,89.9,24.8,75.2,66.4,33.6,71.5,28.5,46.9,53.1,33.3,27.5,24.4,66.5,11.1,20.2,35.0,29.2,96.1,63.5,36.5,23.7,76.3,14.6,85.4,18.4,81.6,25.9,23.7,50.3,95.1,91.7,93.4,6.6,97.8,93.7,95.9,11.1,88.9,19.0,81.0,78.4,81.1,18.9,96.5,17.1,16.8,9.9,53.3,51.9,25.1,74.9,78.9,21.1,46.4,53.6,42.7,57.3,42.9,57.1,36.1,63.9,36.3,63.7,61.5,61.2,80.0,20.0,90.5,53.2,46.8,95.8,21.7,78.3,93.1,67.5,32.5,27.3,72.7,11.2,88.8,31.4,68.6,13.1,86.9,27.6,72.4,84.6,11.6,88.7,11.3,78.3,21.7,31.9,68.1,28.0,12.2,14.3,73.7,26.3,73.7,80.8,75.1,40.5,92.8,7.2,93.2,84.0,83.9,90.1,90.0,97.4,91.9,27.0,59.4,92.6,92.5,94.9,97.5,99.7,55.6,44.4,32.8,67.2,32.4,67.6,96.9,96.9,76.0
1.69,0.0,12881.0,4.0,27.4,15.6,59.1,13.7,19.5,22.2,1.3,24.1,75.9,28.6,69.7,18.0,82.0,89.3,73.8,87.6,12.4,55.8,44.2,68.6,31.4,85.1,38.5,36.1,25.4,38.5,36.1,24.1,27.6,36.1,24.1,77.4,72.0,90.2,9.8,92.0,88.8,82.7,25.1,74.9,61.1,38.9,95.4,46.8,53.2,83.3,39.5,60.5,38.6,61.4,93.0,89.6,91.0,9.0,82.7,17.3,91.1,55.2,44.8,75.1,24.9,79.2,19.9,80.1,19.9,87.4,12.6,91.0,94.4,82.5,17.5,71.0,29.0,64.2,69.6,21.3,21.3,69.6,85.2,62.4,37.6,32.2,67.8,55.1,44.9,50.8,48.8,87.2,87.2,21.0,79.0,74.6,25.4,82.1,17.9,56.8,43.2,25.1,53.1,23.5,61.5,17.9,13.7,30.9,30.2,97.1,62.4,37.6,17.2,82.8,16.5,83.5,23.0,77.0,31.8,17.2,51.0,90.1,87.2,83.0,17.0,94.6,95.3,94.9,10.8,89.2,19.8,80.2,84.0,71.4,28.6,94.6,25.6,14.8,14.4,44.8,56.4,28.1,71.9,84.7,15.3,35.2,64.8,30.2,69.8,30.2,69.8,29.0,71.0,29.0,71.0,72.3,72.3,78.4,21.6,81.5,61.5,38.5,91.9,25.4,74.6,99.2,61.1,38.9,32.1,67.9,16.0,84.0,29.3,70.7,11.3,88.7,21.8,78.2,84.8,14.7,89.0,11.0,76.0,23.8,35.7,64.3,23.9,14.2,10.9,73.1,26.9,73.1,82.4,78.9,46.8,87.1,12.9,95.3,77.2,77.4,80.8,81.0,93.1,93.5,27.6,55.1,87.4,87.4,93.1,94.0,97.0,52.2,47.8,27.0,73.0,27.7,72.3,92.8,92.8,72.4
1.75,0.0,4916.0,1.0,31.2,6.0,69.6,10.0,16.5,20.7,0.6,30.6,69.4,29.4,67.2,21.2,78.8,91.4,89.2,94.0,6.0,58.3,41.7,77.0,23.0,80.5,46.8,31.5,21.7,46.8,31.5,20.9,34.0,31.5,20.9,83.8,74.3,82.8,17.2,92.9,93.2,88.0,13.5,86.5,51.0,49.0,89.7,61.0,39.0,87.6,40.4,59.6,40.7,59.3,94.9,86.3,89.8,10.2,86.4,13.6,91.8,46.7,53.3,83.1,16.9,80.4,16.0,84.0,16.0,83.2,16.8,91.5,92.7,84.0,16.0,64.6,35.4,66.2,71.2,18.5,18.5,71.2,85.5,63.5,36.5,34.3,65.7,59.3,40.7,62.4,34.1,89.7,89.9,24.8,75.2,66.4,33.6,71.5,28.5,46.9,53.1,33.3,27.5,24.4,66.5,11.1,20.2,35.0,29.2,96.1,63.5,36.5,23.7,76.3,14.6,85.4,18.4,81.6,25.9,23.7,50.3,95.1,91.7,93.4,6.6,97.8,93.7,95.9,11.1,88.9,19.0,81.0,78.4,81.1,18.9,96.5,17.1,16.8,9.9,53.3,51.9,25.1,74.9,78.9,21.1,46.4,53.6,42.7,57.3,42.9,57.1,36.1,63.9,36.3,63.7,61.5,61.2,80.0,20.0,90.5,53.2,46.8,95.8,21.7,78.3,93.1,67.5,32.5,27.3,72.7,11.2,88.8,31.4,68.6,13.1,86.9,27.6,72.4,84.6,11.6,88.7,11.3,78.3,21.7,31.9,68.1,28.0,12.2,14.3,73.7,26.3,73.7,80.8,75.1,40.5,92.8,7.2,93.2,84.0,83.9,90.1,90.0,97.4,91.9,27.0,59.4,92.6,92.5,94.9,97.5,99.7,55.6,44.4,32.8,67.2,32.4,67.6,96.9,96.9,76.0
1.75,0.0,38468.0,11.0,79.5,1.4,68.0,20.5,20.9,16.3,0.5,18.6,81.4,21.2,77.7,7.8,92.2,89.9,88.6,93.1,6.9,54.7,45.3,81.6,18.4,90.4,40.3,32.8,27.0,40.3,32.8,25.3,30.7,32.8,25.3,88.2,80.9,81.3,18.7,87.4,96.0,91.8,28.0,72.0,45.7,54.3,92.9,62.3,37.7,77.9,49.0,51.0,49.0,51.0,95.6,95.0,91.3,8.7,89.7,10.3,90.8,43.3,56.7,80.8,19.2,79.4,18.0,82.0,18.0,82.7,17.3,88.7,91.3,86.5,13.5,66.4,33.6,49.3,68.9,22.3,22.3,68.9,79.8,60.4,39.6,39.0,61.0,69.6,30.4,68.0,30.3,85.1,85.2,28.7,71.3,68.0,32.0,73.1,26.9,44.0,56.0,37.6,37.9,12.9,65.9,12.3,21.3,31.1,27.9,95.3,60.4,39.6,29.8,70.2,23.8,76.2,28.5,71.5,22.6,29.8,47.6,94.3,92.8,88.7,11.3,96.8,97.8,97.3,12.2,87.8,21.6,78.4,80.7,74.2,25.8,93.0,11.9,13.4,13.0,56.7,37.4,30.2,69.8,89.9,10.1,43.4,56.6,22.2,77.8,22.2,77.8,23.7,76.3,23.7,76.3,78.0,78.0,83.1,16.9,84.9,59.7,40.3,95.0,27.0,73.0,94.5,74.8,25.2,34.0,66.0,17.5,82.5,33.7,66.3,11.8,88.2,22.8,77.2,80.0,19.0,84.8,15.2,79.9,19.8,21.5,78.5,27.5,7.2,12.1,73.8,26.2,73.8,93.0,86.0,52.9,92.3,7.7,91.9,83.0,82.8,84.7,84.6,97.4,95.3,19.9,69.8,90.9,90.8,97.8,96.4,100.0,62.6,37.4,39.3,60.7,39.2,60.8,95.1,95.1,80.6
1.79,0.0,5169.0,1.0,56.3,3.5,65.8,15.5,20.2,15.4,1.0,30.6,69.4,29.4,67.2,21.2,78.8,91.4,89.2,94.0,6.0,58.3,41.7,77.0,23.0,80.5,46.8,31.5,21.7,46.8,31.5,20.9,34.0,31.5,20.9,83.8,74.3,82.8,17.2,92.9,93.2,88.0,13.5,86.5,51.0,49.0,89.7,61.0,39.0,87.6,40.4,59.6,40.7,59.3,94.9,86.3,89.8,10.2,86.4,13.6,91.8,46.7,53.3,83.1,16.9,80.4,16.0,84.0,16.0,83.2,16.8,91.5,92.7,84.0,16.0,64.6,35.4,66.2,71.2,18.5,18.5,71.2,85.5,63.5,36.5,34.3,65.7,59.3,40.7,62.4,34.1,89.7,89.9,24.8,75.2,66.4,33.6,71.5,28.5,46.9,53.1,33.3,27.5,24.4,66.5,11.1,20.2,35.0,29.2,96.1,63.5,36.5,23.7,76.3,14.6,85.4,18.4,81.6,25.9,23.7,50.3,95.1,91.7,93.4,6.6,97.8,93.7,95.9,11.1,88.9,19.0,81.0,78.4,81.1,18.9,96.5,17.1,16.8,9.9,53.3,51.9,25.1,74.9,78.9,21.1,46.4,53.6,42.7,57.3,42.9,57.1,36.1,63.9,36.3,63.7,61.5,61.2,80.0,20.0,90.5,53.2,46.8,95.8,21.7,78.3,93.1,67.5,32.5,27.3,72.7,11.2,88.8,31.4,68.6,13.1,86.9,27.6,72.4,84.6,11.6,88.7,11.3,78.3,21.7,31.9,68.1,28.0,12.2,14.3,73.7,26.3,73.7,80.8,75.1,40.5,92.8,7.2,93.2,84.0,83.9,90.1,90.0,97.4,91.9,27.0,59.4,92.6,92.5,94.9,97.5,99.7,55.6,44.4,32.8,67.2,32.4,67.6,96.9,96.9,76.0
1.81,0.0,2691548.0,3.0,41.3,22.4,34.7,10.8,21.5,35.7,1.5,26.1,73.9,29.1,69.9,14.1,85.9,87.0,88.5,89.0,11.0,47.8,52.2,79.1,20.9,85.0,34.0,36.2,29.8,34.0,36.2,28.1,28.2,36.2,28.1,85.2,76.0,84.3,15.7,93.5,94.4,91.1,23.8,76.2,51.0,49.0,95.6,60.9,39.1,86.0,37.4,62.6,37.4,62.6,96.1,90.8,93.0,7.0,92.7,7.3,93.7,37.8,62.2,78.1,21.9,85.0,12.3,87.7,12.3,85.8,14.2,92.3,97.5,87.8,12.2,70.4,29.6,61.2,75.8,17.2,17.2,75.8,85.5,58.7,41.3,30.0,70.0,70.7,29.3,62.0,35.2,90.7,90.9,20.1,79.9,61.5,38.5,66.9,33.1,36.5,63.5,26.0,49.9,15.8,75.2,16.2,15.9,36.1,27.6,94.2,58.7,41.3,20.3,79.7,13.7,86.3,16.9,83.1,33.9,20.3,45.8,96.6,94.2,87.2,12.8,93.2,95.2,94.2,8.9,91.1,17.4,82.6,82.1,76.4,23.6,96.0,10.3,13.1,12.9,62.2,53.6,23.0,77.0,84.7,15.3,37.3,62.7,26.3,73.7,26.4,73.6,22.3,77.7,22.8,77.2,79.5,78.8,83.4,16.6,84.6,66.0,34.0,91.8,29.8,70.2,97.1,66.5,33.5,26.8,73.2,16.0,84.0,30.6,69.4,12.1,87.9,21.2,78.8,83.7,15.4,86.6,13.4,82.0,17.9,27.6,72.4,27.7,6.3,10.3,76.8,23.2,76.8,87.7,80.9,43.1,89.9,10.1,90.2,87.2,87.2,88.4,88.5,95.7,98.0,22.0,70.7,94.6,94.5,95.9,95.7,99.2,62.7,37.3,29.3,70.7,29.2,70.8,97.0,96.9,81.7
1.82,9.0,36405.0,7.0,27.0,13.9,58.7,10.5,14.2,28.7,1.1,32.6,67.4,32.7,67.1,23.0,77.0,82.3,89.5,89.6,10.4,42.3,57.7,77.0,23.0,84.4,31.5,34.3,34.1,31.5,34.3,31.5,25.6,34.3,31.5,82.3,68.5,82.5,17.5,94.8,94.4,92.7,22.0,78.0,52.3,47.7,95.3,61.4,38.6,86.3,30.9,69.1,30.6,69.4,96.0,89.4,90.4,9.6,90.5,9.5,94.1,36.4,63.6,74.6,25.4,85.3,11.6,88.4,11.6,86.7,13.3,94.7,98.0,89.9,10.1,72.7,27.3,62.1,71.1,19.3,19.3,71.1,88.5,60.4,39.6,25.0,75.0,66.4,33.6,65.2,33.2,89.9,90.2,18.3,81.7,58.7,41.3,64.3,35.7,35.0,65.0,27.2,45.8,20.6,71.6,16.0,14.7,34.7,30.9,92.7,60.4,39.6,19.0,81.0,9.8,90.2,11.4,88.6,36.5,19.0,44.5,96.4,94.6,88.5,11.5,92.8,92.7,92.8,8.8,91.2,19.1,80.9,76.8,83.0,17.0,95.7,12.0,11.7,12.2,63.6,52.9,20.7,79.3,84.0,16.0,32.6,67.4,30.1,69.9,29.7,70.3,28.6,71.4,28.3,71.7,73.0,73.2,87.0,13.0,81.4,68.5,31.5,93.2,34.1,65.9,96.5,64.6,35.4,25.0,75.0,16.3,83.7,31.8,68.2,11.8,88.2,22.1,77.9,82.6,16.0,85.9,14.1,80.4,19.5,32.5,67.5,24.7,8.1,10.5,77.0,23.0,77.0,87.9,80.3,41.4,85.2,14.8,87.6,78.0,77.8,80.6,80.4,94.0,96.5,24.0,66.5,94.9,94.8,97.4,96.6,98.8,63.9,36.1,22.6,77.4,22.7,77.3,97.6,97.7,79.9
1.83,0.0,33949.0,9.0,47.7,5.1,64.1,10.6,13.6,15.7,0.7,20.7,79.3,20.9,77.4,15.3,84.7,87.5,63.3,94.7,5.3,49.5,50.5,77.8,22.2,85.9,39.8,38.5,21.7,39.8,38.5,19.7,33.9,38.5,19.7,86.9,73.6,79.0,21.0,89.4,96.4,93.0,24.8,75.2,43.5,56.5,91.0,60.4,39.6,82.0,42.2,57.8,42.2,57.8,98.1,93.2,87.9,12.1,80.0,20.0,90.8,52.3,47.7,82.9,17.1,85.5,11.3,88.7,11.3,86.0,14.0,91.0,97.9,84.5,15.5,67.1,32.9,70.4,59.6,28.2,28.2,59.6,55.3,54.2,45.8,35.1,64.9,49.7,50.3,68.5,29.1,91.8,91.8,26.3,73.7,75.5,24.5,79.1,20.9,54.4,45.6,34.2,23.5,30.5,60.1,15.8,18.9,30.4,27.5,92.5,54.2,45.8,26.4,73.6,14.7,85.3,17.2,82.8,25.2,26.4,48.4,95.4,94.1,92.8,7.2,93.1,94.9,94.1,9.8,90.2,16.3,83.7,83.6,71.9,28.1,95.1,16.7,12.7,22.0,47.7,37.8,24.1,75.9,84.9,15.1,48.2,51.8,37.6,62.4,37.6,62.4,35.3,64.7,35.3,64.7,57.0,57.0,83.2,16.8,81.5,60.2,39.8,96.3,21.7,78.3,94.1,74.8,25.2,61.5,38.5,12.0,88.0,21.8,78.2,15.2,84.8,21.6,78.4,86.5,12.8,88.4,11.6,80.6,18.7,25.5,74.5,28.7,4.3,7.0,76.6,23.4,76.6,88.9,86.8,56.8,85.4,14.6,94.8,86.5,86.5,89.2,89.2,96.8,86.2,30.2,49.8,98.8,98.8,96.6,96.6,99.3,60.4,39.6,37.6,62.4,37.6,62.4,92.8,92.8,72.2
1.88,0.0,9611.0,2.0,34.9,2.9,64.4,8.6,16.7,19.1,1.1,22.8,77.2,32.1,67.3,18.1,81.9,96.4,73.7,87.2,12.8,62.5,37.5,68.6,31.4,86.0,44.5,25.6,30.0,44.5,25.6,28.7,33.6,25.6,28.7,85.2,85.1,89.4,10.6,87.8,93.7,85.7,19.0,81.0,51.8,48.2,98.0,54.4,45.6,88.6,37.0,63.0,37.3,62.7,92.4,90.7,90.5,9.5,88.7,11.3,90.3,46.8,53.2,75.3,24.7,81.8,15.5,84.5,15.5,83.0,17.0,88.6,93.6,80.4,19.6,59.2,40.8,58.2,71.4,19.1,19.1,71.4,88.7,62.0,38.0,29.9,70.1,62.9,37.1,52.5,44.7,90.2,90.3,27.4,72.6,62.6,37.4,67.6,32.4,50.9,49.1,22.4,38.4,18.7,69.5,7.4,18.0,34.1,31.1,94.2,62.0,38.0,13.8,86.2,8.6,91.4,12.4,87.6,31.7,13.8,54.6,93.0,90.6,90.2,9.8,97.9,95.4,96.7,11.2,88.8,20.6,79.4,90.5,68.1,31.9,92.7,20.1,7.0,19.3,53.2,44.5,29.2,70.8,85.4,14.6,32.1,67.9,37.4,62.6,36.9,63.1,33.2,66.8,32.7,67.3,68.2,68.8,79.1,20.9,82.9,55.5,44.5,89.9,30.0,70.0,98.5,61.5,38.5,26.3,73.7,17.3,82.7,29.8,70.2,17.7,82.3,25.1,74.9,86.9,12.7,89.4,10.6,70.2,29.7,25.5,74.5,27.6,11.9,9.8,79.3,20.7,79.3,82.6,77.0,52.8,86.2,13.8,94.8,85.8,85.7,87.5,87.4,95.4,96.0,25.7,63.0,94.5,94.8,93.7,95.9,100.0,49.8,50.2,29.8,70.2,29.8,70.2,98.1,98.1,86.1
2.01,1.0,2167567.0,8.0,59.7,7.9,42.3,11.2,16.0,31.8,2.6,28.6,71.4,30.5,69.4,19.7,80.3,86.7,94.1,92.2,7.8,47.4,52.6,73.2,26.8,82.4,36.4,34.9,28.7,36.4,34.9,26.7,30.5,34.9,26.7,80.4,78.1,82.3,17.7,92.5,94.9,92.4,15.9,84.1,52.4,47.6,93.9,55.6,44.4,84.6,35.7,64.3,35.7,64.3,96.5,88.4,91.2,8.8,92.4,7.6,92.9,38.3,61.7,72.6,27.4,81.5,14.9,85.1,14.9,84.0,16.0,90.5,94.5,85.7,14.3,66.8,33.2,59.1,72.8,18.4,18.4,72.8,83.8,59.1,40.9,26.9,73.1,68.7,31.3,62.5,35.2,90.6,90.7,22.9,77.1,62.0,38.0,67.1,32.9,41.3,58.7,22.3,50.7,15.6,75.5,16.5,18.3,33.9,26.7,93.7,59.1,40.9,20.2,79.8,11.6,88.4,14.5,85.5,33.6,20.2,46.1,96.3,94.6,88.8,11.2,92.3,89.7,91.0,10.9,89.1,22.1,77.9,76.9,80.0,20.0,95.9,11.9,11.7,12.9,61.7,49.0,22.9,77.1,82.2,17.8,28.9,71.1,34.8,65.2,34.5,65.5,29.3,70.7,28.8,71.2,73.7,74.3,81.4,18.6,83.6,63.6,36.4,94.2,28.7,71.3,96.1,68.4,31.6,34.4,65.6,18.2,81.8,34.6,65.4,14.8,85.2,25.2,74.8,79.1,19.3,83.8,16.2,78.2,21.7,33.0,67.0,31.1,4.8,9.4,76.9,23.1,76.9,87.9,80.1,48.4,83.1,16.9,89.3,77.3,76.8,80.8,80.4,96.5,96.6,23.5,68.8,95.1,95.1,97.0,96.4,99.4,61.2,38.8,26.1,73.9,25.9,74.1,96.4,96.3,80.6
2.06,7.0,7831.0,1.0,54.3,0.2,50.9,10.7,24.4,11.9,0.3,30.6,69.4,29.4,67.2,21.2,78.8,91.4,89.2,94.0,6.0,58.3,41.7,77.0,23.0,80.5,46.8,31.5,21.7,46.8,31.5,20.9,34.0,31.5,20.9,83.8,74.3,82.8,17.2,92.9,93.2,88.0,13.5,86.5,51.0,49.0,89.7,61.0,39.0,87.6,40.4,59.6,40.7,59.3,94.9,86.3,89.8,10.2,86.4,13.6,91.8,46.7,53.3,83.1,16.9,80.4,16.0,84.0,16.0,83.2,16.8,91.5,92.7,84.0,16.0,64.6,35.4,66.2,71.2,18.5,18.5,71.2,85.5,63.5,36.5,34.3,65.7,59.3,40.7,62.4,34.1,89.7,89.9,24.8,75.2,66.4,33.6,71.5,28.5,46.9,53.1,33.3,27.5,24.4,66.5,11.1,20.2,35.0,29.2,96.1,63.5,36.5,23.7,76.3,14.6,85.4,18.4,81.6,25.9,23.7,50.3,95.1,91.7,93.4,6.6,97.8,93.7,95.9,11.1,88.9,19.0,81.0,78.4,81.1,18.9,96.5,17.1,16.8,9.9,53.3,51.9,25.1,74.9,78.9,21.1,46.4,53.6,42.7,57.3,42.9,57.1,36.1,63.9,36.3,63.7,61.5,61.2,80.0,20.0,90.5,53.2,46.8,95.8,21.7,78.3,93.1,67.5,32.5,27.3,72.7,11.2,88.8,31.4,68.6,13.1,86.9,27.6,72.4,84.6,11.6,88.7,11.3,78.3,21.7,31.9,68.1,28.0,12.2,14.3,73.7,26.3,73.7,80.8,75.1,40.5,92.8,7.2,93.2,84.0,83.9,90.1,90.0,97.4,91.9,27.0,59.4,92.6,92.5,94.9,97.5,99.7,55.6,44.4,32.8,67.2,32.4,67.6,96.9,96.9,76.0
2.12,52.0,329582.0,1.0,36.2,7.4,63.0,11.2,13.9,33.4,0.9,30.6,69.4,29.4,67.2,21.2,78.8,91.4,89.2,94.0,6.0,58.3,41.7,77.0,23.0,80.5,46.8,31.5,21.7,46.8,31.5,20.9,34.0,31.5,20.9,83.8,74.3,82.8,17.2,92.9,93.2,88.0,13.5,86.5,51.0,49.0,89.7,61.0,39.0,87.6,40.4,59.6,40.7,59.3,94.9,86.3,89.8,10.2,86.4,13.6,91.8,46.7,53.3,83.1,16.9,80.4,16.0,84.0,16.0,83.2,16.8,91.5,92.7,84.0,16.0,64.6,35.4,66.2,71.2,18.5,18.5,71.2,85.5,63.5,36.5,34.3,65.7,59.3,40.7,62.4,34.1,89.7,89.9,24.8,75.2,66.4,33.6,71.5,28.5,46.9,53.1,33.3,27.5,24.4,66.5,11.1,20.2,35.0,29.2,96.1,63.5,36.5,23.7,76.3,14.6,85.4,18.4,81.6,25.9,23.7,50.3,95.1,91.7,93.4,6.6,97.8,93.7,95.9,11.1,88.9,19.0,81.0,78.4,81.1,18.9,96.5,17.1,16.8,9.9,53.3,51.9,25.1,74.9,78.9,21.1,46.4,53.6,42.7,57.3,42.9,57.1,36.1,63.9,36.3,63.7,61.5,61.2,80.0,20.0,90.5,53.2,46.8,95.8,21.7,78.3,93.1,67.5,32.5,27.3,72.7,11.2,88.8,31.4,68.6,13.1,86.9,27.6,72.4,84.6,11.6,88.7,11.3,78.3,21.7,31.9,68.1,28.0,12.2,14.3,73.7,26.3,73.7,80.8,75.1,40.5,92.8,7.2,93.2,84.0,83.9,90.1,90.0,97.4,91.9,27.0,59.4,92.6,92.5,94.9,97.5,99.7,55.6,44.4,32.8,67.2,32.4,67.6,96.9,96.9,76.0
2.14,0.0,20471.0,8.0,35.7,6.1,58.9,14.5,17.0,16.9,0.4,28.6,71.4,30.5,69.4,19.7,80.3,86.7,94.1,92.2,7.8,47.4,52.6,73.2,26.8,82.4,36.4,34.9,28.7,36.4,34.9,26.7,30.5,34.9,26.7,80.4,78.1,82.3,17.7,92.5,94.9,92.4,15.9,84.1,52.4,47.6,93.9,55.6,44.4,84.6,35.7,64.3,35.7,64.3,96.5,88.4,91.2,8.8,92.4,7.6,92.9,38.3,61.7,72.6,27.4,81.5,14.9,85.1,14.9,84.0,16.0,90.5,94.5,85.7,14.3,66.8,33.2,59.1,72.8,18.4,18.4,72.8,83.8,59.1,40.9,26.9,73.1,68.7,31.3,62.5,35.2,90.6,90.7,22.9,77.1,62.0,38.0,67.1,32.9,41.3,58.7,22.3,50.7,15.6,75.5,16.5,18.3,33.9,26.7,93.7,59.1,40.9,20.2,79.8,11.6,88.4,14.5,85.5,33.6,20.2,46.1,96.3,94.6,88.8,11.2,92.3,89.7,91.0,10.9,89.1,22.1,77.9,76.9,80.0,20.0,95.9,11.9,11.7,12.9,61.7,49.0,22.9,77.1,82.2,17.8,28.9,71.1,34.8,65.2,34.5,65.5,29.3,70.7,28.8,71.2,73.7,74.3,81.4,18.6,83.6,63.6,36.4,94.2,28.7,71.3,96.1,68.4,31.6,34.4,65.6,18.2,81.8,34.6,65.4,14.8,85.2,25.2,74.8,79.1,19.3,83.8,16.2,78.2,21.7,33.0,67.0,31.1,4.8,9.4,76.9,23.1,76.9,87.9,80.1,48.4,83.1,16.9,89.3,77.3,76.8,80.8,80.4,96.5,96.6,23.5,68.8,95.1,95.1,97.0,96.4,99.4,61.2,38.8,26.1,73.9,25.9,74.1,96.4,96.3,80.6
2.26,0.0,196392.0,8.0,39.0,7.9,55.1,7.1,11.0,31.4,2.9,28.6,71.4,30.5,69.4,19.7,80.3,86.7,94.1,92.2,7.8,47.4,52.6,73.2,26.8,82.4,36.4,34.9,28.7,36.4,34.9,26.7,30.5,34.9,26.7,80.4,78.1,82.3,17.7,92.5,94.9,92.4,15.9,84.1,52.4,47.6,93.9,55.6,44.4,84.6,35.7,64.3,35.7,64.3,96.5,88.4,91.2,8.8,92.4,7.6,92.9,38.3,61.7,72.6,27.4,81.5,14.9,85.1,14.9,84.0,16.0,90.5,94.5,85.7,14.3,66.8,33.2,59.1,72.8,18.4,18.4,72.8,83.8,59.1,40.9,26.9,73.1,68.7,31.3,62.5,35.2,90.6,90.7,22.9,77.1,62.0,38.0,67.1,32.9,41.3,58.7,22.3,50.7,15.6,75.5,16.5,18.3,33.9,26.7,93.7,59.1,40.9,20.2,79.8,11.6,88.4,14.5,85.5,33.6,20.2,46.1,96.3,94.6,88.8,11.2,92.3,89.7,91.0,10.9,89.1,22.1,77.9,76.9,80.0,20.0,95.9,11.9,11.7,12.9,61.7,49.0,22.9,77.1,82.2,17.8,28.9,71.1,34.8,65.2,34.5,65.5,29.3,70.7,28.8,71.2,73.7,74.3,81.4,18.6,83.6,63.6,36.4,94.2,28.7,71.3,96.1,68.4,31.6,34.4,65.6,18.2,81.8,34.6,65.4,14.8,85.2,25.2,74.8,79.1,19.3,83.8,16.2,78.2,21.7,33.0,67.0,31.1,4.8,9.4,76.9,23.1,76.9,87.9,80.1,48.4,83.1,16.9,89.3,77.3,76.8,80.8,80.4,96.5,96.6,23.5,68.8,95.1,95.1,97.0,96.4,99.4,61.2,38.8,26.1,73.9,25.9,74.1,96.4,96.3,80.6
2.29,0.0,18432.0,7.0,26.6,9.6,65.8,11.5,16.1,20.9,1.0,32.6,67.4,32.7,67.1,23.0,77.0,82.3,89.5,89.6,10.4,42.3,57.7,77.0,23.0,84.4,31.5,34.3,34.1,31.5,34.3,31.5,25.6,34.3,31.5,82.3,68.5,82.5,17.5,94.8,94.4,92.7,22.0,78.0,52.3,47.7,95.3,61.4,38.6,86.3,30.9,69.1,30.6,69.4,96.0,89.4,90.4,9.6,90.5,9.5,94.1,36.4,63.6,74.6,25.4,85.3,11.6,88.4,11.6,86.7,13.3,94.7,98.0,89.9,10.1,72.7,27.3,62.1,71.1,19.3,19.3,71.1,88.5,60.4,39.6,25.0,75.0,66.4,33.6,65.2,33.2,89.9,90.2,18.3,81.7,58.7,41.3,64.3,35.7,35.0,65.0,27.2,45.8,20.6,71.6,16.0,14.7,34.7,30.9,92.7,60.4,39.6,19.0,81.0,9.8,90.2,11.4,88.6,36.5,19.0,44.5,96.4,94.6,88.5,11.5,92.8,92.7,92.8,8.8,91.2,19.1,80.9,76.8,83.0,17.0,95.7,12.0,11.7,12.2,63.6,52.9,20.7,79.3,84.0,16.0,32.6,67.4,30.1,69.9,29.7,70.3,28.6,71.4,28.3,71.7,73.0,73.2,87.0,13.0,81.4,68.5,31.5,93.2,34.1,65.9,96.5,64.6,35.4,25.0,75.0,16.3,83.7,31.8,68.2,11.8,88.2,22.1,77.9,82.6,16.0,85.9,14.1,80.4,19.5,32.5,67.5,24.7,8.1,10.5,77.0,23.0,77.0,87.9,80.3,41.4,85.2,14.8,87.6,78.0,77.8,80.6,80.4,94.0,96.5,24.0,66.5,94.9,94.8,97.4,96.6,98.8,63.9,36.1,22.6,77.4,22.7,77.3,97.6,97.7,79.9
2.3,1.0,117502.0,1.0,39.3,10.6,55.8,14.6,19.3,18.6,1.5,30.6,69.4,29.4,67.2,21.2,78.8,91.4,89.2,94.0,6.0,58.3,41.7,77.0,23.0,80.5,46.8,31.5,21.7,46.8,31.5,20.9,34.0,31.5,20.9,83.8,74.3,82.8,17.2,92.9,93.2,88.0,13.5,86.5,51.0,49.0,89.7,61.0,39.0,87.6,40.4,59.6,40.7,59.3,94.9,86.3,89.8,10.2,86.4,13.6,91.8,46.7,53.3,83.1,16.9,80.4,16.0,84.0,16.0,83.2,16.8,91.5,92.7,84.0,16.0,64.6,35.4,66.2,71.2,18.5,18.5,71.2,85.5,63.5,36.5,34.3,65.7,59.3,40.7,62.4,34.1,89.7,89.9,24.8,75.2,66.4,33.6,71.5,28.5,46.9,53.1,33.3,27.5,24.4,66.5,11.1,20.2,35.0,29.2,96.1,63.5,36.5,23.7,76.3,14.6,85.4,18.4,81.6,25.9,23.7,50.3,95.1,91.7,93.4,6.6,97.8,93.7,95.9,11.1,88.9,19.0,81.0,78.4,81.1,18.9,96.5,17.1,16.8,9.9,53.3,51.9,25.1,74.9,78.9,21.1,46.4,53.6,42.7,57.3,42.9,57.1,36.1,63.9,36.3,63.7,61.5,61.2,80.0,20.0,90.5,53.2,46.8,95.8,21.7,78.3,93.1,67.5,32.5,27.3,72.7,11.2,88.8,31.4,68.6,13.1,86.9,27.6,72.4,84.6,11.6,88.7,11.3,78.3,21.7,31.9,68.1,28.0,12.2,14.3,73.7,26.3,73.7,80.8,75.1,40.5,92.8,7.2,93.2,84.0,83.9,90.1,90.0,97.4,91.9,27.0,59.4,92.6,92.5,94.9,97.5,99.7,55.6,44.4,32.8,67.2,32.4,67.6,96.9,96.9,76.0
2.35,0.0,1421.0,8.0,43.0,2.1,74.4,27.5,19.2,26.1,0.2,28.6,71.4,30.5,69.4,19.7,80.3,86.7,94.1,92.2,7.8,47.4,52.6,73.2,26.8,82.4,36.4,34.9,28.7,36.4,34.9,26.7,30.5,34.9,26.7,80.4,78.1,82.3,17.7,92.5,94.9,92.4,15.9,84.1,52.4,47.6,93.9,55.6,44.4,84.6,35.7,64.3,35.7,64.3,96.5,88.4,91.2,8.8,92.4,7.6,92.9,38.3,61.7,72.6,27.4,81.5,14.9,85.1,14.9,84.0,16.0,90.5,94.5,85.7,14.3,66.8,33.2,59.1,72.8,18.4,18.4,72.8,83.8,59.1,40.9,26.9,73.1,68.7,31.3,62.5,35.2,90.6,90.7,22.9,77.1,62.0,38.0,67.1,32.9,41.3,58.7,22.3,50.7,15.6,75.5,16.5,18.3,33.9,26.7,93.7,59.1,40.9,20.2,79.8,11.6,88.4,14.5,85.5,33.6,20.2,46.1,96.3,94.6,88.8,11.2,92.3,89.7,91.0,10.9,89.1,22.1,77.9,76.9,80.0,20.0,95.9,11.9,11.7,12.9,61.7,49.0,22.9,77.1,82.2,17.8,28.9,71.1,34.8,65.2,34.5,65.5,29.3,70.7,28.8,71.2,73.7,74.3,81.4,18.6,83.6,63.6,36.4,94.2,28.7,71.3,96.1,68.4,31.6,34.4,65.6,18.2,81.8,34.6,65.4,14.8,85.2,25.2,74.8,79.1,19.3,83.8,16.2,78.2,21.7,33.0,67.0,31.1,4.8,9.4,76.9,23.1,76.9,87.9,80.1,48.4,83.1,16.9,89.3,77.3,76.8,80.8,80.4,96.5,96.6,23.5,68.8,95.1,95.1,97.0,96.4,99.4,61.2,38.8,26.1,73.9,25.9,74.1,96.4,96.3,80.6
2.55,0.0,1154.0,9.0,27.0,0.0,70.8,6.8,25.1,29.2,2.1,20.7,79.3,20.9,77.4,15.3,84.7,87.5,63.3,94.7,5.3,49.5,50.5,77.8,22.2,85.9,39.8,38.5,21.7,39.8,38.5,19.7,33.9,38.5,19.7,86.9,73.6,79.0,21.0,89.4,96.4,93.0,24.8,75.2,43.5,56.5,91.0,60.4,39.6,82.0,42.2,57.8,42.2,57.8,98.1,93.2,87.9,12.1,80.0,20.0,90.8,52.3,47.7,82.9,17.1,85.5,11.3,88.7,11.3,86.0,14.0,91.0,97.9,84.5,15.5,67.1,32.9,70.4,59.6,28.2,28.2,59.6,55.3,54.2,45.8,35.1,64.9,49.7,50.3,68.5,29.1,91.8,91.8,26.3,73.7,75.5,24.5,79.1,20.9,54.4,45.6,34.2,23.5,30.5,60.1,15.8,18.9,30.4,27.5,92.5,54.2,45.8,26.4,73.6,14.7,85.3,17.2,82.8,25.2,26.4,48.4,95.4,94.1,92.8,7.2,93.1,94.9,94.1,9.8,90.2,16.3,83.7,83.6,71.9,28.1,95.1,16.7,12.7,22.0,47.7,37.8,24.1,75.9,84.9,15.1,48.2,51.8,37.6,62.4,37.6,62.4,35.3,64.7,35.3,64.7,57.0,57.0,83.2,16.8,81.5,60.2,39.8,96.3,21.7,78.3,94.1,74.8,25.2,61.5,38.5,12.0,88.0,21.8,78.2,15.2,84.8,21.6,78.4,86.5,12.8,88.4,11.6,80.6,18.7,25.5,74.5,28.7,4.3,7.0,76.6,23.4,76.6,88.9,86.8,56.8,85.4,14.6,94.8,86.5,86.5,89.2,89.2,96.8,86.2,30.2,49.8,98.8,98.8,96.6,96.6,99.3,60.4,39.6,37.6,62.4,37.6,62.4,92.8,92.8,72.2
2.57,0.0,16884.0,7.0,16.7,7.2,75.9,12.8,17.2,18.6,1.3,32.6,67.4,32.7,67.1,23.0,77.0,82.3,89.5,89.6,10.4,42.3,57.7,77.0,23.0,84.4,31.5,34.3,34.1,31.5,34.3,31.5,25.6,34.3,31.5,82.3,68.5,82.5,17.5,94.8,94.4,92.7,22.0,78.0,52.3,47.7,95.3,61.4,38.6,86.3,30.9,69.1,30.6,69.4,96.0,89.4,90.4,9.6,90.5,9.5,94.1,36.4,63.6,74.6,25.4,85.3,11.6,88.4,11.6,86.7,13.3,94.7,98.0,89.9,10.1,72.7,27.3,62.1,71.1,19.3,19.3,71.1,88.5,60.4,39.6,25.0,75.0,66.4,33.6,65.2,33.2,89.9,90.2,18.3,81.7,58.7,41.3,64.3,35.7,35.0,65.0,27.2,45.8,20.6,71.6,16.0,14.7,34.7,30.9,92.7,60.4,39.6,19.0,81.0,9.8,90.2,11.4,88.6,36.5,19.0,44.5,96.4,94.6,88.5,11.5,92.8,92.7,92.8,8.8,91.2,19.1,80.9,76.8,83.0,17.0,95.7,12.0,11.7,12.2,63.6,52.9,20.7,79.3,84.0,16.0,32.6,67.4,30.1,69.9,29.7,70.3,28.6,71.4,28.3,71.7,73.0,73.2,87.0,13.0,81.4,68.5,31.5,93.2,34.1,65.9,96.5,64.6,35.4,25.0,75.0,16.3,83.7,31.8,68.2,11.8,88.2,22.1,77.9,82.6,16.0,85.9,14.1,80.4,19.5,32.5,67.5,24.7,8.1,10.5,77.0,23.0,77.0,87.9,80.3,41.4,85.2,14.8,87.6,78.0,77.8,80.6,80.4,94.0,96.5,24.0,66.5,94.9,94.8,97.4,96.6,98.8,63.9,36.1,22.6,77.4,22.7,77.3,97.6,97.7,79.9
2.6,0.0,87186.0,7.0,20.7,14.3,58.6,7.5,10.6,19.3,5.7,32.6,67.4,32.7,67.1,23.0,77.0,82.3,89.5,89.6,10.4,42.3,57.7,77.0,23.0,84.4,31.5,34.3,34.1,31.5,34.3,31.5,25.6,34.3,31.5,82.3,68.5,82.5,17.5,94.8,94.4,92.7,22.0,78.0,52.3,47.7,95.3,61.4,38.6,86.3,30.9,69.1,30.6,69.4,96.0,89.4,90.4,9.6,90.5,9.5,94.1,36.4,63.6,74.6,25.4,85.3,11.6,88.4,11.6,86.7,13.3,94.7,98.0,89.9,10.1,72.7,27.3,62.1,71.1,19.3,19.3,71.1,88.5,60.4,39.6,25.0,75.0,66.4,33.6,65.2,33.2,89.9,90.2,18.3,81.7,58.7,41.3,64.3,35.7,35.0,65.0,27.2,45.8,20.6,71.6,16.0,14.7,34.7,30.9,92.7,60.4,39.6,19.0,81.0,9.8,90.2,11.4,88.6,36.5,19.0,44.5,96.4,94.6,88.5,11.5,92.8,92.7,92.8,8.8,91.2,19.1,80.9,76.8,83.0,17.0,95.7,12.0,11.7,12.2,63.6,52.9,20.7,79.3,84.0,16.0,32.6,67.4,30.1,69.9,29.7,70.3,28.6,71.4,28.3,71.7,73.0,73.2,87.0,13.0,81.4,68.5,31.5,93.2,34.1,65.9,96.5,64.6,35.4,25.0,75.0,16.3,83.7,31.8,68.2,11.8,88.2,22.1,77.9,82.6,16.0,85.9,14.1,80.4,19.5,32.5,67.5,24.7,8.1,10.5,77.0,23.0,77.0,87.9,80.3,41.4,85.2,14.8,87.6,78.0,77.8,80.6,80.4,94.0,96.5,24.0,66.5,94.9,94.8,97.4,96.6,98.8,63.9,36.1,22.6,77.4,22.7,77.3,97.6,97.7,79.9
2.65,0.0,1220.0,2.0,42.0,2.3,50.7,18.6,11.2,21.1,0.4,22.8,77.2,32.1,67.3,18.1,81.9,96.4,73.7,87.2,12.8,62.5,37.5,68.6,31.4,86.0,44.5,25.6,30.0,44.5,25.6,28.7,33.6,25.6,28.7,85.2,85.1,89.4,10.6,87.8,93.7,85.7,19.0,81.0,51.8,48.2,98.0,54.4,45.6,88.6,37.0,63.0,37.3,62.7,92.4,90.7,90.5,9.5,88.7,11.3,90.3,46.8,53.2,75.3,24.7,81.8,15.5,84.5,15.5,83.0,17.0,88.6,93.6,80.4,19.6,59.2,40.8,58.2,71.4,19.1,19.1,71.4,88.7,62.0,38.0,29.9,70.1,62.9,37.1,52.5,44.7,90.2,90.3,27.4,72.6,62.6,37.4,67.6,32.4,50.9,49.1,22.4,38.4,18.7,69.5,7.4,18.0,34.1,31.1,94.2,62.0,38.0,13.8,86.2,8.6,91.4,12.4,87.6,31.7,13.8,54.6,93.0,90.6,90.2,9.8,97.9,95.4,96.7,11.2,88.8,20.6,79.4,90.5,68.1,31.9,92.7,20.1,7.0,19.3,53.2,44.5,29.2,70.8,85.4,14.6,32.1,67.9,37.4,62.6,36.9,63.1,33.2,66.8,32.7,67.3,68.2,68.8,79.1,20.9,82.9,55.5,44.5,89.9,30.0,70.0,98.5,61.5,38.5,26.3,73.7,17.3,82.7,29.8,70.2,17.7,82.3,25.1,74.9,86.9,12.7,89.4,10.6,70.2,29.7,25.5,74.5,27.6,11.9,9.8,79.3,20.7,79.3,82.6,77.0,52.8,86.2,13.8,94.8,85.8,85.7,87.5,87.4,95.4,96.0,25.7,63.0,94.5,94.8,93.7,95.9,100.0,49.8,50.2,29.8,70.2,29.8,70.2,98.1,98.1,86.1
2.7,0.0,2035.0,10.0,30.1,0.0,68.6,17.4,14.5,35.9,0.3,23.9,76.1,26.3,73.3,17.2,82.8,87.3,90.7,94.2,5.8,50.3,49.7,75.6,24.4,88.0,36.3,39.0,24.8,36.3,39.0,23.2,30.9,39.0,23.2,87.9,82.3,87.3,12.7,91.0,94.0,93.1,33.7,66.3,50.8,49.2,92.3,60.9,39.1,86.3,35.7,64.3,38.3,61.7,96.9,92.1,89.1,10.9,87.5,12.5,92.5,49.7,50.3,76.9,23.1,78.1,18.0,82.0,18.0,81.0,19.0,89.4,91.8,77.4,22.6,59.5,40.5,47.3,75.6,13.5,13.5,75.6,82.5,60.7,39.3,31.5,68.5,67.0,33.0,62.3,36.3,87.5,88.1,25.3,74.7,58.9,41.1,68.1,31.9,33.9,66.1,28.5,41.6,17.9,62.1,12.8,20.9,35.1,26.8,91.4,60.7,39.3,24.4,75.6,15.4,84.6,20.1,79.9,24.7,24.4,50.9,95.9,94.6,86.8,13.2,98.6,93.9,96.1,12.7,87.3,22.4,77.6,76.7,80.8,19.2,94.6,12.7,21.0,14.1,50.3,56.7,29.6,70.4,88.0,12.0,39.9,60.1,33.2,66.8,37.6,62.4,26.8,73.2,32.9,67.1,82.7,73.9,80.1,19.9,83.4,63.7,36.3,94.9,24.8,75.2,92.1,67.4,32.6,39.5,60.5,16.4,83.6,27.2,72.8,14.0,86.0,25.2,74.8,79.1,19.1,84.6,15.4,76.8,23.2,27.1,72.9,30.7,7.4,10.5,73.1,26.9,73.1,89.7,80.2,53.3,86.4,13.6,91.3,83.3,82.3,86.6,84.9,98.7,97.6,20.5,67.0,92.1,91.7,97.7,95.4,99.1,58.6,41.4,29.5,70.5,26.5,73.5,95.7,95.5,80.3
2.71,2.0,5376.0,1.0,49.5,10.1,48.7,5.2,18.0,10.2,0.2,30.6,69.4,29.4,67.2,21.2,78.8,91.4,89.2,94.0,6.0,58.3,41.7,77.0,23.0,80.5,46.8,31.5,21.7,46.8,31.5,20.9,34.0,31.5,20.9,83.8,74.3,82.8,17.2,92.9,93.2,88.0,13.5,86.5,51.0,49.0,89.7,61.0,39.0,87.6,40.4,59.6,40.7,59.3,94.9,86.3,89.8,10.2,86.4,13.6,91.8,46.7,53.3,83.1,16.9,80.4,16.0,84.0,16.0,83.2,16.8,91.5,92.7,84.0,16.0,64.6,35.4,66.2,71.2,18.5,18.5,71.2,85.5,63.5,36.5,34.3,65.7,59.3,40.7,62.4,34.1,89.7,89.9,24.8,75.2,66.4,33.6,71.5,28.5,46.9,53.1,33.3,27.5,24.4,66.5,11.1,20.2,35.0,29.2,96.1,63.5,36.5,23.7,76.3,14.6,85.4,18.4,81.6,25.9,23.7,50.3,95.1,91.7,93.4,6.6,97.8,93.7,95.9,11.1,88.9,19.0,81.0,78.4,81.1,18.9,96.5,17.1,16.8,9.9,53.3,51.9,25.1,74.9,78.9,21.1,46.4,53.6,42.7,57.3,42.9,57.1,36.1,63.9,36.3,63.7,61.5,61.2,80.0,20.0,90.5,53.2,46.8,95.8,21.7,78.3,93.1,67.5,32.5,27.3,72.7,11.2,88.8,31.4,68.6,13.1,86.9,27.6,72.4,84.6,11.6,88.7,11.3,78.3,21.7,31.9,68.1,28.0,12.2,14.3,73.7,26.3,73.7,80.8,75.1,40.5,92.8,7.2,93.2,84.0,83.9,90.1,90.0,97.4,91.9,27.0,59.4,92.6,92.5,94.9,97.5,99.7,55.6,44.4,32.8,67.2,32.4,67.6,96.9,96.9,76.0
2.75,0.0,38024.0,7.0,18.5,14.2,66.8,9.2,14.5,30.7,0.4,32.6,67.4,32.7,67.1,23.0,77.0,82.3,89.5,89.6,10.4,42.3,57.7,77.0,23.0,84.4,31.5,34.3,34.1,31.5,34.3,31.5,25.6,34.3,31.5,82.3,68.5,82.5,17.5,94.8,94.4,92.7,22.0,78.0,52.3,47.7,95.3,61.4,38.6,86.3,30.9,69.1,30.6,69.4,96.0,89.4,90.4,9.6,90.5,9.5,94.1,36.4,63.6,74.6,25.4,85.3,11.6,88.4,11.6,86.7,13.3,94.7,98.0,89.9,10.1,72.7,27.3,62.1,71.1,19.3,19.3,71.1,88.5,60.4,39.6,25.0,75.0,66.4,33.6,65.2,33.2,89.9,90.2,18.3,81.7,58.7,41.3,64.3,35.7,35.0,65.0,27.2,45.8,20.6,71.6,16.0,14.7,34.7,30.9,92.7,60.4,39.6,19.0,81.0,9.8,90.2,11.4,88.6,36.5,19.0,44.5,96.4,94.6,88.5,11.5,92.8,92.7,92.8,8.8,91.2,19.1,80.9,76.8,83.0,17.0,95.7,12.0,11.7,12.2,63.6,52.9,20.7,79.3,84.0,16.0,32.6,67.4,30.1,69.9,29.7,70.3,28.6,71.4,28.3,71.7,73.0,73.2,87.0,13.0,81.4,68.5,31.5,93.2,34.1,65.9,96.5,64.6,35.4,25.0,75.0,16.3,83.7,31.8,68.2,11.8,88.2,22.1,77.9,82.6,16.0,85.9,14.1,80.4,19.5,32.5,67.5,24.7,8.1,10.5,77.0,23.0,77.0,87.9,80.3,41.4,85.2,14.8,87.6,78.0,77.8,80.6,80.4,94.0,96.5,24.0,66.5,94.9,94.8,97.4,96.6,98.8,63.9,36.1,22.6,77.4,22.7,77.3,97.6,97.7,79.9
2.9,7.0,21620.0,1.0,50.2,3.4,57.2,11.0,19.1,18.9,0.8,30.6,69.4,29.4,67.2,21.2,78.8,91.4,89.2,94.0,6.0,58.3,41.7,77.0,23.0,80.5,46.8,31.5,21.7,46.8,31.5,20.9,34.0,31.5,20.9,83.8,74.3,82.8,17.2,92.9,93.2,88.0,13.5,86.5,51.0,49.0,89.7,61.0,39.0,87.6,40.4,59.6,40.7,59.3,94.9,86.3,89.8,10.2,86.4,13.6,91.8,46.7,53.3,83.1,16.9,80.4,16.0,84.0,16.0,83.2,16.8,91.5,92.7,84.0,16.0,64.6,35.4,66.2,71.2,18.5,18.5,71.2,85.5,63.5,36.5,34.3,65.7,59.3,40.7,62.4,34.1,89.7,89.9,24.8,75.2,66.4,33.6,71.5,28.5,46.9,53.1,33.3,27.5,24.4,66.5,11.1,20.2,35.0,29.2,96.1,63.5,36.5,23.7,76.3,14.6,85.4,18.4,81.6,25.9,23.7,50.3,95.1,91.7,93.4,6.6,97.8,93.7,95.9,11.1,88.9,19.0,81.0,78.4,81.1,18.9,96.5,17.1,16.8,9.9,53.3,51.9,25.1,74.9,78.9,21.1,46.4,53.6,42.7,57.3,42.9,57.1,36.1,63.9,36.3,63.7,61.5,61.2,80.0,20.0,90.5,53.2,46.8,95.8,21.7,78.3,93.1,67.5,32.5,27.3,72.7,11.2,88.8,31.4,68.6,13.1,86.9,27.6,72.4,84.6,11.6,88.7,11.3,78.3,21.7,31.9,68.1,28.0,12.2,14.3,73.7,26.3,73.7,80.8,75.1,40.5,92.8,7.2,93.2,84.0,83.9,90.1,90.0,97.4,91.9,27.0,59.4,92.6,92.5,94.9,97.5,99.7,55.6,44.4,32.8,67.2,32.4,67.6,96.9,96.9,76.0
2.92,0.0,20919.0,8.0,20.1,3.6,74.0,8.6,10.5,22.2,0.2,28.6,71.4,30.5,69.4,19.7,80.3,86.7,94.1,92.2,7.8,47.4,52.6,73.2,26.8,82.4,36.4,34.9,28.7,36.4,34.9,26.7,30.5,34.9,26.7,80.4,78.1,82.3,17.7,92.5,94.9,92.4,15.9,84.1,52.4,47.6,93.9,55.6,44.4,84.6,35.7,64.3,35.7,64.3,96.5,88.4,91.2,8.8,92.4,7.6,92.9,38.3,61.7,72.6,27.4,81.5,14.9,85.1,14.9,84.0,16.0,90.5,94.5,85.7,14.3,66.8,33.2,59.1,72.8,18.4,18.4,72.8,83.8,59.1,40.9,26.9,73.1,68.7,31.3,62.5,35.2,90.6,90.7,22.9,77.1,62.0,38.0,67.1,32.9,41.3,58.7,22.3,50.7,15.6,75.5,16.5,18.3,33.9,26.7,93.7,59.1,40.9,20.2,79.8,11.6,88.4,14.5,85.5,33.6,20.2,46.1,96.3,94.6,88.8,11.2,92.3,89.7,91.0,10.9,89.1,22.1,77.9,76.9,80.0,20.0,95.9,11.9,11.7,12.9,61.7,49.0,22.9,77.1,82.2,17.8,28.9,71.1,34.8,65.2,34.5,65.5,29.3,70.7,28.8,71.2,73.7,74.3,81.4,18.6,83.6,63.6,36.4,94.2,28.7,71.3,96.1,68.4,31.6,34.4,65.6,18.2,81.8,34.6,65.4,14.8,85.2,25.2,74.8,79.1,19.3,83.8,16.2,78.2,21.7,33.0,67.0,31.1,4.8,9.4,76.9,23.1,76.9,87.9,80.1,48.4,83.1,16.9,89.3,77.3,76.8,80.8,80.4,96.5,96.6,23.5,68.8,95.1,95.1,97.0,96.4,99.4,61.2,38.8,26.1,73.9,25.9,74.1,96.4,96.3,80.6
2.92,0.0,57010.0,6.0,26.5,8.2,68.0,10.1,15.9,21.9,1.1,22.7,77.3,29.9,69.8,15.0,85.0,87.1,89.2,90.4,9.6,52.1,47.9,83.3,16.7,86.0,36.8,30.6,32.5,36.8,30.6,29.3,31.8,30.6,29.3,84.2,73.1,83.0,17.0,94.4,93.4,94.5,26.0,74.0,45.3,54.7,91.1,64.5,35.5,87.8,41.8,58.2,42.1,57.9,97.1,93.2,94.0,6.0,88.8,11.2,95.2,41.6,58.4,82.4,17.6,84.2,11.8,88.2,11.8,85.2,14.8,92.6,96.3,88.1,11.9,72.1,27.9,48.8,75.0,19.0,19.0,75.0,84.0,51.2,48.8,36.1,63.9,67.5,32.5,64.4,33.5,90.6,90.7,18.2,81.8,63.8,36.2,67.7,32.3,47.6,52.4,22.0,49.8,23.3,65.6,17.3,14.0,37.2,27.3,92.9,51.2,48.8,28.8,71.2,17.7,82.3,21.6,78.4,29.8,28.8,41.4,97.2,95.6,88.9,11.1,95.5,89.4,92.5,8.9,91.1,14.8,85.2,75.9,80.5,19.5,97.4,12.8,15.5,12.6,58.4,44.2,25.6,74.4,85.4,14.6,34.3,65.7,24.8,75.2,25.4,74.6,18.9,81.1,19.0,81.0,84.4,84.3,82.7,17.3,87.8,63.2,36.8,92.5,32.5,67.5,96.5,69.6,30.4,30.4,69.6,13.3,86.7,28.4,71.6,11.0,89.0,20.8,79.2,80.9,18.3,84.0,16.0,76.5,23.5,35.1,64.9,29.6,5.6,13.0,72.2,27.8,72.2,90.5,83.1,48.8,92.0,8.0,91.0,85.5,85.3,89.2,89.1,96.4,97.9,21.3,67.5,94.7,94.6,98.2,97.4,99.7,62.1,37.9,34.1,65.9,33.8,66.2,97.0,97.0,74.3
2.95,1.0,23572.0,1.0,58.3,3.7,68.4,9.3,25.1,14.3,0.5,30.6,69.4,29.4,67.2,21.2,78.8,91.4,89.2,94.0,6.0,58.3,41.7,77.0,23.0,80.5,46.8,31.5,21.7,46.8,31.5,20.9,34.0,31.5,20.9,83.8,74.3,82.8,17.2,92.9,93.2,88.0,13.5,86.5,51.0,49.0,89.7,61.0,39.0,87.6,40.4,59.6,40.7,59.3,94.9,86.3,89.8,10.2,86.4,13.6,91.8,46.7,53.3,83.1,16.9,80.4,16.0,84.0,16.0,83.2,16.8,91.5,92.7,84.0,16.0,64.6,35.4,66.2,71.2,18.5,18.5,71.2,85.5,63.5,36.5,34.3,65.7,59.3,40.7,62.4,34.1,89.7,89.9,24.8,75.2,66.4,33.6,71.5,28.5,46.9,53.1,33.3,27.5,24.4,66.5,11.1,20.2,35.0,29.2,96.1,63.5,36.5,23.7,76.3,14.6,85.4,18.4,81.6,25.9,23.7,50.3,95.1,91.7,93.4,6.6,97.8,93.7,95.9,11.1,88.9,19.0,81.0,78.4,81.1,18.9,96.5,17.1,16.8,9.9,53.3,51.9,25.1,74.9,78.9,21.1,46.4,53.6,42.7,57.3,42.9,57.1,36.1,63.9,36.3,63.7,61.5,61.2,80.0,20.0,90.5,53.2,46.8,95.8,21.7,78.3,93.1,67.5,32.5,27.3,72.7,11.2,88.8,31.4,68.6,13.1,86.9,27.6,72.4,84.6,11.6,88.7,11.3,78.3,21.7,31.9,68.1,28.0,12.2,14.3,73.7,26.3,73.7,80.8,75.1,40.5,92.8,7.2,93.2,84.0,83.9,90.1,90.0,97.4,91.9,27.0,59.4,92.6,92.5,94.9,97.5,99.7,55.6,44.4,32.8,67.2,32.4,67.6,96.9,96.9,76.0
2.96,0.0,21771.0,5.0,14.5,20.9,61.3,9.2,11.5,14.8,0.4,28.3,71.7,26.3,70.9,19.3,80.7,89.1,90.4,83.9,16.1,53.9,46.1,73.3,26.7,86.8,38.8,37.4,23.8,38.8,37.4,23.4,32.2,37.4,23.4,85.6,75.8,81.1,18.9,90.0,93.1,86.6,23.6,76.4,55.4,44.6,91.7,57.0,43.0,75.5,49.5,50.5,48.9,51.1,94.7,91.2,91.1,8.9,84.4,15.6,91.6,53.4,46.6,72.7,27.3,80.4,17.4,82.6,17.4,84.8,15.2,92.3,91.4,81.5,18.5,65.3,34.7,63.9,70.5,20.6,20.6,70.5,71.9,55.7,44.3,39.7,60.3,62.2,37.8,57.7,41.9,92.4,92.3,23.6,76.4,74.4,25.6,83.3,16.7,45.8,54.2,24.9,46.3,22.4,58.5,16.0,14.5,33.1,27.3,93.2,55.7,44.3,24.4,75.6,16.8,83.2,20.4,79.6,24.2,24.4,51.4,94.2,92.0,89.7,10.3,97.4,89.1,93.1,13.3,86.7,24.9,75.1,82.1,64.6,35.4,95.9,15.5,20.0,16.9,46.6,67.0,30.8,69.2,86.8,13.2,36.5,63.5,33.6,66.4,33.2,66.8,24.3,75.7,24.0,76.0,78.8,79.3,81.9,18.1,75.9,61.2,38.8,88.7,23.8,76.2,90.7,70.7,29.3,30.6,69.4,23.3,76.7,33.3,66.7,13.8,86.2,23.5,76.5,84.1,12.6,90.0,10.0,78.2,21.0,26.2,73.8,30.5,11.4,8.7,77.2,22.8,77.2,85.6,79.1,39.9,86.4,13.6,92.5,84.1,84.1,85.4,85.4,91.8,94.8,22.0,62.5,95.5,95.4,91.0,96.4,99.5,53.3,46.7,37.1,62.9,37.6,62.4,92.2,92.3,65.5
3.01,0.0,39012.0,4.0,18.7,7.0,79.7,8.9,18.7,21.9,0.5,24.1,75.9,28.6,69.7,18.0,82.0,89.3,73.8,87.6,12.4,55.8,44.2,68.6,31.4,85.1,38.5,36.1,25.4,38.5,36.1,24.1,27.6,36.1,24.1,77.4,72.0,90.2,9.8,92.0,88.8,82.7,25.1,74.9,61.1,38.9,95.4,46.8,53.2,83.3,39.5,60.5,38.6,61.4,93.0,89.6,91.0,9.0,82.7,17.3,91.1,55.2,44.8,75.1,24.9,79.2,19.9,80.1,19.9,87.4,12.6,91.0,94.4,82.5,17.5,71.0,29.0,64.2,69.6,21.3,21.3,69.6,85.2,62.4,37.6,32.2,67.8,55.1,44.9,50.8,48.8,87.2,87.2,21.0,79.0,74.6,25.4,82.1,17.9,56.8,43.2,25.1,53.1,23.5,61.5,17.9,13.7,30.9,30.2,97.1,62.4,37.6,17.2,82.8,16.5,83.5,23.0,77.0,31.8,17.2,51.0,90.1,87.2,83.0,17.0,94.6,95.3,94.9,10.8,89.2,19.8,80.2,84.0,71.4,28.6,94.6,25.6,14.8,14.4,44.8,56.4,28.1,71.9,84.7,15.3,35.2,64.8,30.2,69.8,30.2,69.8,29.0,71.0,29.0,71.0,72.3,72.3,78.4,21.6,81.5,61.5,38.5,91.9,25.4,74.6,99.2,61.1,38.9,32.1,67.9,16.0,84.0,29.3,70.7,11.3,88.7,21.8,78.2,84.8,14.7,89.0,11.0,76.0,23.8,35.7,64.3,23.9,14.2,10.9,73.1,26.9,73.1,82.4,78.9,46.8,87.1,12.9,95.3,77.2,77.4,80.8,81.0,93.1,93.5,27.6,55.1,87.4,87.4,93.1,94.0,97.0,52.2,47.8,27.0,73.0,27.7,72.3,92.8,92.8,72.4
3.03,0.0,3210.0,1.0,32.6,3.6,78.9,1.6,18.4,21.9,0.9,30.6,69.4,29.4,67.2,21.2,78.8,91.4,89.2,94.0,6.0,58.3,41.7,77.0,23.0,80.5,46.8,31.5,21.7,46.8,31.5,20.9,34.0,31.5,20.9,83.8,74.3,82.8,17.2,92.9,93.2,88.0,13.5,86.5,51.0,49.0,89.7,61.0,39.0,87.6,40.4,59.6,40.7,59.3,94.9,86.3,89.8,10.2,86.4,13.6,91.8,46.7,53.3,83.1,16.9,80.4,16.0,84.0,16.0,83.2,16.8,91.5,92.7,84.0,16.0,64.6,35.4,66.2,71.2,18.5,18.5,71.2,85.5,63.5,36.5,34.3,65.7,59.3,40.7,62.4,34.1,89.7,89.9,24.8,75.2,66.4,33.6,71.5,28.5,46.9,53.1,33.3,27.5,24.4,66.5,11.1,20.2,35.0,29.2,96.1,63.5,36.5,23.7,76.3,14.6,85.4,18.4,81.6,25.9,23.7,50.3,95.1,91.7,93.4,6.6,97.8,93.7,95.9,11.1,88.9,19.0,81.0,78.4,81.1,18.9,96.5,17.1,16.8,9.9,53.3,51.9,25.1,74.9,78.9,21.1,46.4,53.6,42.7,57.3,42.9,57.1,36.1,63.9,36.3,63.7,61.5,61.2,80.0,20.0,90.5,53.2,46.8,95.8,21.7,78.3,93.1,67.5,32.5,27.3,72.7,11.2,88.8,31.4,68.6,13.1,86.9,27.6,72.4,84.6,11.6,88.7,11.3,78.3,21.7,31.9,68.1,28.0,12.2,14.3,73.7,26.3,73.7,80.8,75.1,40.5,92.8,7.2,93.2,84.0,83.9,90.1,90.0,97.4,91.9,27.0,59.4,92.6,92.5,94.9,97.5,99.7,55.6,44.4,32.8,67.2,32.4,67.6,96.9,96.9,76.0
3.03,0.0,33510.0,7.0,25.5,11.4,61.2,10.0,18.3,19.7,0.8,32.6,67.4,32.7,67.1,23.0,77.0,82.3,89.5,89.6,10.4,42.3,57.7,77.0,23.0,84.4,31.5,34.3,34.1,31.5,34.3,31.5,25.6,34.3,31.5,82.3,68.5,82.5,17.5,94.8,94.4,92.7,22.0,78.0,52.3,47.7,95.3,61.4,38.6,86.3,30.9,69.1,30.6,69.4,96.0,89.4,90.4,9.6,90.5,9.5,94.1,36.4,63.6,74.6,25.4,85.3,11.6,88.4,11.6,86.7,13.3,94.7,98.0,89.9,10.1,72.7,27.3,62.1,71.1,19.3,19.3,71.1,88.5,60.4,39.6,25.0,75.0,66.4,33.6,65.2,33.2,89.9,90.2,18.3,81.7,58.7,41.3,64.3,35.7,35.0,65.0,27.2,45.8,20.6,71.6,16.0,14.7,34.7,30.9,92.7,60.4,39.6,19.0,81.0,9.8,90.2,11.4,88.6,36.5,19.0,44.5,96.4,94.6,88.5,11.5,92.8,92.7,92.8,8.8,91.2,19.1,80.9,76.8,83.0,17.0,95.7,12.0,11.7,12.2,63.6,52.9,20.7,79.3,84.0,16.0,32.6,67.4,30.1,69.9,29.7,70.3,28.6,71.4,28.3,71.7,73.0,73.2,87.0,13.0,81.4,68.5,31.5,93.2,34.1,65.9,96.5,64.6,35.4,25.0,75.0,16.3,83.7,31.8,68.2,11.8,88.2,22.1,77.9,82.6,16.0,85.9,14.1,80.4,19.5,32.5,67.5,24.7,8.1,10.5,77.0,23.0,77.0,87.9,80.3,41.4,85.2,14.8,87.6,78.0,77.8,80.6,80.4,94.0,96.5,24.0,66.5,94.9,94.8,97.4,96.6,98.8,63.9,36.1,22.6,77.4,22.7,77.3,97.6,97.7,79.9
3.05,1.0,38346.0,2.0,22.5,3.7,74.8,13.0,15.5,20.2,0.6,22.8,77.2,32.1,67.3,18.1,81.9,96.4,73.7,87.2,12.8,62.5,37.5,68.6,31.4,86.0,44.5,25.6,30.0,44.5,25.6,28.7,33.6,25.6,28.7,85.2,85.1,89.4,10.6,87.8,93.7,85.7,19.0,81.0,51.8,48.2,98.0,54.4,45.6,88.6,37.0,63.0,37.3,62.7,92.4,90.7,90.5,9.5,88.7,11.3,90.3,46.8,53.2,75.3,24.7,81.8,15.5,84.5,15.5,83.0,17.0,88.6,93.6,80.4,19.6,59.2,40.8,58.2,71.4,19.1,19.1,71.4,88.7,62.0,38.0,29.9,70.1,62.9,37.1,52.5,44.7,90.2,90.3,27.4,72.6,62.6,37.4,67.6,32.4,50.9,49.1,22.4,38.4,18.7,69.5,7.4,18.0,34.1,31.1,94.2,62.0,38.0,13.8,86.2,8.6,91.4,12.4,87.6,31.7,13.8,54.6,93.0,90.6,90.2,9.8,97.9,95.4,96.7,11.2,88.8,20.6,79.4,90.5,68.1,31.9,92.7,20.1,7.0,19.3,53.2,44.5,29.2,70.8,85.4,14.6,32.1,67.9,37.4,62.6,36.9,63.1,33.2,66.8,32.7,67.3,68.2,68.8,79.1,20.9,82.9,55.5,44.5,89.9,30.0,70.0,98.5,61.5,38.5,26.3,73.7,17.3,82.7,29.8,70.2,17.7,82.3,25.1,74.9,86.9,12.7,89.4,10.6,70.2,29.7,25.5,74.5,27.6,11.9,9.8,79.3,20.7,79.3,82.6,77.0,52.8,86.2,13.8,94.8,85.8,85.7,87.5,87.4,95.4,96.0,25.7,63.0,94.5,94.8,93.7,95.9,100.0,49.8,50.2,29.8,70.2,29.8,70.2,98.1,98.1,86.1
3.06,0.0,3505.0,9.0,21.1,1.3,84.3,17.8,11.2,23.0,0.3,20.7,79.3,20.9,77.4,15.3,84.7,87.5,63.3,94.7,5.3,49.5,50.5,77.8,22.2,85.9,39.8,38.5,21.7,39.8,38.5,19.7,33.9,38.5,19.7,86.9,73.6,79.0,21.0,89.4,96.4,93.0,24.8,75.2,43.5,56.5,91.0,60.4,39.6,82.0,42.2,57.8,42.2,57.8,98.1,93.2,87.9,12.1,80.0,20.0,90.8,52.3,47.7,82.9,17.1,85.5,11.3,88.7,11.3,86.0,14.0,91.0,97.9,84.5,15.5,67.1,32.9,70.4,59.6,28.2,28.2,59.6,55.3,54.2,45.8,35.1,64.9,49.7,50.3,68.5,29.1,91.8,91.8,26.3,73.7,75.5,24.5,79.1,20.9,54.4,45.6,34.2,23.5,30.5,60.1,15.8,18.9,30.4,27.5,92.5,54.2,45.8,26.4,73.6,14.7,85.3,17.2,82.8,25.2,26.4,48.4,95.4,94.1,92.8,7.2,93.1,94.9,94.1,9.8,90.2,16.3,83.7,83.6,71.9,28.1,95.1,16.7,12.7,22.0,47.7,37.8,24.1,75.9,84.9,15.1,48.2,51.8,37.6,62.4,37.6,62.4,35.3,64.7,35.3,64.7,57.0,57.0,83.2,16.8,81.5,60.2,39.8,96.3,21.7,78.3,94.1,74.8,25.2,61.5,38.5,12.0,88.0,21.8,78.2,15.2,84.8,21.6,78.4,86.5,12.8,88.4,11.6,80.6,18.7,25.5,74.5,28.7,4.3,7.0,76.6,23.4,76.6,88.9,86.8,56.8,85.4,14.6,94.8,86.5,86.5,89.2,89.2,96.8,86.2,30.2,49.8,98.8,98.8,96.6,96.6,99.3,60.4,39.6,37.6,62.4,37.6,62.4,92.8,92.8,72.2
3.06,0.0,9606.0,2.0,18.7,2.9,85.5,8.1,18.0,14.5,0.1,22.8,77.2,32.1,67.3,18.1,81.9,96.4,73.7,87.2,12.8,62.5,37.5,68.6,31.4,86.0,44.5,25.6,30.0,44.5,25.6,28.7,33.6,25.6,28.7,85.2,85.1,89.4,10.6,87.8,93.7,85.7,19.0,81.0,51.8,48.2,98.0,54.4,45.6,88.6,37.0,63.0,37.3,62.7,92.4,90.7,90.5,9.5,88.7,11.3,90.3,46.8,53.2,75.3,24.7,81.8,15.5,84.5,15.5,83.0,17.0,88.6,93.6,80.4,19.6,59.2,40.8,58.2,71.4,19.1,19.1,71.4,88.7,62.0,38.0,29.9,70.1,62.9,37.1,52.5,44.7,90.2,90.3,27.4,72.6,62.6,37.4,67.6,32.4,50.9,49.1,22.4,38.4,18.7,69.5,7.4,18.0,34.1,31.1,94.2,62.0,38.0,13.8,86.2,8.6,91.4,12.4,87.6,31.7,13.8,54.6,93.0,90.6,90.2,9.8,97.9,95.4,96.7,11.2,88.8,20.6,79.4,90.5,68.1,31.9,92.7,20.1,7.0,19.3,53.2,44.5,29.2,70.8,85.4,14.6,32.1,67.9,37.4,62.6,36.9,63.1,33.2,66.8,32.7,67.3,68.2,68.8,79.1,20.9,82.9,55.5,44.5,89.9,30.0,70.0,98.5,61.5,38.5,26.3,73.7,17.3,82.7,29.8,70.2,17.7,82.3,25.1,74.9,86.9,12.7,89.4,10.6,70.2,29.7,25.5,74.5,27.6,11.9,9.8,79.3,20.7,79.3,82.6,77.0,52.8,86.2,13.8,94.8,85.8,85.7,87.5,87.4,95.4,96.0,25.7,63.0,94.5,94.8,93.7,95.9,100.0,49.8,50.2,29.8,70.2,29.8,70.2,98.1,98.1,86.1
3.08,0.0,20574.0,5.0,8.4,10.7,77.9,11.1,15.7,12.4,0.6,28.3,71.7,26.3,70.9,19.3,80.7,89.1,90.4,83.9,16.1,53.9,46.1,73.3,26.7,86.8,38.8,37.4,23.8,38.8,37.4,23.4,32.2,37.4,23.4,85.6,75.8,81.1,18.9,90.0,93.1,86.6,23.6,76.4,55.4,44.6,91.7,57.0,43.0,75.5,49.5,50.5,48.9,51.1,94.7,91.2,91.1,8.9,84.4,15.6,91.6,53.4,46.6,72.7,27.3,80.4,17.4,82.6,17.4,84.8,15.2,92.3,91.4,81.5,18.5,65.3,34.7,63.9,70.5,20.6,20.6,70.5,71.9,55.7,44.3,39.7,60.3,62.2,37.8,57.7,41.9,92.4,92.3,23.6,76.4,74.4,25.6,83.3,16.7,45.8,54.2,24.9,46.3,22.4,58.5,16.0,14.5,33.1,27.3,93.2,55.7,44.3,24.4,75.6,16.8,83.2,20.4,79.6,24.2,24.4,51.4,94.2,92.0,89.7,10.3,97.4,89.1,93.1,13.3,86.7,24.9,75.1,82.1,64.6,35.4,95.9,15.5,20.0,16.9,46.6,67.0,30.8,69.2,86.8,13.2,36.5,63.5,33.6,66.4,33.2,66.8,24.3,75.7,24.0,76.0,78.8,79.3,81.9,18.1,75.9,61.2,38.8,88.7,23.8,76.2,90.7,70.7,29.3,30.6,69.4,23.3,76.7,33.3,66.7,13.8,86.2,23.5,76.5,84.1,12.6,90.0,10.0,78.2,21.0,26.2,73.8,30.5,11.4,8.7,77.2,22.8,77.2,85.6,79.1,39.9,86.4,13.6,92.5,84.1,84.1,85.4,85.4,91.8,94.8,22.0,62.5,95.5,95.4,91.0,96.4,99.5,53.3,46.7,37.1,62.9,37.6,62.4,92.2,92.3,65.5
3.11,3.0,563.0,9.0,47.7,2.8,67.2,3.5,17.1,20.9,0.0,20.7,79.3,20.9,77.4,15.3,84.7,87.5,63.3,94.7,5.3,49.5,50.5,77.8,22.2,85.9,39.8,38.5,21.7,39.8,38.5,19.7,33.9,38.5,19.7,86.9,73.6,79.0,21.0,89.4,96.4,93.0,24.8,75.2,43.5,56.5,91.0,60.4,39.6,82.0,42.2,57.8,42.2,57.8,98.1,93.2,87.9,12.1,80.0,20.0,90.8,52.3,47.7,82.9,17.1,85.5,11.3,88.7,11.3,86.0,14.0,91.0,97.9,84.5,15.5,67.1,32.9,70.4,59.6,28.2,28.2,59.6,55.3,54.2,45.8,35.1,64.9,49.7,50.3,68.5,29.1,91.8,91.8,26.3,73.7,75.5,24.5,79.1,20.9,54.4,45.6,34.2,23.5,30.5,60.1,15.8,18.9,30.4,27.5,92.5,54.2,45.8,26.4,73.6,14.7,85.3,17.2,82.8,25.2,26.4,48.4,95.4,94.1,92.8,7.2,93.1,94.9,94.1,9.8,90.2,16.3,83.7,83.6,71.9,28.1,95.1,16.7,12.7,22.0,47.7,37.8,24.1,75.9,84.9,15.1,48.2,51.8,37.6,62.4,37.6,62.4,35.3,64.7,35.3,64.7,57.0,57.0,83.2,16.8,81.5,60.2,39.8,96.3,21.7,78.3,94.1,74.8,25.2,61.5,38.5,12.0,88.0,21.8,78.2,15.2,84.8,21.6,78.4,86.5,12.8,88.4,11.6,80.6,18.7,25.5,74.5,28.7,4.3,7.0,76.6,23.4,76.6,88.9,86.8,56.8,85.4,14.6,94.8,86.5,86.5,89.2,89.2,96.8,86.2,30.2,49.8,98.8,98.8,96.6,96.6,99.3,60.4,39.6,37.6,62.4,37.6,62.4,92.8,92.8,72.2
3.18,60.0,11581.0,1.0,56.9,3.3,47.1,14.9,26.9,9.8,0.2,30.6,69.4,29.4,67.2,21.2,78.8,91.4,89.2,94.0,6.0,58.3,41.7,77.0,23.0,80.5,46.8,31.5,21.7,46.8,31.5,20.9,34.0,31.5,20.9,83.8,74.3,82.8,17.2,92.9,93.2,88.0,13.5,86.5,51.0,49.0,89.7,61.0,39.0,87.6,40.4,59.6,40.7,59.3,94.9,86.3,89.8,10.2,86.4,13.6,91.8,46.7,53.3,83.1,16.9,80.4,16.0,84.0,16.0,83.2,16.8,91.5,92.7,84.0,16.0,64.6,35.4,66.2,71.2,18.5,18.5,71.2,85.5,63.5,36.5,34.3,65.7,59.3,40.7,62.4,34.1,89.7,89.9,24.8,75.2,66.4,33.6,71.5,28.5,46.9,53.1,33.3,27.5,24.4,66.5,11.1,20.2,35.0,29.2,96.1,63.5,36.5,23.7,76.3,14.6,85.4,18.4,81.6,25.9,23.7,50.3,95.1,91.7,93.4,6.6,97.8,93.7,95.9,11.1,88.9,19.0,81.0,78.4,81.1,18.9,96.5,17.1,16.8,9.9,53.3,51.9,25.1,74.9,78.9,21.1,46.4,53.6,42.7,57.3,42.9,57.1,36.1,63.9,36.3,63.7,61.5,61.2,80.0,20.0,90.5,53.2,46.8,95.8,21.7,78.3,93.1,67.5,32.5,27.3,72.7,11.2,88.8,31.4,68.6,13.1,86.9,27.6,72.4,84.6,11.6,88.7,11.3,78.3,21.7,31.9,68.1,28.0,12.2,14.3,73.7,26.3,73.7,80.8,75.1,40.5,92.8,7.2,93.2,84.0,83.9,90.1,90.0,97.4,91.9,27.0,59.4,92.6,92.5,94.9,97.5,99.7,55.6,44.4,32.8,67.2,32.4,67.6,96.9,96.9,76.0
3.24,28.0,12620.0,4.0,9.6,12.1,75.1,15.7,19.3,21.6,1.9,24.1,75.9,28.6,69.7,18.0,82.0,89.3,73.8,87.6,12.4,55.8,44.2,68.6,31.4,85.1,38.5,36.1,25.4,38.5,36.1,24.1,27.6,36.1,24.1,77.4,72.0,90.2,9.8,92.0,88.8,82.7,25.1,74.9,61.1,38.9,95.4,46.8,53.2,83.3,39.5,60.5,38.6,61.4,93.0,89.6,91.0,9.0,82.7,17.3,91.1,55.2,44.8,75.1,24.9,79.2,19.9,80.1,19.9,87.4,12.6,91.0,94.4,82.5,17.5,71.0,29.0,64.2,69.6,21.3,21.3,69.6,85.2,62.4,37.6,32.2,67.8,55.1,44.9,50.8,48.8,87.2,87.2,21.0,79.0,74.6,25.4,82.1,17.9,56.8,43.2,25.1,53.1,23.5,61.5,17.9,13.7,30.9,30.2,97.1,62.4,37.6,17.2,82.8,16.5,83.5,23.0,77.0,31.8,17.2,51.0,90.1,87.2,83.0,17.0,94.6,95.3,94.9,10.8,89.2,19.8,80.2,84.0,71.4,28.6,94.6,25.6,14.8,14.4,44.8,56.4,28.1,71.9,84.7,15.3,35.2,64.8,30.2,69.8,30.2,69.8,29.0,71.0,29.0,71.0,72.3,72.3,78.4,21.6,81.5,61.5,38.5,91.9,25.4,74.6,99.2,61.1,38.9,32.1,67.9,16.0,84.0,29.3,70.7,11.3,88.7,21.8,78.2,84.8,14.7,89.0,11.0,76.0,23.8,35.7,64.3,23.9,14.2,10.9,73.1,26.9,73.1,82.4,78.9,46.8,87.1,12.9,95.3,77.2,77.4,80.8,81.0,93.1,93.5,27.6,55.1,87.4,87.4,93.1,94.0,97.0,52.2,47.8,27.0,73.0,27.7,72.3,92.8,92.8,72.4
3.31,0.0,6848.0,11.0,50.4,7.2,56.6,13.8,16.1,14.0,0.1,18.6,81.4,21.2,77.7,7.8,92.2,89.9,88.6,93.1,6.9,54.7,45.3,81.6,18.4,90.4,40.3,32.8,27.0,40.3,32.8,25.3,30.7,32.8,25.3,88.2,80.9,81.3,18.7,87.4,96.0,91.8,28.0,72.0,45.7,54.3,92.9,62.3,37.7,77.9,49.0,51.0,49.0,51.0,95.6,95.0,91.3,8.7,89.7,10.3,90.8,43.3,56.7,80.8,19.2,79.4,18.0,82.0,18.0,82.7,17.3,88.7,91.3,86.5,13.5,66.4,33.6,49.3,68.9,22.3,22.3,68.9,79.8,60.4,39.6,39.0,61.0,69.6,30.4,68.0,30.3,85.1,85.2,28.7,71.3,68.0,32.0,73.1,26.9,44.0,56.0,37.6,37.9,12.9,65.9,12.3,21.3,31.1,27.9,95.3,60.4,39.6,29.8,70.2,23.8,76.2,28.5,71.5,22.6,29.8,47.6,94.3,92.8,88.7,11.3,96.8,97.8,97.3,12.2,87.8,21.6,78.4,80.7,74.2,25.8,93.0,11.9,13.4,13.0,56.7,37.4,30.2,69.8,89.9,10.1,43.4,56.6,22.2,77.8,22.2,77.8,23.7,76.3,23.7,76.3,78.0,78.0,83.1,16.9,84.9,59.7,40.3,95.0,27.0,73.0,94.5,74.8,25.2,34.0,66.0,17.5,82.5,33.7,66.3,11.8,88.2,22.8,77.2,80.0,19.0,84.8,15.2,79.9,19.8,21.5,78.5,27.5,7.2,12.1,73.8,26.2,73.8,93.0,86.0,52.9,92.3,7.7,91.9,83.0,82.8,84.7,84.6,97.4,95.3,19.9,69.8,90.9,90.8,97.8,96.4,100.0,62.6,37.4,39.3,60.7,39.2,60.8,95.1,95.1,80.6
3.58,0.0,28474.0,4.0,5.4,16.2,76.4,11.7,13.5,18.9,0.4,24.1,75.9,28.6,69.7,18.0,82.0,89.3,73.8,87.6,12.4,55.8,44.2,68.6,31.4,85.1,38.5,36.1,25.4,38.5,36.1,24.1,27.6,36.1,24.1,77.4,72.0,90.2,9.8,92.0,88.8,82.7,25.1,74.9,61.1,38.9,95.4,46.8,53.2,83.3,39.5,60.5,38.6,61.4,93.0,89.6,91.0,9.0,82.7,17.3,91.1,55.2,44.8,75.1,24.9,79.2,19.9,80.1,19.9,87.4,12.6,91.0,94.4,82.5,17.5,71.0,29.0,64.2,69.6,21.3,21.3,69.6,85.2,62.4,37.6,32.2,67.8,55.1,44.9,50.8,48.8,87.2,87.2,21.0,79.0,74.6,25.4,82.1,17.9,56.8,43.2,25.1,53.1,23.5,61.5,17.9,13.7,30.9,30.2,97.1,62.4,37.6,17.2,82.8,16.5,83.5,23.0,77.0,31.8,17.2,51.0,90.1,87.2,83.0,17.0,94.6,95.3,94.9,10.8,89.2,19.8,80.2,84.0,71.4,28.6,94.6,25.6,14.8,14.4,44.8,56.4,28.1,71.9,84.7,15.3,35.2,64.8,30.2,69.8,30.2,69.8,29.0,71.0,29.0,71.0,72.3,72.3,78.4,21.6,81.5,61.5,38.5,91.9,25.4,74.6,99.2,61.1,38.9,32.1,67.9,16.0,84.0,29.3,70.7,11.3,88.7,21.8,78.2,84.8,14.7,89.0,11.0,76.0,23.8,35.7,64.3,23.9,14.2,10.9,73.1,26.9,73.1,82.4,78.9,46.8,87.1,12.9,95.3,77.2,77.4,80.8,81.0,93.1,93.5,27.6,55.1,87.4,87.4,93.1,94.0,97.0,52.2,47.8,27.0,73.0,27.7,72.3,92.8,92.8,72.4
3.67,1.0,151067.0,1.0,24.6,3.5,74.3,7.4,11.0,33.7,0.9,30.6,69.4,29.4,67.2,21.2,78.8,91.4,89.2,94.0,6.0,58.3,41.7,77.0,23.0,80.5,46.8,31.5,21.7,46.8,31.5,20.9,34.0,31.5,20.9,83.8,74.3,82.8,17.2,92.9,93.2,88.0,13.5,86.5,51.0,49.0,89.7,61.0,39.0,87.6,40.4,59.6,40.7,59.3,94.9,86.3,89.8,10.2,86.4,13.6,91.8,46.7,53.3,83.1,16.9,80.4,16.0,84.0,16.0,83.2,16.8,91.5,92.7,84.0,16.0,64.6,35.4,66.2,71.2,18.5,18.5,71.2,85.5,63.5,36.5,34.3,65.7,59.3,40.7,62.4,34.1,89.7,89.9,24.8,75.2,66.4,33.6,71.5,28.5,46.9,53.1,33.3,27.5,24.4,66.5,11.1,20.2,35.0,29.2,96.1,63.5,36.5,23.7,76.3,14.6,85.4,18.4,81.6,25.9,23.7,50.3,95.1,91.7,93.4,6.6,97.8,93.7,95.9,11.1,88.9,19.0,81.0,78.4,81.1,18.9,96.5,17.1,16.8,9.9,53.3,51.9,25.1,74.9,78.9,21.1,46.4,53.6,42.7,57.3,42.9,57.1,36.1,63.9,36.3,63.7,61.5,61.2,80.0,20.0,90.5,53.2,46.8,95.8,21.7,78.3,93.1,67.5,32.5,27.3,72.7,11.2,88.8,31.4,68.6,13.1,86.9,27.6,72.4,84.6,11.6,88.7,11.3,78.3,21.7,31.9,68.1,28.0,12.2,14.3,73.7,26.3,73.7,80.8,75.1,40.5,92.8,7.2,93.2,84.0,83.9,90.1,90.0,97.4,91.9,27.0,59.4,92.6,92.5,94.9,97.5,99.7,55.6,44.4,32.8,67.2,32.4,67.6,96.9,96.9,76.0
3.71,0.0,879329.0,3.0,28.2,14.5,59.6,5.3,15.0,30.1,0.9,26.1,73.9,29.1,69.9,14.1,85.9,87.0,88.5,89.0,11.0,47.8,52.2,79.1,20.9,85.0,34.0,36.2,29.8,34.0,36.2,28.1,28.2,36.2,28.1,85.2,76.0,84.3,15.7,93.5,94.4,91.1,23.8,76.2,51.0,49.0,95.6,60.9,39.1,86.0,37.4,62.6,37.4,62.6,96.1,90.8,93.0,7.0,92.7,7.3,93.7,37.8,62.2,78.1,21.9,85.0,12.3,87.7,12.3,85.8,14.2,92.3,97.5,87.8,12.2,70.4,29.6,61.2,75.8,17.2,17.2,75.8,85.5,58.7,41.3,30.0,70.0,70.7,29.3,62.0,35.2,90.7,90.9,20.1,79.9,61.5,38.5,66.9,33.1,36.5,63.5,26.0,49.9,15.8,75.2,16.2,15.9,36.1,27.6,94.2,58.7,41.3,20.3,79.7,13.7,86.3,16.9,83.1,33.9,20.3,45.8,96.6,94.2,87.2,12.8,93.2,95.2,94.2,8.9,91.1,17.4,82.6,82.1,76.4,23.6,96.0,10.3,13.1,12.9,62.2,53.6,23.0,77.0,84.7,15.3,37.3,62.7,26.3,73.7,26.4,73.6,22.3,77.7,22.8,77.2,79.5,78.8,83.4,16.6,84.6,66.0,34.0,91.8,29.8,70.2,97.1,66.5,33.5,26.8,73.2,16.0,84.0,30.6,69.4,12.1,87.9,21.2,78.8,83.7,15.4,86.6,13.4,82.0,17.9,27.6,72.4,27.7,6.3,10.3,76.8,23.2,76.8,87.7,80.9,43.1,89.9,10.1,90.2,87.2,87.2,88.4,88.5,95.7,98.0,22.0,70.7,94.6,94.5,95.9,95.7,99.2,62.7,37.3,29.3,70.7,29.2,70.8,97.0,96.9,81.7
3.94,0.0,88009.0,4.0,14.8,5.1,77.6,10.8,16.7,20.7,0.7,24.1,75.9,28.6,69.7,18.0,82.0,89.3,73.8,87.6,12.4,55.8,44.2,68.6,31.4,85.1,38.5,36.1,25.4,38.5,36.1,24.1,27.6,36.1,24.1,77.4,72.0,90.2,9.8,92.0,88.8,82.7,25.1,74.9,61.1,38.9,95.4,46.8,53.2,83.3,39.5,60.5,38.6,61.4,93.0,89.6,91.0,9.0,82.7,17.3,91.1,55.2,44.8,75.1,24.9,79.2,19.9,80.1,19.9,87.4,12.6,91.0,94.4,82.5,17.5,71.0,29.0,64.2,69.6,21.3,21.3,69.6,85.2,62.4,37.6,32.2,67.8,55.1,44.9,50.8,48.8,87.2,87.2,21.0,79.0,74.6,25.4,82.1,17.9,56.8,43.2,25.1,53.1,23.5,61.5,17.9,13.7,30.9,30.2,97.1,62.4,37.6,17.2,82.8,16.5,83.5,23.0,77.0,31.8,17.2,51.0,90.1,87.2,83.0,17.0,94.6,95.3,94.9,10.8,89.2,19.8,80.2,84.0,71.4,28.6,94.6,25.6,14.8,14.4,44.8,56.4,28.1,71.9,84.7,15.3,35.2,64.8,30.2,69.8,30.2,69.8,29.0,71.0,29.0,71.0,72.3,72.3,78.4,21.6,81.5,61.5,38.5,91.9,25.4,74.6,99.2,61.1,38.9,32.1,67.9,16.0,84.0,29.3,70.7,11.3,88.7,21.8,78.2,84.8,14.7,89.0,11.0,76.0,23.8,35.7,64.3,23.9,14.2,10.9,73.1,26.9,73.1,82.4,78.9,46.8,87.1,12.9,95.3,77.2,77.4,80.8,81.0,93.1,93.5,27.6,55.1,87.4,87.4,93.1,94.0,97.0,52.2,47.8,27.0,73.0,27.7,72.3,92.8,92.8,72.4
4.07,0.0,730.0,2.0,16.1,1.0,85.0,1.6,3.8,26.3,2.2,22.8,77.2,32.1,67.3,18.1,81.9,96.4,73.7,87.2,12.8,62.5,37.5,68.6,31.4,86.0,44.5,25.6,30.0,44.5,25.6,28.7,33.6,25.6,28.7,85.2,85.1,89.4,10.6,87.8,93.7,85.7,19.0,81.0,51.8,48.2,98.0,54.4,45.6,88.6,37.0,63.0,37.3,62.7,92.4,90.7,90.5,9.5,88.7,11.3,90.3,46.8,53.2,75.3,24.7,81.8,15.5,84.5,15.5,83.0,17.0,88.6,93.6,80.4,19.6,59.2,40.8,58.2,71.4,19.1,19.1,71.4,88.7,62.0,38.0,29.9,70.1,62.9,37.1,52.5,44.7,90.2,90.3,27.4,72.6,62.6,37.4,67.6,32.4,50.9,49.1,22.4,38.4,18.7,69.5,7.4,18.0,34.1,31.1,94.2,62.0,38.0,13.8,86.2,8.6,91.4,12.4,87.6,31.7,13.8,54.6,93.0,90.6,90.2,9.8,97.9,95.4,96.7,11.2,88.8,20.6,79.4,90.5,68.1,31.9,92.7,20.1,7.0,19.3,53.2,44.5,29.2,70.8,85.4,14.6,32.1,67.9,37.4,62.6,36.9,63.1,33.2,66.8,32.7,67.3,68.2,68.8,79.1,20.9,82.9,55.5,44.5,89.9,30.0,70.0,98.5,61.5,38.5,26.3,73.7,17.3,82.7,29.8,70.2,17.7,82.3,25.1,74.9,86.9,12.7,89.4,10.6,70.2,29.7,25.5,74.5,27.6,11.9,9.8,79.3,20.7,79.3,82.6,77.0,52.8,86.2,13.8,94.8,85.8,85.7,87.5,87.4,95.4,96.0,25.7,63.0,94.5,94.8,93.7,95.9,100.0,49.8,50.2,29.8,70.2,29.8,70.2,98.1,98.1,86.1
4.08,26.0,11655.0,1.0,55.8,6.7,49.5,16.9,22.5,12.7,0.4,30.6,69.4,29.4,67.2,21.2,78.8,91.4,89.2,94.0,6.0,58.3,41.7,77.0,23.0,80.5,46.8,31.5,21.7,46.8,31.5,20.9,34.0,31.5,20.9,83.8,74.3,82.8,17.2,92.9,93.2,88.0,13.5,86.5,51.0,49.0,89.7,61.0,39.0,87.6,40.4,59.6,40.7,59.3,94.9,86.3,89.8,10.2,86.4,13.6,91.8,46.7,53.3,83.1,16.9,80.4,16.0,84.0,16.0,83.2,16.8,91.5,92.7,84.0,16.0,64.6,35.4,66.2,71.2,18.5,18.5,71.2,85.5,63.5,36.5,34.3,65.7,59.3,40.7,62.4,34.1,89.7,89.9,24.8,75.2,66.4,33.6,71.5,28.5,46.9,53.1,33.3,27.5,24.4,66.5,11.1,20.2,35.0,29.2,96.1,63.5,36.5,23.7,76.3,14.6,85.4,18.4,81.6,25.9,23.7,50.3,95.1,91.7,93.4,6.6,97.8,93.7,95.9,11.1,88.9,19.0,81.0,78.4,81.1,18.9,96.5,17.1,16.8,9.9,53.3,51.9,25.1,74.9,78.9,21.1,46.4,53.6,42.7,57.3,42.9,57.1,36.1,63.9,36.3,63.7,61.5,61.2,80.0,20.0,90.5,53.2,46.8,95.8,21.7,78.3,93.1,67.5,32.5,27.3,72.7,11.2,88.8,31.4,68.6,13.1,86.9,27.6,72.4,84.6,11.6,88.7,11.3,78.3,21.7,31.9,68.1,28.0,12.2,14.3,73.7,26.3,73.7,80.8,75.1,40.5,92.8,7.2,93.2,84.0,83.9,90.1,90.0,97.4,91.9,27.0,59.4,92.6,92.5,94.9,97.5,99.7,55.6,44.4,32.8,67.2,32.4,67.6,96.9,96.9,76.0
4.15,0.0,2745.0,1.0,38.6,0.0,70.9,11.7,18.1,22.4,1.6,30.6,69.4,29.4,67.2,21.2,78.8,91.4,89.2,94.0,6.0,58.3,41.7,77.0,23.0,80.5,46.8,31.5,21.7,46.8,31.5,20.9,34.0,31.5,20.9,83.8,74.3,82.8,17.2,92.9,93.2,88.0,13.5,86.5,51.0,49.0,89.7,61.0,39.0,87.6,40.4,59.6,40.7,59.3,94.9,86.3,89.8,10.2,86.4,13.6,91.8,46.7,53.3,83.1,16.9,80.4,16.0,84.0,16.0,83.2,16.8,91.5,92.7,84.0,16.0,64.6,35.4,66.2,71.2,18.5,18.5,71.2,85.5,63.5,36.5,34.3,65.7,59.3,40.7,62.4,34.1,89.7,89.9,24.8,75.2,66.4,33.6,71.5,28.5,46.9,53.1,33.3,27.5,24.4,66.5,11.1,20.2,35.0,29.2,96.1,63.5,36.5,23.7,76.3,14.6,85.4,18.4,81.6,25.9,23.7,50.3,95.1,91.7,93.4,6.6,97.8,93.7,95.9,11.1,88.9,19.0,81.0,78.4,81.1,18.9,96.5,17.1,16.8,9.9,53.3,51.9,25.1,74.9,78.9,21.1,46.4,53.6,42.7,57.3,42.9,57.1,36.1,63.9,36.3,63.7,61.5,61.2,80.0,20.0,90.5,53.2,46.8,95.8,21.7,78.3,93.1,67.5,32.5,27.3,72.7,11.2,88.8,31.4,68.6,13.1,86.9,27.6,72.4,84.6,11.6,88.7,11.3,78.3,21.7,31.9,68.1,28.0,12.2,14.3,73.7,26.3,73.7,80.8,75.1,40.5,92.8,7.2,93.2,84.0,83.9,90.1,90.0,97.4,91.9,27.0,59.4,92.6,92.5,94.9,97.5,99.7,55.6,44.4,32.8,67.2,32.4,67.6,96.9,96.9,76.0
4.21,0.0,3172.0,1.0,12.6,5.2,84.2,2.5,17.9,16.6,0.0,30.6,69.4,29.4,67.2,21.2,78.8,91.4,89.2,94.0,6.0,58.3,41.7,77.0,23.0,80.5,46.8,31.5,21.7,46.8,31.5,20.9,34.0,31.5,20.9,83.8,74.3,82.8,17.2,92.9,93.2,88.0,13.5,86.5,51.0,49.0,89.7,61.0,39.0,87.6,40.4,59.6,40.7,59.3,94.9,86.3,89.8,10.2,86.4,13.6,91.8,46.7,53.3,83.1,16.9,80.4,16.0,84.0,16.0,83.2,16.8,91.5,92.7,84.0,16.0,64.6,35.4,66.2,71.2,18.5,18.5,71.2,85.5,63.5,36.5,34.3,65.7,59.3,40.7,62.4,34.1,89.7,89.9,24.8,75.2,66.4,33.6,71.5,28.5,46.9,53.1,33.3,27.5,24.4,66.5,11.1,20.2,35.0,29.2,96.1,63.5,36.5,23.7,76.3,14.6,85.4,18.4,81.6,25.9,23.7,50.3,95.1,91.7,93.4,6.6,97.8,93.7,95.9,11.1,88.9,19.0,81.0,78.4,81.1,18.9,96.5,17.1,16.8,9.9,53.3,51.9,25.1,74.9,78.9,21.1,46.4,53.6,42.7,57.3,42.9,57.1,36.1,63.9,36.3,63.7,61.5,61.2,80.0,20.0,90.5,53.2,46.8,95.8,21.7,78.3,93.1,67.5,32.5,27.3,72.7,11.2,88.8,31.4,68.6,13.1,86.9,27.6,72.4,84.6,11.6,88.7,11.3,78.3,21.7,31.9,68.1,28.0,12.2,14.3,73.7,26.3,73.7,80.8,75.1,40.5,92.8,7.2,93.2,84.0,83.9,90.1,90.0,97.4,91.9,27.0,59.4,92.6,92.5,94.9,97.5,99.7,55.6,44.4,32.8,67.2,32.4,67.6,96.9,96.9,76.0
4.25,1.0,1272999.0,3.0,16.1,11.0,53.5,4.7,9.5,56.2,1.7,26.1,73.9,29.1,69.9,14.1,85.9,87.0,88.5,89.0,11.0,47.8,52.2,79.1,20.9,85.0,34.0,36.2,29.8,34.0,36.2,28.1,28.2,36.2,28.1,85.2,76.0,84.3,15.7,93.5,94.4,91.1,23.8,76.2,51.0,49.0,95.6,60.9,39.1,86.0,37.4,62.6,37.4,62.6,96.1,90.8,93.0,7.0,92.7,7.3,93.7,37.8,62.2,78.1,21.9,85.0,12.3,87.7,12.3,85.8,14.2,92.3,97.5,87.8,12.2,70.4,29.6,61.2,75.8,17.2,17.2,75.8,85.5,58.7,41.3,30.0,70.0,70.7,29.3,62.0,35.2,90.7,90.9,20.1,79.9,61.5,38.5,66.9,33.1,36.5,63.5,26.0,49.9,15.8,75.2,16.2,15.9,36.1,27.6,94.2,58.7,41.3,20.3,79.7,13.7,86.3,16.9,83.1,33.9,20.3,45.8,96.6,94.2,87.2,12.8,93.2,95.2,94.2,8.9,91.1,17.4,82.6,82.1,76.4,23.6,96.0,10.3,13.1,12.9,62.2,53.6,23.0,77.0,84.7,15.3,37.3,62.7,26.3,73.7,26.4,73.6,22.3,77.7,22.8,77.2,79.5,78.8,83.4,16.6,84.6,66.0,34.0,91.8,29.8,70.2,97.1,66.5,33.5,26.8,73.2,16.0,84.0,30.6,69.4,12.1,87.9,21.2,78.8,83.7,15.4,86.6,13.4,82.0,17.9,27.6,72.4,27.7,6.3,10.3,76.8,23.2,76.8,87.7,80.9,43.1,89.9,10.1,90.2,87.2,87.2,88.4,88.5,95.7,98.0,22.0,70.7,94.6,94.5,95.9,95.7,99.2,62.7,37.3,29.3,70.7,29.2,70.8,97.0,96.9,81.7
4.34,0.0,22889.0,4.0,10.4,11.3,72.7,8.6,17.0,17.0,0.6,24.1,75.9,28.6,69.7,18.0,82.0,89.3,73.8,87.6,12.4,55.8,44.2,68.6,31.4,85.1,38.5,36.1,25.4,38.5,36.1,24.1,27.6,36.1,24.1,77.4,72.0,90.2,9.8,92.0,88.8,82.7,25.1,74.9,61.1,38.9,95.4,46.8,53.2,83.3,39.5,60.5,38.6,61.4,93.0,89.6,91.0,9.0,82.7,17.3,91.1,55.2,44.8,75.1,24.9,79.2,19.9,80.1,19.9,87.4,12.6,91.0,94.4,82.5,17.5,71.0,29.0,64.2,69.6,21.3,21.3,69.6,85.2,62.4,37.6,32.2,67.8,55.1,44.9,50.8,48.8,87.2,87.2,21.0,79.0,74.6,25.4,82.1,17.9,56.8,43.2,25.1,53.1,23.5,61.5,17.9,13.7,30.9,30.2,97.1,62.4,37.6,17.2,82.8,16.5,83.5,23.0,77.0,31.8,17.2,51.0,90.1,87.2,83.0,17.0,94.6,95.3,94.9,10.8,89.2,19.8,80.2,84.0,71.4,28.6,94.6,25.6,14.8,14.4,44.8,56.4,28.1,71.9,84.7,15.3,35.2,64.8,30.2,69.8,30.2,69.8,29.0,71.0,29.0,71.0,72.3,72.3,78.4,21.6,81.5,61.5,38.5,91.9,25.4,74.6,99.2,61.1,38.9,32.1,67.9,16.0,84.0,29.3,70.7,11.3,88.7,21.8,78.2,84.8,14.7,89.0,11.0,76.0,23.8,35.7,64.3,23.9,14.2,10.9,73.1,26.9,73.1,82.4,78.9,46.8,87.1,12.9,95.3,77.2,77.4,80.8,81.0,93.1,93.5,27.6,55.1,87.4,87.4,93.1,94.0,97.0,52.2,47.8,27.0,73.0,27.7,72.3,92.8,92.8,72.4
4.48,0.0,245101.0,4.0,20.9,16.3,66.5,7.7,16.9,28.6,1.4,24.1,75.9,28.6,69.7,18.0,82.0,89.3,73.8,87.6,12.4,55.8,44.2,68.6,31.4,85.1,38.5,36.1,25.4,38.5,36.1,24.1,27.6,36.1,24.1,77.4,72.0,90.2,9.8,92.0,88.8,82.7,25.1,74.9,61.1,38.9,95.4,46.8,53.2,83.3,39.5,60.5,38.6,61.4,93.0,89.6,91.0,9.0,82.7,17.3,91.1,55.2,44.8,75.1,24.9,79.2,19.9,80.1,19.9,87.4,12.6,91.0,94.4,82.5,17.5,71.0,29.0,64.2,69.6,21.3,21.3,69.6,85.2,62.4,37.6,32.2,67.8,55.1,44.9,50.8,48.8,87.2,87.2,21.0,79.0,74.6,25.4,82.1,17.9,56.8,43.2,25.1,53.1,23.5,61.5,17.9,13.7,30.9,30.2,97.1,62.4,37.6,17.2,82.8,16.5,83.5,23.0,77.0,31.8,17.2,51.0,90.1,87.2,83.0,17.0,94.6,95.3,94.9,10.8,89.2,19.8,80.2,84.0,71.4,28.6,94.6,25.6,14.8,14.4,44.8,56.4,28.1,71.9,84.7,15.3,35.2,64.8,30.2,69.8,30.2,69.8,29.0,71.0,29.0,71.0,72.3,72.3,78.4,21.6,81.5,61.5,38.5,91.9,25.4,74.6,99.2,61.1,38.9,32.1,67.9,16.0,84.0,29.3,70.7,11.3,88.7,21.8,78.2,84.8,14.7,89.0,11.0,76.0,23.8,35.7,64.3,23.9,14.2,10.9,73.1,26.9,73.1,82.4,78.9,46.8,87.1,12.9,95.3,77.2,77.4,80.8,81.0,93.1,93.5,27.6,55.1,87.4,87.4,93.1,94.0,97.0,52.2,47.8,27.0,73.0,27.7,72.3,92.8,92.8,72.4
4.53,0.0,209341.0,3.0,25.3,5.4,71.9,7.2,16.3,25.2,1.2,26.1,73.9,29.1,69.9,14.1,85.9,87.0,88.5,89.0,11.0,47.8,52.2,79.1,20.9,85.0,34.0,36.2,29.8,34.0,36.2,28.1,28.2,36.2,28.1,85.2,76.0,84.3,15.7,93.5,94.4,91.1,23.8,76.2,51.0,49.0,95.6,60.9,39.1,86.0,37.4,62.6,37.4,62.6,96.1,90.8,93.0,7.0,92.7,7.3,93.7,37.8,62.2,78.1,21.9,85.0,12.3,87.7,12.3,85.8,14.2,92.3,97.5,87.8,12.2,70.4,29.6,61.2,75.8,17.2,17.2,75.8,85.5,58.7,41.3,30.0,70.0,70.7,29.3,62.0,35.2,90.7,90.9,20.1,79.9,61.5,38.5,66.9,33.1,36.5,63.5,26.0,49.9,15.8,75.2,16.2,15.9,36.1,27.6,94.2,58.7,41.3,20.3,79.7,13.7,86.3,16.9,83.1,33.9,20.3,45.8,96.6,94.2,87.2,12.8,93.2,95.2,94.2,8.9,91.1,17.4,82.6,82.1,76.4,23.6,96.0,10.3,13.1,12.9,62.2,53.6,23.0,77.0,84.7,15.3,37.3,62.7,26.3,73.7,26.4,73.6,22.3,77.7,22.8,77.2,79.5,78.8,83.4,16.6,84.6,66.0,34.0,91.8,29.8,70.2,97.1,66.5,33.5,26.8,73.2,16.0,84.0,30.6,69.4,12.1,87.9,21.2,78.8,83.7,15.4,86.6,13.4,82.0,17.9,27.6,72.4,27.7,6.3,10.3,76.8,23.2,76.8,87.7,80.9,43.1,89.9,10.1,90.2,87.2,87.2,88.4,88.5,95.7,98.0,22.0,70.7,94.6,94.5,95.9,95.7,99.2,62.7,37.3,29.3,70.7,29.2,70.8,97.0,96.9,81.7
4.62,0.0,1812.0,1.0,27.8,8.8,70.8,11.6,18.9,21.4,0.3,30.6,69.4,29.4,67.2,21.2,78.8,91.4,89.2,94.0,6.0,58.3,41.7,77.0,23.0,80.5,46.8,31.5,21.7,46.8,31.5,20.9,34.0,31.5,20.9,83.8,74.3,82.8,17.2,92.9,93.2,88.0,13.5,86.5,51.0,49.0,89.7,61.0,39.0,87.6,40.4,59.6,40.7,59.3,94.9,86.3,89.8,10.2,86.4,13.6,91.8,46.7,53.3,83.1,16.9,80.4,16.0,84.0,16.0,83.2,16.8,91.5,92.7,84.0,16.0,64.6,35.4,66.2,71.2,18.5,18.5,71.2,85.5,63.5,36.5,34.3,65.7,59.3,40.7,62.4,34.1,89.7,89.9,24.8,75.2,66.4,33.6,71.5,28.5,46.9,53.1,33.3,27.5,24.4,66.5,11.1,20.2,35.0,29.2,96.1,63.5,36.5,23.7,76.3,14.6,85.4,18.4,81.6,25.9,23.7,50.3,95.1,91.7,93.4,6.6,97.8,93.7,95.9,11.1,88.9,19.0,81.0,78.4,81.1,18.9,96.5,17.1,16.8,9.9,53.3,51.9,25.1,74.9,78.9,21.1,46.4,53.6,42.7,57.3,42.9,57.1,36.1,63.9,36.3,63.7,61.5,61.2,80.0,20.0,90.5,53.2,46.8,95.8,21.7,78.3,93.1,67.5,32.5,27.3,72.7,11.2,88.8,31.4,68.6,13.1,86.9,27.6,72.4,84.6,11.6,88.7,11.3,78.3,21.7,31.9,68.1,28.0,12.2,14.3,73.7,26.3,73.7,80.8,75.1,40.5,92.8,7.2,93.2,84.0,83.9,90.1,90.0,97.4,91.9,27.0,59.4,92.6,92.5,94.9,97.5,99.7,55.6,44.4,32.8,67.2,32.4,67.6,96.9,96.9,76.0
4.71,0.0,65449.0,4.0,13.4,2.3,84.3,8.3,18.4,19.8,0.6,24.1,75.9,28.6,69.7,18.0,82.0,89.3,73.8,87.6,12.4,55.8,44.2,68.6,31.4,85.1,38.5,36.1,25.4,38.5,36.1,24.1,27.6,36.1,24.1,77.4,72.0,90.2,9.8,92.0,88.8,82.7,25.1,74.9,61.1,38.9,95.4,46.8,53.2,83.3,39.5,60.5,38.6,61.4,93.0,89.6,91.0,9.0,82.7,17.3,91.1,55.2,44.8,75.1,24.9,79.2,19.9,80.1,19.9,87.4,12.6,91.0,94.4,82.5,17.5,71.0,29.0,64.2,69.6,21.3,21.3,69.6,85.2,62.4,37.6,32.2,67.8,55.1,44.9,50.8,48.8,87.2,87.2,21.0,79.0,74.6,25.4,82.1,17.9,56.8,43.2,25.1,53.1,23.5,61.5,17.9,13.7,30.9,30.2,97.1,62.4,37.6,17.2,82.8,16.5,83.5,23.0,77.0,31.8,17.2,51.0,90.1,87.2,83.0,17.0,94.6,95.3,94.9,10.8,89.2,19.8,80.2,84.0,71.4,28.6,94.6,25.6,14.8,14.4,44.8,56.4,28.1,71.9,84.7,15.3,35.2,64.8,30.2,69.8,30.2,69.8,29.0,71.0,29.0,71.0,72.3,72.3,78.4,21.6,81.5,61.5,38.5,91.9,25.4,74.6,99.2,61.1,38.9,32.1,67.9,16.0,84.0,29.3,70.7,11.3,88.7,21.8,78.2,84.8,14.7,89.0,11.0,76.0,23.8,35.7,64.3,23.9,14.2,10.9,73.1,26.9,73.1,82.4,78.9,46.8,87.1,12.9,95.3,77.2,77.4,80.8,81.0,93.1,93.5,27.6,55.1,87.4,87.4,93.1,94.0,97.0,52.2,47.8,27.0,73.0,27.7,72.3,92.8,92.8,72.4
4.81,0.0,1058299.0,3.0,20.5,11.0,56.9,4.4,10.6,49.4,1.8,26.1,73.9,29.1,69.9,14.1,85.9,87.0,88.5,89.0,11.0,47.8,52.2,79.1,20.9,85.0,34.0,36.2,29.8,34.0,36.2,28.1,28.2,36.2,28.1,85.2,76.0,84.3,15.7,93.5,94.4,91.1,23.8,76.2,51.0,49.0,95.6,60.9,39.1,86.0,37.4,62.6,37.4,62.6,96.1,90.8,93.0,7.0,92.7,7.3,93.7,37.8,62.2,78.1,21.9,85.0,12.3,87.7,12.3,85.8,14.2,92.3,97.5,87.8,12.2,70.4,29.6,61.2,75.8,17.2,17.2,75.8,85.5,58.7,41.3,30.0,70.0,70.7,29.3,62.0,35.2,90.7,90.9,20.1,79.9,61.5,38.5,66.9,33.1,36.5,63.5,26.0,49.9,15.8,75.2,16.2,15.9,36.1,27.6,94.2,58.7,41.3,20.3,79.7,13.7,86.3,16.9,83.1,33.9,20.3,45.8,96.6,94.2,87.2,12.8,93.2,95.2,94.2,8.9,91.1,17.4,82.6,82.1,76.4,23.6,96.0,10.3,13.1,12.9,62.2,53.6,23.0,77.0,84.7,15.3,37.3,62.7,26.3,73.7,26.4,73.6,22.3,77.7,22.8,77.2,79.5,78.8,83.4,16.6,84.6,66.0,34.0,91.8,29.8,70.2,97.1,66.5,33.5,26.8,73.2,16.0,84.0,30.6,69.4,12.1,87.9,21.2,78.8,83.7,15.4,86.6,13.4,82.0,17.9,27.6,72.4,27.7,6.3,10.3,76.8,23.2,76.8,87.7,80.9,43.1,89.9,10.1,90.2,87.2,87.2,88.4,88.5,95.7,98.0,22.0,70.7,94.6,94.5,95.9,95.7,99.2,62.7,37.3,29.3,70.7,29.2,70.8,97.0,96.9,81.7
4.9,0.0,10752.0,2.0,7.1,1.0,89.8,5.5,17.6,22.4,1.6,22.8,77.2,32.1,67.3,18.1,81.9,96.4,73.7,87.2,12.8,62.5,37.5,68.6,31.4,86.0,44.5,25.6,30.0,44.5,25.6,28.7,33.6,25.6,28.7,85.2,85.1,89.4,10.6,87.8,93.7,85.7,19.0,81.0,51.8,48.2,98.0,54.4,45.6,88.6,37.0,63.0,37.3,62.7,92.4,90.7,90.5,9.5,88.7,11.3,90.3,46.8,53.2,75.3,24.7,81.8,15.5,84.5,15.5,83.0,17.0,88.6,93.6,80.4,19.6,59.2,40.8,58.2,71.4,19.1,19.1,71.4,88.7,62.0,38.0,29.9,70.1,62.9,37.1,52.5,44.7,90.2,90.3,27.4,72.6,62.6,37.4,67.6,32.4,50.9,49.1,22.4,38.4,18.7,69.5,7.4,18.0,34.1,31.1,94.2,62.0,38.0,13.8,86.2,8.6,91.4,12.4,87.6,31.7,13.8,54.6,93.0,90.6,90.2,9.8,97.9,95.4,96.7,11.2,88.8,20.6,79.4,90.5,68.1,31.9,92.7,20.1,7.0,19.3,53.2,44.5,29.2,70.8,85.4,14.6,32.1,67.9,37.4,62.6,36.9,63.1,33.2,66.8,32.7,67.3,68.2,68.8,79.1,20.9,82.9,55.5,44.5,89.9,30.0,70.0,98.5,61.5,38.5,26.3,73.7,17.3,82.7,29.8,70.2,17.7,82.3,25.1,74.9,86.9,12.7,89.4,10.6,70.2,29.7,25.5,74.5,27.6,11.9,9.8,79.3,20.7,79.3,82.6,77.0,52.8,86.2,13.8,94.8,85.8,85.7,87.5,87.4,95.4,96.0,25.7,63.0,94.5,94.8,93.7,95.9,100.0,49.8,50.2,29.8,70.2,29.8,70.2,98.1,98.1,86.1
5.0,5.0,44174.0,4.0,10.4,7.2,79.3,10.1,13.8,18.2,0.9,24.1,75.9,28.6,69.7,18.0,82.0,89.3,73.8,87.6,12.4,55.8,44.2,68.6,31.4,85.1,38.5,36.1,25.4,38.5,36.1,24.1,27.6,36.1,24.1,77.4,72.0,90.2,9.8,92.0,88.8,82.7,25.1,74.9,61.1,38.9,95.4,46.8,53.2,83.3,39.5,60.5,38.6,61.4,93.0,89.6,91.0,9.0,82.7,17.3,91.1,55.2,44.8,75.1,24.9,79.2,19.9,80.1,19.9,87.4,12.6,91.0,94.4,82.5,17.5,71.0,29.0,64.2,69.6,21.3,21.3,69.6,85.2,62.4,37.6,32.2,67.8,55.1,44.9,50.8,48.8,87.2,87.2,21.0,79.0,74.6,25.4,82.1,17.9,56.8,43.2,25.1,53.1,23.5,61.5,17.9,13.7,30.9,30.2,97.1,62.4,37.6,17.2,82.8,16.5,83.5,23.0,77.0,31.8,17.2,51.0,90.1,87.2,83.0,17.0,94.6,95.3,94.9,10.8,89.2,19.8,80.2,84.0,71.4,28.6,94.6,25.6,14.8,14.4,44.8,56.4,28.1,71.9,84.7,15.3,35.2,64.8,30.2,69.8,30.2,69.8,29.0,71.0,29.0,71.0,72.3,72.3,78.4,21.6,81.5,61.5,38.5,91.9,25.4,74.6,99.2,61.1,38.9,32.1,67.9,16.0,84.0,29.3,70.7,11.3,88.7,21.8,78.2,84.8,14.7,89.0,11.0,76.0,23.8,35.7,64.3,23.9,14.2,10.9,73.1,26.9,73.1,82.4,78.9,46.8,87.1,12.9,95.3,77.2,77.4,80.8,81.0,93.1,93.5,27.6,55.1,87.4,87.4,93.1,94.0,97.0,52.2,47.8,27.0,73.0,27.7,72.3,92.8,92.8,72.4
5.03,0.0,1350.0,9.0,35.7,0.1,72.5,1.2,26.4,24.5,0.2,20.7,79.3,20.9,77.4,15.3,84.7,87.5,63.3,94.7,5.3,49.5,50.5,77.8,22.2,85.9,39.8,38.5,21.7,39.8,38.5,19.7,33.9,38.5,19.7,86.9,73.6,79.0,21.0,89.4,96.4,93.0,24.8,75.2,43.5,56.5,91.0,60.4,39.6,82.0,42.2,57.8,42.2,57.8,98.1,93.2,87.9,12.1,80.0,20.0,90.8,52.3,47.7,82.9,17.1,85.5,11.3,88.7,11.3,86.0,14.0,91.0,97.9,84.5,15.5,67.1,32.9,70.4,59.6,28.2,28.2,59.6,55.3,54.2,45.8,35.1,64.9,49.7,50.3,68.5,29.1,91.8,91.8,26.3,73.7,75.5,24.5,79.1,20.9,54.4,45.6,34.2,23.5,30.5,60.1,15.8,18.9,30.4,27.5,92.5,54.2,45.8,26.4,73.6,14.7,85.3,17.2,82.8,25.2,26.4,48.4,95.4,94.1,92.8,7.2,93.1,94.9,94.1,9.8,90.2,16.3,83.7,83.6,71.9,28.1,95.1,16.7,12.7,22.0,47.7,37.8,24.1,75.9,84.9,15.1,48.2,51.8,37.6,62.4,37.6,62.4,35.3,64.7,35.3,64.7,57.0,57.0,83.2,16.8,81.5,60.2,39.8,96.3,21.7,78.3,94.1,74.8,25.2,61.5,38.5,12.0,88.0,21.8,78.2,15.2,84.8,21.6,78.4,86.5,12.8,88.4,11.6,80.6,18.7,25.5,74.5,28.7,4.3,7.0,76.6,23.4,76.6,88.9,86.8,56.8,85.4,14.6,94.8,86.5,86.5,89.2,89.2,96.8,86.2,30.2,49.8,98.8,98.8,96.6,96.6,99.3,60.4,39.6,37.6,62.4,37.6,62.4,92.8,92.8,72.2
5.12,2.0,6326.0,1.0,41.2,1.8,61.9,13.7,12.9,26.8,0.2,30.6,69.4,29.4,67.2,21.2,78.8,91.4,89.2,94.0,6.0,58.3,41.7,77.0,23.0,80.5,46.8,31.5,21.7,46.8,31.5,20.9,34.0,31.5,20.9,83.8,74.3,82.8,17.2,92.9,93.2,88.0,13.5,86.5,51.0,49.0,89.7,61.0,39.0,87.6,40.4,59.6,40.7,59.3,94.9,86.3,89.8,10.2,86.4,13.6,91.8,46.7,53.3,83.1,16.9,80.4,16.0,84.0,16.0,83.2,16.8,91.5,92.7,84.0,16.0,64.6,35.4,66.2,71.2,18.5,18.5,71.2,85.5,63.5,36.5,34.3,65.7,59.3,40.7,62.4,34.1,89.7,89.9,24.8,75.2,66.4,33.6,71.5,28.5,46.9,53.1,33.3,27.5,24.4,66.5,11.1,20.2,35.0,29.2,96.1,63.5,36.5,23.7,76.3,14.6,85.4,18.4,81.6,25.9,23.7,50.3,95.1,91.7,93.4,6.6,97.8,93.7,95.9,11.1,88.9,19.0,81.0,78.4,81.1,18.9,96.5,17.1,16.8,9.9,53.3,51.9,25.1,74.9,78.9,21.1,46.4,53.6,42.7,57.3,42.9,57.1,36.1,63.9,36.3,63.7,61.5,61.2,80.0,20.0,90.5,53.2,46.8,95.8,21.7,78.3,93.1,67.5,32.5,27.3,72.7,11.2,88.8,31.4,68.6,13.1,86.9,27.6,72.4,84.6,11.6,88.7,11.3,78.3,21.7,31.9,68.1,28.0,12.2,14.3,73.7,26.3,73.7,80.8,75.1,40.5,92.8,7.2,93.2,84.0,83.9,90.1,90.0,97.4,91.9,27.0,59.4,92.6,92.5,94.9,97.5,99.7,55.6,44.4,32.8,67.2,32.4,67.6,96.9,96.9,76.0
5.23,1.0,5648.0,1.0,10.9,0.7,90.3,3.6,11.7,26.4,0.3,30.6,69.4,29.4,67.2,21.2,78.8,91.4,89.2,94.0,6.0,58.3,41.7,77.0,23.0,80.5,46.8,31.5,21.7,46.8,31.5,20.9,34.0,31.5,20.9,83.8,74.3,82.8,17.2,92.9,93.2,88.0,13.5,86.5,51.0,49.0,89.7,61.0,39.0,87.6,40.4,59.6,40.7,59.3,94.9,86.3,89.8,10.2,86.4,13.6,91.8,46.7,53.3,83.1,16.9,80.4,16.0,84.0,16.0,83.2,16.8,91.5,92.7,84.0,16.0,64.6,35.4,66.2,71.2,18.5,18.5,71.2,85.5,63.5,36.5,34.3,65.7,59.3,40.7,62.4,34.1,89.7,89.9,24.8,75.2,66.4,33.6,71.5,28.5,46.9,53.1,33.3,27.5,24.4,66.5,11.1,20.2,35.0,29.2,96.1,63.5,36.5,23.7,76.3,14.6,85.4,18.4,81.6,25.9,23.7,50.3,95.1,91.7,93.4,6.6,97.8,93.7,95.9,11.1,88.9,19.0,81.0,78.4,81.1,18.9,96.5,17.1,16.8,9.9,53.3,51.9,25.1,74.9,78.9,21.1,46.4,53.6,42.7,57.3,42.9,57.1,36.1,63.9,36.3,63.7,61.5,61.2,80.0,20.0,90.5,53.2,46.8,95.8,21.7,78.3,93.1,67.5,32.5,27.3,72.7,11.2,88.8,31.4,68.6,13.1,86.9,27.6,72.4,84.6,11.6,88.7,11.3,78.3,21.7,31.9,68.1,28.0,12.2,14.3,73.7,26.3,73.7,80.8,75.1,40.5,92.8,7.2,93.2,84.0,83.9,90.1,90.0,97.4,91.9,27.0,59.4,92.6,92.5,94.9,97.5,99.7,55.6,44.4,32.8,67.2,32.4,67.6,96.9,96.9,76.0
5.35,1.0,135364.0,3.0,20.8,9.3,67.6,3.3,8.7,44.5,1.3,26.1,73.9,29.1,69.9,14.1,85.9,87.0,88.5,89.0,11.0,47.8,52.2,79.1,20.9,85.0,34.0,36.2,29.8,34.0,36.2,28.1,28.2,36.2,28.1,85.2,76.0,84.3,15.7,93.5,94.4,91.1,23.8,76.2,51.0,49.0,95.6,60.9,39.1,86.0,37.4,62.6,37.4,62.6,96.1,90.8,93.0,7.0,92.7,7.3,93.7,37.8,62.2,78.1,21.9,85.0,12.3,87.7,12.3,85.8,14.2,92.3,97.5,87.8,12.2,70.4,29.6,61.2,75.8,17.2,17.2,75.8,85.5,58.7,41.3,30.0,70.0,70.7,29.3,62.0,35.2,90.7,90.9,20.1,79.9,61.5,38.5,66.9,33.1,36.5,63.5,26.0,49.9,15.8,75.2,16.2,15.9,36.1,27.6,94.2,58.7,41.3,20.3,79.7,13.7,86.3,16.9,83.1,33.9,20.3,45.8,96.6,94.2,87.2,12.8,93.2,95.2,94.2,8.9,91.1,17.4,82.6,82.1,76.4,23.6,96.0,10.3,13.1,12.9,62.2,53.6,23.0,77.0,84.7,15.3,37.3,62.7,26.3,73.7,26.4,73.6,22.3,77.7,22.8,77.2,79.5,78.8,83.4,16.6,84.6,66.0,34.0,91.8,29.8,70.2,97.1,66.5,33.5,26.8,73.2,16.0,84.0,30.6,69.4,12.1,87.9,21.2,78.8,83.7,15.4,86.6,13.4,82.0,17.9,27.6,72.4,27.7,6.3,10.3,76.8,23.2,76.8,87.7,80.9,43.1,89.9,10.1,90.2,87.2,87.2,88.4,88.5,95.7,98.0,22.0,70.7,94.6,94.5,95.9,95.7,99.2,62.7,37.3,29.3,70.7,29.2,70.8,97.0,96.9,81.7
6.64,1.0,9262.0,10.0,42.1,0.6,68.9,4.0,15.4,45.5,1.0,23.9,76.1,26.3,73.3,17.2,82.8,87.3,90.7,94.2,5.8,50.3,49.7,75.6,24.4,88.0,36.3,39.0,24.8,36.3,39.0,23.2,30.9,39.0,23.2,87.9,82.3,87.3,12.7,91.0,94.0,93.1,33.7,66.3,50.8,49.2,92.3,60.9,39.1,86.3,35.7,64.3,38.3,61.7,96.9,92.1,89.1,10.9,87.5,12.5,92.5,49.7,50.3,76.9,23.1,78.1,18.0,82.0,18.0,81.0,19.0,89.4,91.8,77.4,22.6,59.5,40.5,47.3,75.6,13.5,13.5,75.6,82.5,60.7,39.3,31.5,68.5,67.0,33.0,62.3,36.3,87.5,88.1,25.3,74.7,58.9,41.1,68.1,31.9,33.9,66.1,28.5,41.6,17.9,62.1,12.8,20.9,35.1,26.8,91.4,60.7,39.3,24.4,75.6,15.4,84.6,20.1,79.9,24.7,24.4,50.9,95.9,94.6,86.8,13.2,98.6,93.9,96.1,12.7,87.3,22.4,77.6,76.7,80.8,19.2,94.6,12.7,21.0,14.1,50.3,56.7,29.6,70.4,88.0,12.0,39.9,60.1,33.2,66.8,37.6,62.4,26.8,73.2,32.9,67.1,82.7,73.9,80.1,19.9,83.4,63.7,36.3,94.9,24.8,75.2,92.1,67.4,32.6,39.5,60.5,16.4,83.6,27.2,72.8,14.0,86.0,25.2,74.8,79.1,19.1,84.6,15.4,76.8,23.2,27.1,72.9,30.7,7.4,10.5,73.1,26.9,73.1,89.7,80.2,53.3,86.4,13.6,91.3,83.3,82.3,86.6,84.9,98.7,97.6,20.5,67.0,92.1,91.7,97.7,95.4,99.1,58.6,41.4,29.5,70.5,26.5,73.5,95.7,95.5,80.3
7.13,0.0,57023.0,7.0,23.4,1.2,79.3,5.7,18.9,28.5,1.1,32.6,67.4,32.7,67.1,23.0,77.0,82.3,89.5,89.6,10.4,42.3,57.7,77.0,23.0,84.4,31.5,34.3,34.1,31.5,34.3,31.5,25.6,34.3,31.5,82.3,68.5,82.5,17.5,94.8,94.4,92.7,22.0,78.0,52.3,47.7,95.3,61.4,38.6,86.3,30.9,69.1,30.6,69.4,96.0,89.4,90.4,9.6,90.5,9.5,94.1,36.4,63.6,74.6,25.4,85.3,11.6,88.4,11.6,86.7,13.3,94.7,98.0,89.9,10.1,72.7,27.3,62.1,71.1,19.3,19.3,71.1,88.5,60.4,39.6,25.0,75.0,66.4,33.6,65.2,33.2,89.9,90.2,18.3,81.7,58.7,41.3,64.3,35.7,35.0,65.0,27.2,45.8,20.6,71.6,16.0,14.7,34.7,30.9,92.7,60.4,39.6,19.0,81.0,9.8,90.2,11.4,88.6,36.5,19.0,44.5,96.4,94.6,88.5,11.5,92.8,92.7,92.8,8.8,91.2,19.1,80.9,76.8,83.0,17.0,95.7,12.0,11.7,12.2,63.6,52.9,20.7,79.3,84.0,16.0,32.6,67.4,30.1,69.9,29.7,70.3,28.6,71.4,28.3,71.7,73.0,73.2,87.0,13.0,81.4,68.5,31.5,93.2,34.1,65.9,96.5,64.6,35.4,25.0,75.0,16.3,83.7,31.8,68.2,11.8,88.2,22.1,77.9,82.6,16.0,85.9,14.1,80.4,19.5,32.5,67.5,24.7,8.1,10.5,77.0,23.0,77.0,87.9,80.3,41.4,85.2,14.8,87.6,78.0,77.8,80.6,80.4,94.0,96.5,24.0,66.5,94.9,94.8,97.4,96.6,98.8,63.9,36.1,22.6,77.4,22.7,77.3,97.6,97.7,79.9
7.25,0.0,22362.0,2.0,12.3,0.1,89.8,11.6,14.5,18.9,0.4,22.8,77.2,32.1,67.3,18.1,81.9,96.4,73.7,87.2,12.8,62.5,37.5,68.6,31.4,86.0,44.5,25.6,30.0,44.5,25.6,28.7,33.6,25.6,28.7,85.2,85.1,89.4,10.6,87.8,93.7,85.7,19.0,81.0,51.8,48.2,98.0,54.4,45.6,88.6,37.0,63.0,37.3,62.7,92.4,90.7,90.5,9.5,88.7,11.3,90.3,46.8,53.2,75.3,24.7,81.8,15.5,84.5,15.5,83.0,17.0,88.6,93.6,80.4,19.6,59.2,40.8,58.2,71.4,19.1,19.1,71.4,88.7,62.0,38.0,29.9,70.1,62.9,37.1,52.5,44.7,90.2,90.3,27.4,72.6,62.6,37.4,67.6,32.4,50.9,49.1,22.4,38.4,18.7,69.5,7.4,18.0,34.1,31.1,94.2,62.0,38.0,13.8,86.2,8.6,91.4,12.4,87.6,31.7,13.8,54.6,93.0,90.6,90.2,9.8,97.9,95.4,96.7,11.2,88.8,20.6,79.4,90.5,68.1,31.9,92.7,20.1,7.0,19.3,53.2,44.5,29.2,70.8,85.4,14.6,32.1,67.9,37.4,62.6,36.9,63.1,33.2,66.8,32.7,67.3,68.2,68.8,79.1,20.9,82.9,55.5,44.5,89.9,30.0,70.0,98.5,61.5,38.5,26.3,73.7,17.3,82.7,29.8,70.2,17.7,82.3,25.1,74.9,86.9,12.7,89.4,10.6,70.2,29.7,25.5,74.5,27.6,11.9,9.8,79.3,20.7,79.3,82.6,77.0,52.8,86.2,13.8,94.8,85.8,85.7,87.5,87.4,95.4,96.0,25.7,63.0,94.5,94.8,93.7,95.9,100.0,49.8,50.2,29.8,70.2,29.8,70.2,98.1,98.1,86.1
7.36,0.0,1035.0,1.0,10.1,5.3,80.5,15.1,20.7,19.3,0.1,30.6,69.4,29.4,67.2,21.2,78.8,91.4,89.2,94.0,6.0,58.3,41.7,77.0,23.0,80.5,46.8,31.5,21.7,46.8,31.5,20.9,34.0,31.5,20.9,83.8,74.3,82.8,17.2,92.9,93.2,88.0,13.5,86.5,51.0,49.0,89.7,61.0,39.0,87.6,40.4,59.6,40.7,59.3,94.9,86.3,89.8,10.2,86.4,13.6,91.8,46.7,53.3,83.1,16.9,80.4,16.0,84.0,16.0,83.2,16.8,91.5,92.7,84.0,16.0,64.6,35.4,66.2,71.2,18.5,18.5,71.2,85.5,63.5,36.5,34.3,65.7,59.3,40.7,62.4,34.1,89.7,89.9,24.8,75.2,66.4,33.6,71.5,28.5,46.9,53.1,33.3,27.5,24.4,66.5,11.1,20.2,35.0,29.2,96.1,63.5,36.5,23.7,76.3,14.6,85.4,18.4,81.6,25.9,23.7,50.3,95.1,91.7,93.4,6.6,97.8,93.7,95.9,11.1,88.9,19.0,81.0,78.4,81.1,18.9,96.5,17.1,16.8,9.9,53.3,51.9,25.1,74.9,78.9,21.1,46.4,53.6,42.7,57.3,42.9,57.1,36.1,63.9,36.3,63.7,61.5,61.2,80.0,20.0,90.5,53.2,46.8,95.8,21.7,78.3,93.1,67.5,32.5,27.3,72.7,11.2,88.8,31.4,68.6,13.1,86.9,27.6,72.4,84.6,11.6,88.7,11.3,78.3,21.7,31.9,68.1,28.0,12.2,14.3,73.7,26.3,73.7,80.8,75.1,40.5,92.8,7.2,93.2,84.0,83.9,90.1,90.0,97.4,91.9,27.0,59.4,92.6,92.5,94.9,97.5,99.7,55.6,44.4,32.8,67.2,32.4,67.6,96.9,96.9,76.0
8.15,1.0,642.0,1.0,8.4,0.6,90.5,9.0,2.7,36.9,1.0,30.6,69.4,29.4,67.2,21.2,78.8,91.4,89.2,94.0,6.0,58.3,41.7,77.0,23.0,80.5,46.8,31.5,21.7,46.8,31.5,20.9,34.0,31.5,20.9,83.8,74.3,82.8,17.2,92.9,93.2,88.0,13.5,86.5,51.0,49.0,89.7,61.0,39.0,87.6,40.4,59.6,40.7,59.3,94.9,86.3,89.8,10.2,86.4,13.6,91.8,46.7,53.3,83.1,16.9,80.4,16.0,84.0,16.0,83.2,16.8,91.5,92.7,84.0,16.0,64.6,35.4,66.2,71.2,18.5,18.5,71.2,85.5,63.5,36.5,34.3,65.7,59.3,40.7,62.4,34.1,89.7,89.9,24.8,75.2,66.4,33.6,71.5,28.5,46.9,53.1,33.3,27.5,24.4,66.5,11.1,20.2,35.0,29.2,96.1,63.5,36.5,23.7,76.3,14.6,85.4,18.4,81.6,25.9,23.7,50.3,95.1,91.7,93.4,6.6,97.8,93.7,95.9,11.1,88.9,19.0,81.0,78.4,81.1,18.9,96.5,17.1,16.8,9.9,53.3,51.9,25.1,74.9,78.9,21.1,46.4,53.6,42.7,57.3,42.9,57.1,36.1,63.9,36.3,63.7,61.5,61.2,80.0,20.0,90.5,53.2,46.8,95.8,21.7,78.3,93.1,67.5,32.5,27.3,72.7,11.2,88.8,31.4,68.6,13.1,86.9,27.6,72.4,84.6,11.6,88.7,11.3,78.3,21.7,31.9,68.1,28.0,12.2,14.3,73.7,26.3,73.7,80.8,75.1,40.5,92.8,7.2,93.2,84.0,83.9,90.1,90.0,97.4,91.9,27.0,59.4,92.6,92.5,94.9,97.5,99.7,55.6,44.4,32.8,67.2,32.4,67.6,96.9,96.9,76.0
14.54,414.0,23167.0,1.0,40.3,2.1,70.2,4.5,36.7,11.7,1.4,30.6,69.4,29.4,67.2,21.2,78.8,91.4,89.2,94.0,6.0,58.3,41.7,77.0,23.0,80.5,46.8,31.5,21.7,46.8,31.5,20.9,34.0,31.5,20.9,83.8,74.3,82.8,17.2,92.9,93.2,88.0,13.5,86.5,51.0,49.0,89.7,61.0,39.0,87.6,40.4,59.6,40.7,59.3,94.9,86.3,89.8,10.2,86.4,13.6,91.8,46.7,53.3,83.1,16.9,80.4,16.0,84.0,16.0,83.2,16.8,91.5,92.7,84.0,16.0,64.6,35.4,66.2,71.2,18.5,18.5,71.2,85.5,63.5,36.5,34.3,65.7,59.3,40.7,62.4,34.1,89.7,89.9,24.8,75.2,66.4,33.6,71.5,28.5,46.9,53.1,33.3,27.5,24.4,66.5,11.1,20.2,35.0,29.2,96.1,63.5,36.5,23.7,76.3,14.6,85.4,18.4,81.6,25.9,23.7,50.3,95.1,91.7,93.4,6.6,97.8,93.7,95.9,11.1,88.9,19.0,81.0,78.4,81.1,18.9,96.5,17.1,16.8,9.9,53.3,51.9,25.1,74.9,78.9,21.1,46.4,53.6,42.7,57.3,42.9,57.1,36.1,63.9,36.3,63.7,61.5,61.2,80.0,20.0,90.5,53.2,46.8,95.8,21.7,78.3,93.1,67.5,32.5,27.3,72.7,11.2,88.8,31.4,68.6,13.1,86.9,27.6,72.4,84.6,11.6,88.7,11.3,78.3,21.7,31.9,68.1,28.0,12.2,14.3,73.7,26.3,73.7,80.8,75.1,40.5,92.8,7.2,93.2,84.0,83.9,90.1,90.0,97.4,91.9,27.0,59.4,92.6,92.5,94.9,97.5,99.7,55.6,44.4,32.8,67.2,32.4,67.6,96.9,96.9,76.0
