cve,outbreak,enrollment,population,pct_hispanic,pct_black,pct_white,pct_poverty,pct_uninsured,pct_college,pct_foreign_born,advised_to_change_eating_hab_yes,advised_to_cut_down_salt_yes,advised_to_exercise_yes,advised_to_take_med_yes,all_teeth_removed_65_no,any_cancer_yes,any_drinking_past_month_yes,arthritis_yes,asthma_status_never,bmi_3_categories_obese,bmi_3_categories_overweight,bmi_3_categories_recommended_range,bmi_4_categories_obese,bmi_4_categories_overweight,bmi_4_categories_recommended_range,bmi_5_categories_obese,bmi_5_categories_overweight,bmi_5_categories_recommended_range,bp_location_at_home,bp_sharing_in_person,binge_drinking_yes,blind_no,copd_no,cvd_no,cervical_cancer_screening_yes,cervical_cancer_screening_hp_yes,cervical_cancer_screening_pa_yes,chest_ct_or_cat_scan_yes,clnscpy_sgmscpy_colonoscopy,col_past_10_yrs_50_75_yes,col_past_10_yrs_50_75_ia_yes,coronary_heart_disease_no,current_asthma_2_no,current_e_cig_user_yes,current_smoker_yes,deaf_no,dentist_visit_past_year_yes,depressive_disorder_yes,diabetes_yes,diabetes_status_yes,difficulty_concentrating_yes,difficulty_doing_errands_alo_no,difficulty_dressing_no,difficulty_walking_yes,disability_status_yes,dr_rx_pain_talk_yes,ever_had_blood_stool_test_yes,ever_had_hiv_test_yes,ever_had_sgmscpy_clnscpy_yes,ever_smoked_yes,ever_told_high_bp_yes,fobt_past_yr_no,fobt_past_yr_ia_no,fair_or_poor_health_fair_or_poor_health,fair_or_poor_health_good_or_better_health,flu_shot_in_past_year_yes,flu_shot_18_64_yes,flu_shot_65_yes,flu_vaccine_location_doctors_office_hmo,flu_vaccine_location_store,frequency_of_smoking_every_day,frequency_of_smoking_not_at_all,general_health_excellent,general_health_fair,general_health_good,general_health_very_good,hiv_risk_behavior_no,hiv_aids_test_yes,have_at_least_one_personal_d_yes,health_care_coverage_yes,health_care_coverage_age_18_yes,health_care_provider_more_than_one,health_care_provider_no,health_care_provider_yes_only_one,heart_attack_no,heart_disease_no,heated_tbco_products_yes,heavy_drinking_females_no,heavy_drinking_males_no,heavy_drinking_no,hlth_affected_activ_14_days_14_or_more_days,hlth_affected_activ_14_days_none_to_less_than_14_days,hlth_affected_activ_5_days_5_or_more_days,hlth_affected_activ_5_days_none_to_less_than_5_days,home_bp_check_yes,hysterectomy_yes,kidney_disease_no,last_dentist_visit_5_or_more_years,last_dentist_visit_within_the_past_2_years,last_dentist_visit_within_the_past_5_years,last_dentist_visit_within_the_past_year,last_smoked_10_years,leisure_time_pa_yes,lifetime_asthma_yes,mammogram_yes,mammogram_past_2_yrs_40_yes,mammogram_past_2_yrs_40_ia_yes,mammogram_past_2_yrs_50_yes,mammogram_past_2_yrs_50_ia_yes,mammogram_past_2_yrs_50_74_yes,mammogram_past_2_yrs_50_74_i_yes,medical_cost_yes,memory_loss_no,obese_yes,other_cancer_no,overweight_or_obese_yes,pain_med_not_rx_no,pneumonia_shot_18_yes,pneumonia_shot_65_yes,poor_mental_health_14_days_14_or_more_days,poor_mental_health_14_days_none_to_less_than_14_days,poor_mental_health_5_days_5_or_more_days,poor_mental_health_5_days_none_to_less_than_5_days,poor_physical_health_14_day_14_or_more_days,poor_physical_health_14_day_none_to_less_than_14_days,poor_physical_health_5_days_5_or_more_days,poor_physical_health_5_days_none_to_less_than_5_days,pre_diabetes_yes,pre_diabetes_2_yes,provided_care_past_30_days_yes,reg_bp_check_yes,remove_teeth_1_to_5,remove_teeth_6_or_more_but_not_all,routine_checkup_within_the_past_2_years,routine_checkup_within_the_past_year,routine_checkup_in_the_past_yes,rx_opioid_no,rx_pain_med_no,rx_pain_risk_ed_source_no,served_on_active_duty_yes,sexual_orientation_straight,sigm_past_10_yrs_50_75_ia_no,sigm_past_10_yrs_age_50_75_no,sigm_past_5_yrs_50_75_ia_no,sigm_past_5_yrs_age_50_75_no,skin_cancer_no,smokeless_tobacco_use_not_at_all,smoker_status_former_smoker,smoker_status_never_smoked,stool_dna_past_3_yrs_50_75_i_no,stool_dna_past_3_yrs_age_50_no,stroke_no,suicidal_ideation_no,suicide_attempt_no,teeth_removed_yes,up_to_date_crc_scrn_50_75_ia_yes,up_to_date_crc_scrn_age_50_7_yes,v_col_5_yrs_50_75_ia_no,v_col_5_yrs_age_50_75_no,virtual_colonoscopy_no,any_cancer_yes_pct_diff,any_drinking_past_month_yes_pct_diff,arthritis_yes_pct_diff,asthma_status_never_pct_diff,binge_drinking_yes_pct_diff,blind_no_pct_diff,copd_no_pct_diff,cvd_no_pct_diff,clnscpy_sgmscpy_colonoscopy_pct_diff,col_past_10_yrs_50_75_yes_pct_diff,coronary_heart_disease_no_pct_diff,current_asthma_2_no_pct_diff,current_smoker_yes_pct_diff,dentist_visit_past_year_yes_pct_diff,depressive_disorder_yes_pct_diff,diabetes_yes_pct_diff,diabetes_status_yes_pct_diff,ever_had_blood_stool_test_yes_pct_diff,ever_had_hiv_test_yes_pct_diff,ever_smoked_yes_pct_diff,fobt_past_yr_no_pct_diff,flu_shot_in_past_year_yes_pct_diff,flu_shot_18_64_yes_pct_diff,frequency_of_smoking_every_day_pct_diff,frequency_of_smoking_not_at_all_pct_diff,general_health_excellent_pct_diff,general_health_fair_pct_diff,general_health_good_pct_diff,general_health_very_good_pct_diff,health_care_coverage_yes_pct_diff,health_care_coverage_age_18_yes_pct_diff,heart_attack_no_pct_diff,heart_disease_no_pct_diff,heavy_drinking_females_no_pct_diff,heavy_drinking_males_no_pct_diff,heavy_drinking_no_pct_diff,hlth_affected_activ_14_days_14_or_more_days_pct_diff,hlth_affected_activ_14_days_none_to_less_than_14_days_pct_diff,hlth_affected_activ_5_days_5_or_more_days_pct_diff,hlth_affected_activ_5_days_none_to_less_than_5_days_pct_diff,hysterectomy_yes_pct_diff,kidney_disease_no_pct_diff,last_dentist_visit_5_or_more_years_pct_diff,last_dentist_visit_within_the_past_2_years_pct_diff,last_dentist_visit_within_the_past_5_years_pct_diff,last_dentist_visit_within_the_past_year_pct_diff,lifetime_asthma_yes_pct_diff,mammogram_yes_pct_diff,mammogram_past_2_yrs_40_yes_pct_diff,mammogram_past_2_yrs_50_yes_pct_diff,medical_cost_yes_pct_diff,obese_yes_pct_diff,other_cancer_no_pct_diff,overweight_or_obese_yes_pct_diff,pneumonia_shot_18_yes_pct_diff,poor_mental_health_14_days_14_or_more_days_pct_diff,poor_mental_health_14_days_none_to_less_than_14_days_pct_diff,poor_mental_health_5_days_5_or_more_days_pct_diff,poor_mental_health_5_days_none_to_less_than_5_days_pct_diff,poor_physical_health_14_day_14_or_more_days_pct_diff,poor_physical_health_14_day_none_to_less_than_14_days_pct_diff,poor_physical_health_5_days_5_or_more_days_pct_diff,poor_physical_health_5_days_none_to_less_than_5_days_pct_diff,pre_diabetes_yes_pct_diff,served_on_active_duty_yes_pct_diff,skin_cancer_no_pct_diff,smokeless_tobacco_use_not_at_all_pct_diff,smoker_status_former_smoker_pct_diff,stroke_no_pct_diff,ep_unemp,ep_hburd,ep_nohsdp,ep_age65,ep_age17,ep_disabl,ep_sngpnt,ep_limeng,ep_munit,ep_mobile,ep_crowd,ep_noveh,ep_groupq,ep_noint,ep_asian,ep_aian,ep_nhpi,ep_twomore,ep_otherrace,density
2.54,0,7808,60303,19.6,18.6,58.3,13.5,18.5,15.4,1.1,75.9,69.7,82,89.3,73.8,12.4,44.2,31.4,85.1,38.5,36.1,25.4,38.5,36.1,24.1,27.6,36.1,24.1,77.4,72,9.8,92,88.8,82.7,74.9,38.9,95.4,53.2,83.3,60.5,61.4,93,89.6,9,17.3,91.1,44.8,24.9,19.9,19.9,12.6,91,94.4,17.5,29,64.2,85.2,37.6,67.8,44.9,48.8,87.2,87.2,21,79,25.4,17.9,43.2,25.1,53.1,23.5,61.5,17.9,13.7,30.9,30.2,97.1,37.6,82.8,83.5,77,31.8,17.2,51,90.1,87.2,17,94.6,95.3,94.9,10.8,89.2,19.8,80.2,84,28.6,94.6,25.6,14.8,14.4,44.8,56.4,71.9,15.3,64.8,69.8,69.8,71,71,72.3,72.3,21.6,81.5,38.5,91.9,74.6,99.2,38.9,67.9,16,84,29.3,70.7,11.3,88.7,21.8,78.2,14.7,11,23.8,64.3,23.9,14.2,10.9,73.1,73.1,82.4,78.9,46.8,12.9,95.3,77.2,77.4,80.8,81,93.1,93.5,27.6,55.1,87.4,87.4,93.1,94,97,47.8,73,72.3,92.8,92.8,72.4,40.9091,16.0105,23.1373,-1.8454,-9.2593,2.3359,-3.792,-9.8146,-12.5,35.3468,-1.8987,-0.4444,-23.4513,-17.9487,55.625,60.4839,60.4839,160.5505,14.6341,-0.4435,1017.9487,-37.284,-46.0843,-34.903,23.494,17.7632,-17.9641,-9.1176,9.4203,6.6411,6.5007,-6.048,-6.3373,-2.9744,1.9251,-0.7322,10.2041,-1.1086,55.9055,-8.1329,-1.7182,-1.9689,52.381,7.2464,50,-17.9487,10.8696,-2.4096,101.7341,124.6835,2.8571,18.4615,-3.2632,17.4803,6.5753,35.5932,-4.7619,78.6585,-15.4306,-28.481,5.3444,-0.4566,0.128,157.8947,31.6327,-1.3771,0.1071,23.2143,-4.7083,3.9,24.6,15.2,14.8,19,16.8,7.8,2,3.5,19.7,5.1,6.5,21.7,17.8,0.7,0.7,0.1,4.7,0.2,56.7495506149023
1.91,3,4209,19823,57.5,1.6,57.7,14.2,22.4,17.7,1.2,79.3,77.4,84.7,87.5,63.3,5.3,50.5,22.2,85.9,39.8,38.5,21.7,39.8,38.5,19.7,33.9,38.5,19.7,86.9,73.6,21,89.4,96.4,93,75.2,56.5,91,39.6,82,57.8,57.8,98.1,93.2,12.1,20,90.8,47.7,17.1,11.3,11.3,14,91,97.9,15.5,32.9,70.4,55.3,45.8,64.9,50.3,29.1,91.8,91.8,26.3,73.7,24.5,20.9,45.6,34.2,23.5,30.5,60.1,15.8,18.9,30.4,27.5,92.5,45.8,73.6,85.3,82.8,25.2,26.4,48.4,95.4,94.1,7.2,93.1,94.9,94.1,9.8,90.2,16.3,83.7,83.6,28.1,95.1,16.7,12.7,22,47.7,37.8,75.9,15.1,51.8,62.4,62.4,64.7,64.7,57,57,16.8,81.5,39.8,96.3,78.3,94.1,25.2,38.5,12,88,21.8,78.2,15.2,84.8,21.6,78.4,12.8,11.6,18.7,74.5,28.7,4.3,7,76.6,76.6,88.9,86.8,56.8,14.6,94.8,86.5,86.5,89.2,89.2,96.8,86.2,30.2,49.8,98.8,98.8,96.6,96.6,99.3,39.6,62.4,62.4,92.8,92.8,72.2,-61.5942,10.0218,-7.113,-1.2644,7.6923,-5.4968,5.3552,1.5284,-13.5021,-8.5443,1.9751,0.431,-6.1033,4.8352,-12.7551,11.8812,11.8812,153.6697,37.5375,11.7778,3300,-2.3904,-14.6939,-2.2436,14.4762,1.9355,41.0448,-19.7889,15.5462,14.3432,17.1146,-0.5214,0.5342,-0.2144,13.9256,5.6117,-25.7576,3.9171,2.5157,-0.4756,17.0833,-3.4518,-16.0804,-23.0303,40.1274,4.8352,11.0294,-13.2328,42.7918,72.9947,-4,-13.1004,4.902,4.9598,-11.8881,-16.0839,2.6838,-2.2422,0.6435,0,0,-5.2632,1.5544,4.918,25.8621,4.086,-5.586,27.9661,-0.3096,2.7,22.7,26.2,9.6,30.6,11.9,5.4,8.2,2.5,19.7,5.5,1.6,0.7,9.2,0.5,0,0,0.8,0.1,13.208987222356342
2.06,0,2913,25943,27.1,1.3,76.9,10.7,12.8,28.8,1.5,81.4,77.7,92.2,89.9,88.6,6.9,45.3,18.4,90.4,40.3,32.8,27,40.3,32.8,25.3,30.7,32.8,25.3,88.2,80.9,18.7,87.4,96,91.8,72,54.3,92.9,37.7,77.9,51,51,95.6,95,8.7,10.3,90.8,56.7,19.2,18,18,17.3,88.7,91.3,13.5,33.6,49.3,79.8,39.6,61,30.4,30.3,85.1,85.2,28.7,71.3,32,26.9,56,37.6,37.9,12.9,65.9,12.3,21.3,31.1,27.9,95.3,39.6,70.2,76.2,71.5,22.6,29.8,47.6,94.3,92.8,11.3,96.8,97.8,97.3,12.2,87.8,21.6,78.4,80.7,25.8,93,11.9,13.4,13,56.7,37.4,69.8,10.1,56.6,77.8,77.8,76.3,76.3,78,78,16.9,84.9,40.3,95,73,94.5,25.2,66,17.5,82.5,33.7,66.3,11.8,88.2,22.8,77.2,19,15.2,19.8,78.5,27.5,7.2,12.1,73.8,73.8,93,86,52.9,7.7,91.9,83,82.8,84.7,84.6,97.4,95.3,19.9,69.8,90.9,90.8,97.8,96.4,100,37.4,60.7,60.8,95.1,95.1,80.6,-11.5385,17.3575,-8,-0.3308,21.4286,-7.1201,0.3135,-0.2174,-20.1026,-1.354,0.3148,0.8493,-28.9655,7.5901,37.1429,9.0909,9.0909,197.7612,25.3165,-13.881,659.8214,1.2658,8.4677,-36.4532,12.0748,-19.0789,10.3627,-14.0884,33.4928,19.4357,24.3478,-1.9751,-0.8547,-0.1032,5.8442,2.529,0.8264,-0.1138,28.5714,-5.7692,10.2564,-3.6269,-20.6667,0,-12.7517,7.5901,6.3158,-6.2914,121.0227,146.9256,-33.2016,-3.3573,0.8493,-2.2758,-18.9711,54.8673,-6.9899,82.1622,-18.6503,-26.7081,5.1251,0.4405,-0.1294,272.549,2.6667,0.309,-1.9547,-3.8647,0.2049,4.4,27,11.4,27.6,17.4,16.9,4,0.7,5.3,15.7,5.1,5.1,1.4,10.6,1.7,0.5,0,2.2,0,102.92040274184633
2.7,0,2110,8976,9.4,1.5,88.9,4.5,13.9,25.4,0.8,77.2,67.3,81.9,96.4,73.7,12.8,37.5,31.4,86,44.5,25.6,30,44.5,25.6,28.7,33.6,25.6,28.7,85.2,85.1,10.6,87.8,93.7,85.7,81,48.2,98,45.6,88.6,63,62.7,92.4,90.7,9.5,11.3,90.3,53.2,24.7,15.5,15.5,17,88.6,93.6,19.6,40.8,58.2,88.7,38,70.1,37.1,44.7,90.2,90.3,27.4,72.6,37.4,32.4,49.1,22.4,38.4,18.7,69.5,7.4,18,34.1,31.1,94.2,38,86.2,91.4,87.6,31.7,13.8,54.6,93,90.6,9.8,97.9,95.4,96.7,11.2,88.8,20.6,79.4,90.5,31.9,92.7,20.1,7,19.3,53.2,44.5,70.8,14.6,67.9,62.6,63.1,66.8,67.3,68.2,68.8,20.9,82.9,44.5,89.9,70,98.5,38.5,73.7,17.3,82.7,29.8,70.2,17.7,82.3,25.1,74.9,12.7,10.6,29.7,74.5,27.6,11.9,9.8,79.3,79.3,82.6,77,52.8,13.8,94.8,85.8,85.7,87.5,87.4,95.4,96,25.7,63,94.5,94.8,93.7,95.9,100,50.2,70.2,70.2,98.1,98.1,86.1,0.7874,-1.0554,-0.6329,4.878,68.254,-6.9915,1.4069,4.5122,-8.7539,43.1818,1.7621,0.443,-27.5641,-1.2987,63.5762,0,0,185.209,63.7931,-13.7209,1027.5,-9.4431,-12.9032,-18.3406,8.9342,-44.3609,1.1236,18.8153,-0.9554,14.25,20.6612,-0.9585,5.4715,-0.2039,-3.3435,-1.7276,40,-3.4783,47.1429,-7.6744,-15.6085,-4.0373,45.6522,-54.5455,22.9299,-1.2987,-18.8889,-15.8612,80.4035,109.4044,36.6013,40.8228,-5.3684,1.3025,0.5222,60.1852,-7.287,81.7073,-16.0287,-5.3476,1.23,10.5727,-3.1048,-12.4138,-2.1277,3.8085,1.8028,-6.2044,-1.1603,3.1,20.6,8.8,20.6,22.7,17.6,4.6,1.2,0.3,10.3,1.7,2.5,0.8,16.8,0.2,0.4,0,3.1,0,9.937021342292446
1.08,1,9046,52314,65.4,1.2,46.4,13.6,19.5,15.7,1.2,71.4,69.4,80.3,86.7,94.1,7.8,52.6,26.8,82.4,36.4,34.9,28.7,36.4,34.9,26.7,30.5,34.9,26.7,80.4,78.1,17.7,92.5,94.9,92.4,84.1,47.6,93.9,44.4,84.6,64.3,64.3,96.5,88.4,8.8,7.6,92.9,61.7,27.4,14.9,14.9,16,90.5,94.5,14.3,33.2,59.1,83.8,40.9,73.1,31.3,35.2,90.6,90.7,22.9,77.1,38,32.9,58.7,22.3,50.7,15.6,75.5,16.5,18.3,33.9,26.7,93.7,40.9,79.8,88.4,85.5,33.6,20.2,46.1,96.3,94.6,11.2,92.3,89.7,91,10.9,89.1,22.1,77.9,76.9,20,95.9,11.9,11.7,12.9,61.7,49,77.1,17.8,71.1,65.2,65.5,70.7,71.2,73.7,74.3,18.6,83.6,36.4,94.2,71.3,96.1,31.6,65.6,18.2,81.8,34.6,65.4,14.8,85.2,25.2,74.8,19.3,16.2,21.7,67,31.1,4.8,9.4,76.9,76.9,87.9,80.1,48.4,16.9,89.3,77.3,76.8,80.8,80.4,96.5,96.6,23.5,68.8,95.1,95.1,97,96.4,99.4,38.8,73.9,74.1,96.4,96.3,80.6,-18.75,-3.3088,30.0971,-5.9361,-5.3476,-2.9381,-0.1053,0.2169,-13.0524,70.1058,0.4162,-4.1215,-47.9452,-0.9631,74.5223,2.7586,2.7586,189.9654,16.1932,-16.0858,1141.0959,-2.0619,-3.2353,-21.608,24.1776,-4.6243,34.5588,-14.1772,8.0972,16.7768,20.7627,0.8377,1.0684,-2.017,-1.3201,-1.7279,67.6923,-4.7059,100.9091,-12.4719,-15.2542,-0.1042,3.4783,0.8621,6.6116,-0.9631,41.2698,8.7156,123.2877,208.7336,1.6393,10.303,0.2128,-0.2797,5.3333,109.1954,-10.4053,101.1628,-21.0145,37.037,-4.4843,48.2353,-9.8795,42.963,26.1194,0.9414,0.7299,3.5242,-0.6148,6.4,19.7,19.4,14.8,26.9,11.8,7.9,5.9,1.4,33.8,8.1,5.5,0.9,15.3,0.5,0,0,1.5,0.1,42.8964434543758
3.55,0,6290,32958,27.8,7.9,66.6,10.6,16.7,25.1,1.1,77.3,69.8,85,87.1,89.2,9.6,47.9,16.7,86,36.8,30.6,32.5,36.8,30.6,29.3,31.8,30.6,29.3,84.2,73.1,17,94.4,93.4,94.5,74,54.7,91.1,35.5,87.8,58.2,57.9,97.1,93.2,6,11.2,95.2,58.4,17.6,11.8,11.8,14.8,92.6,96.3,11.9,27.9,48.8,84,48.8,63.9,32.5,33.5,90.6,90.7,18.2,81.8,36.2,32.3,52.4,22,49.8,23.3,65.6,17.3,14,37.2,27.3,92.9,48.8,71.2,82.3,78.4,29.8,28.8,41.4,97.2,95.6,11.1,95.5,89.4,92.5,8.9,91.1,14.8,85.2,75.9,19.5,97.4,12.8,15.5,12.6,58.4,44.2,74.4,14.6,65.7,75.2,74.6,81.1,81,84.4,84.3,17.3,87.8,36.8,92.5,67.5,96.5,30.4,69.6,13.3,86.7,28.4,71.6,11,89,20.8,79.2,18.3,16,23.5,64.9,29.6,5.6,13,72.2,72.2,90.5,83.1,48.8,8,91,85.5,85.3,89.2,89.1,96.4,97.9,21.3,67.5,94.7,94.6,98.2,97.4,99.7,37.9,65.9,66.2,97,97,74.3,18.5185,7.1588,-15.6566,-5.2863,14.094,0.2123,-1.7876,3.2787,-8.8266,40.9201,0.7261,-1.7914,-13.1783,-1.6835,36.4341,14.5631,14.5631,178.1457,31.5364,1.8809,991.5663,1.1173,1.5723,3.0973,9.8827,-11.7347,-11.3924,7.8261,9.6386,13.5172,15.9763,1.3556,1.3786,-0.209,-6.0924,-3.1414,67.9245,-3.8015,54.1667,-5.7522,-17.0213,-0.5107,7.563,-1.2739,13.5135,-1.6835,48.9796,-2.2321,225.5411,309.596,-3.8889,8.2353,-2.734,-1.1713,0.9967,46.1538,-4.6205,65.1163,-13.5266,17.0213,-1.766,24.5509,-4.922,177.2727,-1.2346,0.2079,1.1364,12.1053,2.1852,3.8,22.6,12.1,20,23.6,13,6.8,3.5,1.6,22.1,5.7,3.5,1,19.4,0.5,0.1,0,2.1,0.4,50.97948739149043
3.78,0,2461,22918,21,1.2,77.2,8.5,13.3,27.2,1.5,71.4,69.4,80.3,86.7,94.1,7.8,52.6,26.8,82.4,36.4,34.9,28.7,36.4,34.9,26.7,30.5,34.9,26.7,80.4,78.1,17.7,92.5,94.9,92.4,84.1,47.6,93.9,44.4,84.6,64.3,64.3,96.5,88.4,8.8,7.6,92.9,61.7,27.4,14.9,14.9,16,90.5,94.5,14.3,33.2,59.1,83.8,40.9,73.1,31.3,35.2,90.6,90.7,22.9,77.1,38,32.9,58.7,22.3,50.7,15.6,75.5,16.5,18.3,33.9,26.7,93.7,40.9,79.8,88.4,85.5,33.6,20.2,46.1,96.3,94.6,11.2,92.3,89.7,91,10.9,89.1,22.1,77.9,76.9,20,95.9,11.9,11.7,12.9,61.7,49,77.1,17.8,71.1,65.2,65.5,70.7,71.2,73.7,74.3,18.6,83.6,36.4,94.2,71.3,96.1,31.6,65.6,18.2,81.8,34.6,65.4,14.8,85.2,25.2,74.8,19.3,16.2,21.7,67,31.1,4.8,9.4,76.9,76.9,87.9,80.1,48.4,16.9,89.3,77.3,76.8,80.8,80.4,96.5,96.6,23.5,68.8,95.1,95.1,97,96.4,99.4,38.8,73.9,74.1,96.4,96.3,80.6,-18.75,-3.3088,30.0971,-5.9361,-5.3476,-2.9381,-0.1053,0.2169,-13.0524,70.1058,0.4162,-4.1215,-47.9452,-0.9631,74.5223,2.7586,2.7586,189.9654,16.1932,-16.0858,1141.0959,-2.0619,-3.2353,-21.608,24.1776,-4.6243,34.5588,-14.1772,8.0972,16.7768,20.7627,0.8377,1.0684,-2.017,-1.3201,-1.7279,67.6923,-4.7059,100.9091,-12.4719,-15.2542,-0.1042,3.4783,0.8621,6.6116,-0.9631,41.2698,8.7156,123.2877,208.7336,1.6393,10.303,0.2128,-0.2797,5.3333,109.1954,-10.4053,101.1628,-21.0145,37.037,-4.4843,48.2353,-9.8795,42.963,26.1194,0.9414,0.7299,3.5242,-0.6148,6.7,20.2,8,27.9,16.8,18.8,3.4,2.3,0.2,26,3.9,1.5,2.2,12.1,0.5,0.5,0,2.9,0.6,28.973699523305708
2.09,0,21555,116842,45,5.8,54.2,7,21.8,25,1.4,67.4,67.1,77,82.3,89.5,10.4,57.7,23,84.4,31.5,34.3,34.1,31.5,34.3,31.5,25.6,34.3,31.5,82.3,68.5,17.5,94.8,94.4,92.7,78,47.7,95.3,38.6,86.3,69.1,69.4,96,89.4,9.6,9.5,94.1,63.6,25.4,11.6,11.6,13.3,94.7,98,10.1,27.3,62.1,88.5,39.6,75,33.6,33.2,89.9,90.2,18.3,81.7,41.3,35.7,65,27.2,45.8,20.6,71.6,16,14.7,34.7,30.9,92.7,39.6,81,90.2,88.6,36.5,19,44.5,96.4,94.6,11.5,92.8,92.7,92.8,8.8,91.2,19.1,80.9,76.8,17,95.7,12,11.7,12.2,63.6,52.9,79.3,16,67.4,69.9,70.3,71.4,71.7,73,73.2,13,81.4,31.5,93.2,65.9,96.5,35.4,75,16.3,83.7,31.8,68.2,11.8,88.2,22.1,77.9,16,14.1,19.5,67.5,24.7,8.1,10.5,77,77,87.9,80.3,41.4,14.8,87.6,78,77.8,80.6,80.4,94,96.5,24,66.5,94.9,94.8,97.4,96.6,98.8,36.1,77.4,77.3,97.6,97.7,79.9,0.9709,8.6629,16.7513,-3.653,-3.8462,-0.5247,-0.3168,-0.10780000000000001,-10.7549,67.7184,-0.4149,-3.4557,-30.6569,0.9524,39.5604,27.4725,27.4725,174.8447,-4.5783,-9.6774,1262.1212,-0.7212,-2.9891,0,13.6508,-22.7053,28.9474,9.1195,-1.9048,9.0689,10.8886,-0.1036,0.1058,-1.3815,-0.2153,-0.7487,35.3846,-2.4599,70.5357,-8.8964,-24.1071,-1.0341,13.2075,-18.75,20.7921,0.9524,26.9841,8.3601,149.6429,191.4286,-2.2556,10.5263,-1.4799,2.0124,9.9379,87.3563,-8.3242,78.6517,-17.0316,8.2569,-1.0101,33.9394,-6.7066,90.4762,4.9645,-0.1063,1.9007,2.5641,-0.1026,4.4,22.7,16.9,15.4,25.5,12.1,4.9,4.8,2.2,24.4,4.1,2.9,2.5,15.6,0.7,0.1,0,3.2,0.3,131.54510251755136
0.88,0,594,3529,13.1,1.2,82.5,16,20.6,25.3,1.6,77.2,67.3,81.9,96.4,73.7,12.8,37.5,31.4,86,44.5,25.6,30,44.5,25.6,28.7,33.6,25.6,28.7,85.2,85.1,10.6,87.8,93.7,85.7,81,48.2,98,45.6,88.6,63,62.7,92.4,90.7,9.5,11.3,90.3,53.2,24.7,15.5,15.5,17,88.6,93.6,19.6,40.8,58.2,88.7,38,70.1,37.1,44.7,90.2,90.3,27.4,72.6,37.4,32.4,49.1,22.4,38.4,18.7,69.5,7.4,18,34.1,31.1,94.2,38,86.2,91.4,87.6,31.7,13.8,54.6,93,90.6,9.8,97.9,95.4,96.7,11.2,88.8,20.6,79.4,90.5,31.9,92.7,20.1,7,19.3,53.2,44.5,70.8,14.6,67.9,62.6,63.1,66.8,67.3,68.2,68.8,20.9,82.9,44.5,89.9,70,98.5,38.5,73.7,17.3,82.7,29.8,70.2,17.7,82.3,25.1,74.9,12.7,10.6,29.7,74.5,27.6,11.9,9.8,79.3,79.3,82.6,77,52.8,13.8,94.8,85.8,85.7,87.5,87.4,95.4,96,25.7,63,94.5,94.8,93.7,95.9,100,50.2,70.2,70.2,98.1,98.1,86.1,0.7874,-1.0554,-0.6329,4.878,68.254,-6.9915,1.4069,4.5122,-8.7539,43.1818,1.7621,0.443,-27.5641,-1.2987,63.5762,0,0,185.209,63.7931,-13.7209,1027.5,-9.4431,-12.9032,-18.3406,8.9342,-44.3609,1.1236,18.8153,-0.9554,14.25,20.6612,-0.9585,5.4715,-0.2039,-3.3435,-1.7276,40,-3.4783,47.1429,-7.6744,-15.6085,-4.0373,45.6522,-54.5455,22.9299,-1.2987,-18.8889,-15.8612,80.4035,109.4044,36.6013,40.8228,-5.3684,1.3025,0.5222,60.1852,-7.287,81.7073,-16.0287,-5.3476,1.23,10.5727,-3.1048,-12.4138,-2.1277,3.8085,1.8028,-6.2044,-1.1603,1.1,24.8,13,23.9,23.5,23.6,1.4,0,0.5,7.9,3.6,3.1,2.3,18.1,0,0.2,1.1,5.8,0,4.068103901575153
1.48,0,5097,30125,61.8,7.3,44.2,11.8,18.8,14,0.8,81.4,77.7,92.2,89.9,88.6,6.9,45.3,18.4,90.4,40.3,32.8,27,40.3,32.8,25.3,30.7,32.8,25.3,88.2,80.9,18.7,87.4,96,91.8,72,54.3,92.9,37.7,77.9,51,51,95.6,95,8.7,10.3,90.8,56.7,19.2,18,18,17.3,88.7,91.3,13.5,33.6,49.3,79.8,39.6,61,30.4,30.3,85.1,85.2,28.7,71.3,32,26.9,56,37.6,37.9,12.9,65.9,12.3,21.3,31.1,27.9,95.3,39.6,70.2,76.2,71.5,22.6,29.8,47.6,94.3,92.8,11.3,96.8,97.8,97.3,12.2,87.8,21.6,78.4,80.7,25.8,93,11.9,13.4,13,56.7,37.4,69.8,10.1,56.6,77.8,77.8,76.3,76.3,78,78,16.9,84.9,40.3,95,73,94.5,25.2,66,17.5,82.5,33.7,66.3,11.8,88.2,22.8,77.2,19,15.2,19.8,78.5,27.5,7.2,12.1,73.8,73.8,93,86,52.9,7.7,91.9,83,82.8,84.7,84.6,97.4,95.3,19.9,69.8,90.9,90.8,97.8,96.4,100,37.4,60.7,60.8,95.1,95.1,80.6,-11.5385,17.3575,-8,-0.3308,21.4286,-7.1201,0.3135,-0.2174,-20.1026,-1.354,0.3148,0.8493,-28.9655,7.5901,37.1429,9.0909,9.0909,197.7612,25.3165,-13.881,659.8214,1.2658,8.4677,-36.4532,12.0748,-19.0789,10.3627,-14.0884,33.4928,19.4357,24.3478,-1.9751,-0.8547,-0.1032,5.8442,2.529,0.8264,-0.1138,28.5714,-5.7692,10.2564,-3.6269,-20.6667,0,-12.7517,7.5901,6.3158,-6.2914,121.0227,146.9256,-33.2016,-3.3573,0.8493,-2.2758,-18.9711,54.8673,-6.9899,82.1622,-18.6503,-26.7081,5.1251,0.4405,-0.1294,272.549,2.6667,0.309,-1.9547,-3.8647,0.2049,6.4,23.8,19.8,12.6,20.2,15.2,6.5,3.2,3,15.7,3.7,5,23.7,24.4,0.6,0.3,0,3.1,0.2,34.2236595664352
2.42,0,77364,402069,26.3,22.9,49.1,11.2,14,27.2,5.1,67.4,67.1,77,82.3,89.5,10.4,57.7,23,84.4,31.5,34.3,34.1,31.5,34.3,31.5,25.6,34.3,31.5,82.3,68.5,17.5,94.8,94.4,92.7,78,47.7,95.3,38.6,86.3,69.1,69.4,96,89.4,9.6,9.5,94.1,63.6,25.4,11.6,11.6,13.3,94.7,98,10.1,27.3,62.1,88.5,39.6,75,33.6,33.2,89.9,90.2,18.3,81.7,41.3,35.7,65,27.2,45.8,20.6,71.6,16,14.7,34.7,30.9,92.7,39.6,81,90.2,88.6,36.5,19,44.5,96.4,94.6,11.5,92.8,92.7,92.8,8.8,91.2,19.1,80.9,76.8,17,95.7,12,11.7,12.2,63.6,52.9,79.3,16,67.4,69.9,70.3,71.4,71.7,73,73.2,13,81.4,31.5,93.2,65.9,96.5,35.4,75,16.3,83.7,31.8,68.2,11.8,88.2,22.1,77.9,16,14.1,19.5,67.5,24.7,8.1,10.5,77,77,87.9,80.3,41.4,14.8,87.6,78,77.8,80.6,80.4,94,96.5,24,66.5,94.9,94.8,97.4,96.6,98.8,36.1,77.4,77.3,97.6,97.7,79.9,0.9709,8.6629,16.7513,-3.653,-3.8462,-0.5247,-0.3168,-0.10780000000000001,-10.7549,67.7184,-0.4149,-3.4557,-30.6569,0.9524,39.5604,27.4725,27.4725,174.8447,-4.5783,-9.6774,1262.1212,-0.7212,-2.9891,0,13.6508,-22.7053,28.9474,9.1195,-1.9048,9.0689,10.8886,-0.1036,0.1058,-1.3815,-0.2153,-0.7487,35.3846,-2.4599,70.5357,-8.8964,-24.1071,-1.0341,13.2075,-18.75,20.7921,0.9524,26.9841,8.3601,149.6429,191.4286,-2.2556,10.5263,-1.4799,2.0124,9.9379,87.3563,-8.3242,78.6517,-17.0316,8.2569,-1.0101,33.9394,-6.7066,90.4762,4.9645,-0.1063,1.9007,2.5641,-0.1026,7.7,30.7,9.2,11.3,27.5,14.8,10.5,2.3,10.1,6.4,4,5.8,2.9,10.6,2.8,0.2,0.6,5,0.3,381.5311174965554
2.01,1,353807,2167567,59.7,7.9,42.3,11.2,16,31.8,2.6,71.4,69.4,80.3,86.7,94.1,7.8,52.6,26.8,82.4,36.4,34.9,28.7,36.4,34.9,26.7,30.5,34.9,26.7,80.4,78.1,17.7,92.5,94.9,92.4,84.1,47.6,93.9,44.4,84.6,64.3,64.3,96.5,88.4,8.8,7.6,92.9,61.7,27.4,14.9,14.9,16,90.5,94.5,14.3,33.2,59.1,83.8,40.9,73.1,31.3,35.2,90.6,90.7,22.9,77.1,38,32.9,58.7,22.3,50.7,15.6,75.5,16.5,18.3,33.9,26.7,93.7,40.9,79.8,88.4,85.5,33.6,20.2,46.1,96.3,94.6,11.2,92.3,89.7,91,10.9,89.1,22.1,77.9,76.9,20,95.9,11.9,11.7,12.9,61.7,49,77.1,17.8,71.1,65.2,65.5,70.7,71.2,73.7,74.3,18.6,83.6,36.4,94.2,71.3,96.1,31.6,65.6,18.2,81.8,34.6,65.4,14.8,85.2,25.2,74.8,19.3,16.2,21.7,67,31.1,4.8,9.4,76.9,76.9,87.9,80.1,48.4,16.9,89.3,77.3,76.8,80.8,80.4,96.5,96.6,23.5,68.8,95.1,95.1,97,96.4,99.4,38.8,73.9,74.1,96.4,96.3,80.6,-18.75,-3.3088,30.0971,-5.9361,-5.3476,-2.9381,-0.1053,0.2169,-13.0524,70.1058,0.4162,-4.1215,-47.9452,-0.9631,74.5223,2.7586,2.7586,189.9654,16.1932,-16.0858,1141.0959,-2.0619,-3.2353,-21.608,24.1776,-4.6243,34.5588,-14.1772,8.0972,16.7768,20.7627,0.8377,1.0684,-2.017,-1.3201,-1.7279,67.6923,-4.7059,100.9091,-12.4719,-15.2542,-0.1042,3.4783,0.8621,6.6116,-0.9631,41.2698,8.7156,123.2877,208.7336,1.6393,10.303,0.2128,-0.2797,5.3333,109.1954,-10.4053,101.1628,-21.0145,37.037,-4.4843,48.2353,-9.8795,42.963,26.1194,0.9414,0.7299,3.5242,-0.6148,5.5,30.6,14.1,12.3,25.1,14.3,8.4,5.6,17.6,2.7,4.5,6.4,1.7,11.5,2.9,0.1,0.1,2.3,0.3,1747.5807233843493
7.22,0,1809,13682,18.6,1.1,80.4,7.4,14.7,35.4,0.9,67.4,67.1,77,82.3,89.5,10.4,57.7,23,84.4,31.5,34.3,34.1,31.5,34.3,31.5,25.6,34.3,31.5,82.3,68.5,17.5,94.8,94.4,92.7,78,47.7,95.3,38.6,86.3,69.1,69.4,96,89.4,9.6,9.5,94.1,63.6,25.4,11.6,11.6,13.3,94.7,98,10.1,27.3,62.1,88.5,39.6,75,33.6,33.2,89.9,90.2,18.3,81.7,41.3,35.7,65,27.2,45.8,20.6,71.6,16,14.7,34.7,30.9,92.7,39.6,81,90.2,88.6,36.5,19,44.5,96.4,94.6,11.5,92.8,92.7,92.8,8.8,91.2,19.1,80.9,76.8,17,95.7,12,11.7,12.2,63.6,52.9,79.3,16,67.4,69.9,70.3,71.4,71.7,73,73.2,13,81.4,31.5,93.2,65.9,96.5,35.4,75,16.3,83.7,31.8,68.2,11.8,88.2,22.1,77.9,16,14.1,19.5,67.5,24.7,8.1,10.5,77,77,87.9,80.3,41.4,14.8,87.6,78,77.8,80.6,80.4,94,96.5,24,66.5,94.9,94.8,97.4,96.6,98.8,36.1,77.4,77.3,97.6,97.7,79.9,0.9709,8.6629,16.7513,-3.653,-3.8462,-0.5247,-0.3168,-0.10780000000000001,-10.7549,67.7184,-0.4149,-3.4557,-30.6569,0.9524,39.5604,27.4725,27.4725,174.8447,-4.5783,-9.6774,1262.1212,-0.7212,-2.9891,0,13.6508,-22.7053,28.9474,9.1195,-1.9048,9.0689,10.8886,-0.1036,0.1058,-1.3815,-0.2153,-0.7487,35.3846,-2.4599,70.5357,-8.8964,-24.1071,-1.0341,13.2075,-18.75,20.7921,0.9524,26.9841,8.3601,149.6429,191.4286,-2.2556,10.5263,-1.4799,2.0124,9.9379,87.3563,-8.3242,78.6517,-17.0316,8.2569,-1.0101,33.9394,-6.7066,90.4762,4.9645,-0.1063,1.9007,2.5641,-0.1026,3.9,20.8,9.7,24.3,17.7,14.5,3,1.4,0.6,11.5,1.9,1.8,1.1,12.8,0.8,0.2,0.5,3.8,0,19.29075906483419
3.66,0,2805,18703,19.1,1.2,77.1,7.1,17.6,20.4,0.8,67.4,67.1,77,82.3,89.5,10.4,57.7,23,84.4,31.5,34.3,34.1,31.5,34.3,31.5,25.6,34.3,31.5,82.3,68.5,17.5,94.8,94.4,92.7,78,47.7,95.3,38.6,86.3,69.1,69.4,96,89.4,9.6,9.5,94.1,63.6,25.4,11.6,11.6,13.3,94.7,98,10.1,27.3,62.1,88.5,39.6,75,33.6,33.2,89.9,90.2,18.3,81.7,41.3,35.7,65,27.2,45.8,20.6,71.6,16,14.7,34.7,30.9,92.7,39.6,81,90.2,88.6,36.5,19,44.5,96.4,94.6,11.5,92.8,92.7,92.8,8.8,91.2,19.1,80.9,76.8,17,95.7,12,11.7,12.2,63.6,52.9,79.3,16,67.4,69.9,70.3,71.4,71.7,73,73.2,13,81.4,31.5,93.2,65.9,96.5,35.4,75,16.3,83.7,31.8,68.2,11.8,88.2,22.1,77.9,16,14.1,19.5,67.5,24.7,8.1,10.5,77,77,87.9,80.3,41.4,14.8,87.6,78,77.8,80.6,80.4,94,96.5,24,66.5,94.9,94.8,97.4,96.6,98.8,36.1,77.4,77.3,97.6,97.7,79.9,0.9709,8.6629,16.7513,-3.653,-3.8462,-0.5247,-0.3168,-0.10780000000000001,-10.7549,67.7184,-0.4149,-3.4557,-30.6569,0.9524,39.5604,27.4725,27.4725,174.8447,-4.5783,-9.6774,1262.1212,-0.7212,-2.9891,0,13.6508,-22.7053,28.9474,9.1195,-1.9048,9.0689,10.8886,-0.1036,0.1058,-1.3815,-0.2153,-0.7487,35.3846,-2.4599,70.5357,-8.8964,-24.1071,-1.0341,13.2075,-18.75,20.7921,0.9524,26.9841,8.3601,149.6429,191.4286,-2.2556,10.5263,-1.4799,2.0124,9.9379,87.3563,-8.3242,78.6517,-17.0316,8.2569,-1.0101,33.9394,-6.7066,90.4762,4.9645,-0.1063,1.9007,2.5641,-0.1026,3.9,16.8,12.3,24.9,20.9,19.3,3.5,2.2,1.3,18.9,3.1,2.9,1.9,19.9,0.7,0.1,0,2.1,0,19.027013908467467
2.79,0,17435,92206,8.6,24.8,64.1,11.6,13.4,23.6,0.8,75.9,69.7,82,89.3,73.8,12.4,44.2,31.4,85.1,38.5,36.1,25.4,38.5,36.1,24.1,27.6,36.1,24.1,77.4,72,9.8,92,88.8,82.7,74.9,38.9,95.4,53.2,83.3,60.5,61.4,93,89.6,9,17.3,91.1,44.8,24.9,19.9,19.9,12.6,91,94.4,17.5,29,64.2,85.2,37.6,67.8,44.9,48.8,87.2,87.2,21,79,25.4,17.9,43.2,25.1,53.1,23.5,61.5,17.9,13.7,30.9,30.2,97.1,37.6,82.8,83.5,77,31.8,17.2,51,90.1,87.2,17,94.6,95.3,94.9,10.8,89.2,19.8,80.2,84,28.6,94.6,25.6,14.8,14.4,44.8,56.4,71.9,15.3,64.8,69.8,69.8,71,71,72.3,72.3,21.6,81.5,38.5,91.9,74.6,99.2,38.9,67.9,16,84,29.3,70.7,11.3,88.7,21.8,78.2,14.7,11,23.8,64.3,23.9,14.2,10.9,73.1,73.1,82.4,78.9,46.8,12.9,95.3,77.2,77.4,80.8,81,93.1,93.5,27.6,55.1,87.4,87.4,93.1,94,97,47.8,73,72.3,92.8,92.8,72.4,40.9091,16.0105,23.1373,-1.8454,-9.2593,2.3359,-3.792,-9.8146,-12.5,35.3468,-1.8987,-0.4444,-23.4513,-17.9487,55.625,60.4839,60.4839,160.5505,14.6341,-0.4435,1017.9487,-37.284,-46.0843,-34.903,23.494,17.7632,-17.9641,-9.1176,9.4203,6.6411,6.5007,-6.048,-6.3373,-2.9744,1.9251,-0.7322,10.2041,-1.1086,55.9055,-8.1329,-1.7182,-1.9689,52.381,7.2464,50,-17.9487,10.8696,-2.4096,101.7341,124.6835,2.8571,18.4615,-3.2632,17.4803,6.5753,35.5932,-4.7619,78.6585,-15.4306,-28.481,5.3444,-0.4566,0.128,157.8947,31.6327,-1.3771,0.1071,23.2143,-4.7083,4,27.2,10,17.1,23.7,12.6,9.5,1.1,5.9,13.6,3.7,6.2,6.2,23.1,1.3,0.5,0.1,2.5,0.1,104.19477102336755
0.47,0,74745,412599,31.6,16.2,47.7,5.5,12.7,33.1,1.5,77.3,69.8,85,87.1,89.2,9.6,47.9,16.7,86,36.8,30.6,32.5,36.8,30.6,29.3,31.8,30.6,29.3,84.2,73.1,17,94.4,93.4,94.5,74,54.7,91.1,35.5,87.8,58.2,57.9,97.1,93.2,6,11.2,95.2,58.4,17.6,11.8,11.8,14.8,92.6,96.3,11.9,27.9,48.8,84,48.8,63.9,32.5,33.5,90.6,90.7,18.2,81.8,36.2,32.3,52.4,22,49.8,23.3,65.6,17.3,14,37.2,27.3,92.9,48.8,71.2,82.3,78.4,29.8,28.8,41.4,97.2,95.6,11.1,95.5,89.4,92.5,8.9,91.1,14.8,85.2,75.9,19.5,97.4,12.8,15.5,12.6,58.4,44.2,74.4,14.6,65.7,75.2,74.6,81.1,81,84.4,84.3,17.3,87.8,36.8,92.5,67.5,96.5,30.4,69.6,13.3,86.7,28.4,71.6,11,89,20.8,79.2,18.3,16,23.5,64.9,29.6,5.6,13,72.2,72.2,90.5,83.1,48.8,8,91,85.5,85.3,89.2,89.1,96.4,97.9,21.3,67.5,94.7,94.6,98.2,97.4,99.7,37.9,65.9,66.2,97,97,74.3,18.5185,7.1588,-15.6566,-5.2863,14.094,0.2123,-1.7876,3.2787,-8.8266,40.9201,0.7261,-1.7914,-13.1783,-1.6835,36.4341,14.5631,14.5631,178.1457,31.5364,1.8809,991.5663,1.1173,1.5723,3.0973,9.8827,-11.7347,-11.3924,7.8261,9.6386,13.5172,15.9763,1.3556,1.3786,-0.209,-6.0924,-3.1414,67.9245,-3.8015,54.1667,-5.7522,-17.0213,-0.5107,7.563,-1.2739,13.5135,-1.6835,48.9796,-2.2321,225.5411,309.596,-3.8889,8.2353,-2.734,-1.1713,0.9967,46.1538,-4.6205,65.1163,-13.5266,17.0213,-1.766,24.5509,-4.922,177.2727,-1.2346,0.2079,1.1364,12.1053,2.1852,4.6,20.9,11.2,12.2,25.9,9.7,6.7,3.6,11.7,9.3,3,2.7,3.3,8.3,7,0.2,0,2.1,0.2,302.6530870545513
1.53,0,31112,249858,27.4,10.5,63.2,12.2,12.2,43,1.6,67.4,67.1,77,82.3,89.5,10.4,57.7,23,84.4,31.5,34.3,34.1,31.5,34.3,31.5,25.6,34.3,31.5,82.3,68.5,17.5,94.8,94.4,92.7,78,47.7,95.3,38.6,86.3,69.1,69.4,96,89.4,9.6,9.5,94.1,63.6,25.4,11.6,11.6,13.3,94.7,98,10.1,27.3,62.1,88.5,39.6,75,33.6,33.2,89.9,90.2,18.3,81.7,41.3,35.7,65,27.2,45.8,20.6,71.6,16,14.7,34.7,30.9,92.7,39.6,81,90.2,88.6,36.5,19,44.5,96.4,94.6,11.5,92.8,92.7,92.8,8.8,91.2,19.1,80.9,76.8,17,95.7,12,11.7,12.2,63.6,52.9,79.3,16,67.4,69.9,70.3,71.4,71.7,73,73.2,13,81.4,31.5,93.2,65.9,96.5,35.4,75,16.3,83.7,31.8,68.2,11.8,88.2,22.1,77.9,16,14.1,19.5,67.5,24.7,8.1,10.5,77,77,87.9,80.3,41.4,14.8,87.6,78,77.8,80.6,80.4,94,96.5,24,66.5,94.9,94.8,97.4,96.6,98.8,36.1,77.4,77.3,97.6,97.7,79.9,0.9709,8.6629,16.7513,-3.653,-3.8462,-0.5247,-0.3168,-0.10780000000000001,-10.7549,67.7184,-0.4149,-3.4557,-30.6569,0.9524,39.5604,27.4725,27.4725,174.8447,-4.5783,-9.6774,1262.1212,-0.7212,-2.9891,0,13.6508,-22.7053,28.9474,9.1195,-1.9048,9.0689,10.8886,-0.1036,0.1058,-1.3815,-0.2153,-0.7487,35.3846,-2.4599,70.5357,-8.8964,-24.1071,-1.0341,13.2075,-18.75,20.7921,0.9524,26.9841,8.3601,149.6429,191.4286,-2.2556,10.5263,-1.4799,2.0124,9.9379,87.3563,-8.3242,78.6517,-17.0316,8.2569,-1.0101,33.9394,-6.7066,90.4762,4.9645,-0.1063,1.9007,2.5641,-0.1026,4.6,37.7,10.7,9.5,19.9,9.6,6.8,3.2,18.3,5.8,3.2,5.5,7.6,15.9,5.8,0.1,0.1,2.5,0.3,426.2784926154017
6.64,1,1093,9262,42.1,0.6,68.9,4,15.4,45.5,1,76.1,73.3,82.8,87.3,90.7,5.8,49.7,24.4,88,36.3,39,24.8,36.3,39,23.2,30.9,39,23.2,87.9,82.3,12.7,91,94,93.1,66.3,49.2,92.3,39.1,86.3,64.3,61.7,96.9,92.1,10.9,12.5,92.5,50.3,23.1,18,18,19,89.4,91.8,22.6,40.5,47.3,82.5,39.3,68.5,33,36.3,87.5,88.1,25.3,74.7,41.1,31.9,66.1,28.5,41.6,17.9,62.1,12.8,20.9,35.1,26.8,91.4,39.3,75.6,84.6,79.9,24.7,24.4,50.9,95.9,94.6,13.2,98.6,93.9,96.1,12.7,87.3,22.4,77.6,76.7,19.2,94.6,12.7,21,14.1,50.3,56.7,70.4,12,60.1,66.8,62.4,73.2,67.1,82.7,73.9,19.9,83.4,36.3,94.9,75.2,92.1,32.6,60.5,16.4,83.6,27.2,72.8,14,86,25.2,74.8,19.1,15.4,23.2,72.9,30.7,7.4,10.5,73.1,73.1,89.7,80.2,53.3,13.6,91.3,83.3,82.3,86.6,84.9,98.7,97.6,20.5,67,92.1,91.7,97.7,95.4,99.1,41.4,70.5,73.5,95.7,95.5,80.3,11.5385,-5.5133,16.1905,-1.676,-34.1969,-5.2083,-1.3641,1.7486,-8.7738,18.854,1.2539,-1.1803,-14.966,-5.6285,44.375,11.8012,11.8012,221.0117,7.0845,-14.9485,525,21.2389,4.2484,7.8313,-0.321,19.6262,3.4653,-13.5468,17.5439,23.5036,26.6244,0.209,1.3934,4.5599,4.102,4.0043,60.7595,-5.2117000000000004,42.6752,-7.9478,-7.2464,-2.4742,-11.1888,77.9661,-16.0714,-5.6285,7.1429,-5.3543,112.7389,152.4138,-21.6535,2.2535,-0.8359,6.3649,5.1613,36.6667,-5,27.6995,-7.4968,14.7541,-2.0501,25.3731,-6.383,315.2174,12.3967,0.5092,-0.9137,-15.2893,0.2051,3,23.3,11.1,23.9,18.2,12.2,5,2.1,5.1,18.2,1.3,6.1,2.7,20.2,1.4,0.2,0,0.6,0,1.4977941012393674
0.5,0,1180,6645,90.1,0.6,24.1,13.4,21.4,17,0.8,81.4,77.7,92.2,89.9,88.6,6.9,45.3,18.4,90.4,40.3,32.8,27,40.3,32.8,25.3,30.7,32.8,25.3,88.2,80.9,18.7,87.4,96,91.8,72,54.3,92.9,37.7,77.9,51,51,95.6,95,8.7,10.3,90.8,56.7,19.2,18,18,17.3,88.7,91.3,13.5,33.6,49.3,79.8,39.6,61,30.4,30.3,85.1,85.2,28.7,71.3,32,26.9,56,37.6,37.9,12.9,65.9,12.3,21.3,31.1,27.9,95.3,39.6,70.2,76.2,71.5,22.6,29.8,47.6,94.3,92.8,11.3,96.8,97.8,97.3,12.2,87.8,21.6,78.4,80.7,25.8,93,11.9,13.4,13,56.7,37.4,69.8,10.1,56.6,77.8,77.8,76.3,76.3,78,78,16.9,84.9,40.3,95,73,94.5,25.2,66,17.5,82.5,33.7,66.3,11.8,88.2,22.8,77.2,19,15.2,19.8,78.5,27.5,7.2,12.1,73.8,73.8,93,86,52.9,7.7,91.9,83,82.8,84.7,84.6,97.4,95.3,19.9,69.8,90.9,90.8,97.8,96.4,100,37.4,60.7,60.8,95.1,95.1,80.6,-11.5385,17.3575,-8,-0.3308,21.4286,-7.1201,0.3135,-0.2174,-20.1026,-1.354,0.3148,0.8493,-28.9655,7.5901,37.1429,9.0909,9.0909,197.7612,25.3165,-13.881,659.8214,1.2658,8.4677,-36.4532,12.0748,-19.0789,10.3627,-14.0884,33.4928,19.4357,24.3478,-1.9751,-0.8547,-0.1032,5.8442,2.529,0.8264,-0.1138,28.5714,-5.7692,10.2564,-3.6269,-20.6667,0,-12.7517,7.5901,6.3158,-6.2914,121.0227,146.9256,-33.2016,-3.3573,0.8493,-2.2758,-18.9711,54.8673,-6.9899,82.1622,-18.6503,-26.7081,5.1251,0.4405,-0.1294,272.549,2.6667,0.309,-1.9547,-3.8647,0.2049,2.1,25.6,29.9,19.8,22.3,23.9,1.7,7,1.3,10,1.7,15.5,7.2,24.8,0,0,0.1,1.5,0,7.044014232354951
3.05,1,6109,38346,22.5,3.7,74.8,13,15.5,20.2,0.6,77.2,67.3,81.9,96.4,73.7,12.8,37.5,31.4,86,44.5,25.6,30,44.5,25.6,28.7,33.6,25.6,28.7,85.2,85.1,10.6,87.8,93.7,85.7,81,48.2,98,45.6,88.6,63,62.7,92.4,90.7,9.5,11.3,90.3,53.2,24.7,15.5,15.5,17,88.6,93.6,19.6,40.8,58.2,88.7,38,70.1,37.1,44.7,90.2,90.3,27.4,72.6,37.4,32.4,49.1,22.4,38.4,18.7,69.5,7.4,18,34.1,31.1,94.2,38,86.2,91.4,87.6,31.7,13.8,54.6,93,90.6,9.8,97.9,95.4,96.7,11.2,88.8,20.6,79.4,90.5,31.9,92.7,20.1,7,19.3,53.2,44.5,70.8,14.6,67.9,62.6,63.1,66.8,67.3,68.2,68.8,20.9,82.9,44.5,89.9,70,98.5,38.5,73.7,17.3,82.7,29.8,70.2,17.7,82.3,25.1,74.9,12.7,10.6,29.7,74.5,27.6,11.9,9.8,79.3,79.3,82.6,77,52.8,13.8,94.8,85.8,85.7,87.5,87.4,95.4,96,25.7,63,94.5,94.8,93.7,95.9,100,50.2,70.2,70.2,98.1,98.1,86.1,0.7874,-1.0554,-0.6329,4.878,68.254,-6.9915,1.4069,4.5122,-8.7539,43.1818,1.7621,0.443,-27.5641,-1.2987,63.5762,0,0,185.209,63.7931,-13.7209,1027.5,-9.4431,-12.9032,-18.3406,8.9342,-44.3609,1.1236,18.8153,-0.9554,14.25,20.6612,-0.9585,5.4715,-0.2039,-3.3435,-1.7276,40,-3.4783,47.1429,-7.6744,-15.6085,-4.0373,45.6522,-54.5455,22.9299,-1.2987,-18.8889,-15.8612,80.4035,109.4044,36.6013,40.8228,-5.3684,1.3025,0.5222,60.1852,-7.287,81.7073,-16.0287,-5.3476,1.23,10.5727,-3.1048,-12.4138,-2.1277,3.8085,1.8028,-6.2044,-1.1603,3.8,25.3,12.6,20.1,20.8,21.3,8.3,2,4.6,14.7,3.4,5.7,4.7,14.1,0.4,0.1,0,2.6,0.5,40.601325687677345
1.5,0,3128,20660,22.7,10.6,69.6,9,12.6,23.5,0.3,67.4,67.1,77,82.3,89.5,10.4,57.7,23,84.4,31.5,34.3,34.1,31.5,34.3,31.5,25.6,34.3,31.5,82.3,68.5,17.5,94.8,94.4,92.7,78,47.7,95.3,38.6,86.3,69.1,69.4,96,89.4,9.6,9.5,94.1,63.6,25.4,11.6,11.6,13.3,94.7,98,10.1,27.3,62.1,88.5,39.6,75,33.6,33.2,89.9,90.2,18.3,81.7,41.3,35.7,65,27.2,45.8,20.6,71.6,16,14.7,34.7,30.9,92.7,39.6,81,90.2,88.6,36.5,19,44.5,96.4,94.6,11.5,92.8,92.7,92.8,8.8,91.2,19.1,80.9,76.8,17,95.7,12,11.7,12.2,63.6,52.9,79.3,16,67.4,69.9,70.3,71.4,71.7,73,73.2,13,81.4,31.5,93.2,65.9,96.5,35.4,75,16.3,83.7,31.8,68.2,11.8,88.2,22.1,77.9,16,14.1,19.5,67.5,24.7,8.1,10.5,77,77,87.9,80.3,41.4,14.8,87.6,78,77.8,80.6,80.4,94,96.5,24,66.5,94.9,94.8,97.4,96.6,98.8,36.1,77.4,77.3,97.6,97.7,79.9,0.9709,8.6629,16.7513,-3.653,-3.8462,-0.5247,-0.3168,-0.10780000000000001,-10.7549,67.7184,-0.4149,-3.4557,-30.6569,0.9524,39.5604,27.4725,27.4725,174.8447,-4.5783,-9.6774,1262.1212,-0.7212,-2.9891,0,13.6508,-22.7053,28.9474,9.1195,-1.9048,9.0689,10.8886,-0.1036,0.1058,-1.3815,-0.2153,-0.7487,35.3846,-2.4599,70.5357,-8.8964,-24.1071,-1.0341,13.2075,-18.75,20.7921,0.9524,26.9841,8.3601,149.6429,191.4286,-2.2556,10.5263,-1.4799,2.0124,9.9379,87.3563,-8.3242,78.6517,-17.0316,8.2569,-1.0101,33.9394,-6.7066,90.4762,4.9645,-0.1063,1.9007,2.5641,-0.1026,3.8,12.6,16.3,21.7,21.8,13.7,3.1,5.2,2.1,29.9,2.8,3.4,1.2,19.2,0.3,0.1,0,2.4,0.1,31.346627525526
7.13,0,7210,57023,23.4,1.2,79.3,5.7,18.9,28.5,1.1,67.4,67.1,77,82.3,89.5,10.4,57.7,23,84.4,31.5,34.3,34.1,31.5,34.3,31.5,25.6,34.3,31.5,82.3,68.5,17.5,94.8,94.4,92.7,78,47.7,95.3,38.6,86.3,69.1,69.4,96,89.4,9.6,9.5,94.1,63.6,25.4,11.6,11.6,13.3,94.7,98,10.1,27.3,62.1,88.5,39.6,75,33.6,33.2,89.9,90.2,18.3,81.7,41.3,35.7,65,27.2,45.8,20.6,71.6,16,14.7,34.7,30.9,92.7,39.6,81,90.2,88.6,36.5,19,44.5,96.4,94.6,11.5,92.8,92.7,92.8,8.8,91.2,19.1,80.9,76.8,17,95.7,12,11.7,12.2,63.6,52.9,79.3,16,67.4,69.9,70.3,71.4,71.7,73,73.2,13,81.4,31.5,93.2,65.9,96.5,35.4,75,16.3,83.7,31.8,68.2,11.8,88.2,22.1,77.9,16,14.1,19.5,67.5,24.7,8.1,10.5,77,77,87.9,80.3,41.4,14.8,87.6,78,77.8,80.6,80.4,94,96.5,24,66.5,94.9,94.8,97.4,96.6,98.8,36.1,77.4,77.3,97.6,97.7,79.9,0.9709,8.6629,16.7513,-3.653,-3.8462,-0.5247,-0.3168,-0.10780000000000001,-10.7549,67.7184,-0.4149,-3.4557,-30.6569,0.9524,39.5604,27.4725,27.4725,174.8447,-4.5783,-9.6774,1262.1212,-0.7212,-2.9891,0,13.6508,-22.7053,28.9474,9.1195,-1.9048,9.0689,10.8886,-0.1036,0.1058,-1.3815,-0.2153,-0.7487,35.3846,-2.4599,70.5357,-8.8964,-24.1071,-1.0341,13.2075,-18.75,20.7921,0.9524,26.9841,8.3601,149.6429,191.4286,-2.2556,10.5263,-1.4799,2.0124,9.9379,87.3563,-8.3242,78.6517,-17.0316,8.2569,-1.0101,33.9394,-6.7066,90.4762,4.9645,-0.1063,1.9007,2.5641,-0.1026,3.4,21.1,11.6,23.1,20.5,15.9,4.4,2.8,2.2,16.8,3.5,3.3,1.7,10.7,0.5,0.2,0.1,3.1,0.2,57.321090766706924
1.8,0,8463,52987,57,4.9,47.1,7.5,21.4,19.3,1.2,67.4,67.1,77,82.3,89.5,10.4,57.7,23,84.4,31.5,34.3,34.1,31.5,34.3,31.5,25.6,34.3,31.5,82.3,68.5,17.5,94.8,94.4,92.7,78,47.7,95.3,38.6,86.3,69.1,69.4,96,89.4,9.6,9.5,94.1,63.6,25.4,11.6,11.6,13.3,94.7,98,10.1,27.3,62.1,88.5,39.6,75,33.6,33.2,89.9,90.2,18.3,81.7,41.3,35.7,65,27.2,45.8,20.6,71.6,16,14.7,34.7,30.9,92.7,39.6,81,90.2,88.6,36.5,19,44.5,96.4,94.6,11.5,92.8,92.7,92.8,8.8,91.2,19.1,80.9,76.8,17,95.7,12,11.7,12.2,63.6,52.9,79.3,16,67.4,69.9,70.3,71.4,71.7,73,73.2,13,81.4,31.5,93.2,65.9,96.5,35.4,75,16.3,83.7,31.8,68.2,11.8,88.2,22.1,77.9,16,14.1,19.5,67.5,24.7,8.1,10.5,77,77,87.9,80.3,41.4,14.8,87.6,78,77.8,80.6,80.4,94,96.5,24,66.5,94.9,94.8,97.4,96.6,98.8,36.1,77.4,77.3,97.6,97.7,79.9,0.9709,8.6629,16.7513,-3.653,-3.8462,-0.5247,-0.3168,-0.10780000000000001,-10.7549,67.7184,-0.4149,-3.4557,-30.6569,0.9524,39.5604,27.4725,27.4725,174.8447,-4.5783,-9.6774,1262.1212,-0.7212,-2.9891,0,13.6508,-22.7053,28.9474,9.1195,-1.9048,9.0689,10.8886,-0.1036,0.1058,-1.3815,-0.2153,-0.7487,35.3846,-2.4599,70.5357,-8.8964,-24.1071,-1.0341,13.2075,-18.75,20.7921,0.9524,26.9841,8.3601,149.6429,191.4286,-2.2556,10.5263,-1.4799,2.0124,9.9379,87.3563,-8.3242,78.6517,-17.0316,8.2569,-1.0101,33.9394,-6.7066,90.4762,4.9645,-0.1063,1.9007,2.5641,-0.1026,2.4,21.9,19.7,15.2,23.1,16.1,5.7,5.8,3.6,25.3,7.9,4.5,8.2,14.6,0.7,0.2,0,2.9,0.1,97.30581411541695
4.71,0,2608,14746,11.2,1.2,83.5,6.2,15.5,24,0.8,77.2,67.3,81.9,96.4,73.7,12.8,37.5,31.4,86,44.5,25.6,30,44.5,25.6,28.7,33.6,25.6,28.7,85.2,85.1,10.6,87.8,93.7,85.7,81,48.2,98,45.6,88.6,63,62.7,92.4,90.7,9.5,11.3,90.3,53.2,24.7,15.5,15.5,17,88.6,93.6,19.6,40.8,58.2,88.7,38,70.1,37.1,44.7,90.2,90.3,27.4,72.6,37.4,32.4,49.1,22.4,38.4,18.7,69.5,7.4,18,34.1,31.1,94.2,38,86.2,91.4,87.6,31.7,13.8,54.6,93,90.6,9.8,97.9,95.4,96.7,11.2,88.8,20.6,79.4,90.5,31.9,92.7,20.1,7,19.3,53.2,44.5,70.8,14.6,67.9,62.6,63.1,66.8,67.3,68.2,68.8,20.9,82.9,44.5,89.9,70,98.5,38.5,73.7,17.3,82.7,29.8,70.2,17.7,82.3,25.1,74.9,12.7,10.6,29.7,74.5,27.6,11.9,9.8,79.3,79.3,82.6,77,52.8,13.8,94.8,85.8,85.7,87.5,87.4,95.4,96,25.7,63,94.5,94.8,93.7,95.9,100,50.2,70.2,70.2,98.1,98.1,86.1,0.7874,-1.0554,-0.6329,4.878,68.254,-6.9915,1.4069,4.5122,-8.7539,43.1818,1.7621,0.443,-27.5641,-1.2987,63.5762,0,0,185.209,63.7931,-13.7209,1027.5,-9.4431,-12.9032,-18.3406,8.9342,-44.3609,1.1236,18.8153,-0.9554,14.25,20.6612,-0.9585,5.4715,-0.2039,-3.3435,-1.7276,40,-3.4783,47.1429,-7.6744,-15.6085,-4.0373,45.6522,-54.5455,22.9299,-1.2987,-18.8889,-15.8612,80.4035,109.4044,36.6013,40.8228,-5.3684,1.3025,0.5222,60.1852,-7.287,81.7073,-16.0287,-5.3476,1.23,10.5727,-3.1048,-12.4138,-2.1277,3.8085,1.8028,-6.2044,-1.1603,4.8,18.1,7.9,20.6,21.4,21.1,3.2,0.8,0.2,18,1.8,3.4,0.6,12.1,0.9,0,0.2,3.5,0.4,16.39588866403087
0.47,0,84131,433199,89.3,0.6,35.4,21.3,25.8,22.1,1.2,81.4,77.7,92.2,89.9,88.6,6.9,45.3,18.4,90.4,40.3,32.8,27,40.3,32.8,25.3,30.7,32.8,25.3,88.2,80.9,18.7,87.4,96,91.8,72,54.3,92.9,37.7,77.9,51,51,95.6,95,8.7,10.3,90.8,56.7,19.2,18,18,17.3,88.7,91.3,13.5,33.6,49.3,79.8,39.6,61,30.4,30.3,85.1,85.2,28.7,71.3,32,26.9,56,37.6,37.9,12.9,65.9,12.3,21.3,31.1,27.9,95.3,39.6,70.2,76.2,71.5,22.6,29.8,47.6,94.3,92.8,11.3,96.8,97.8,97.3,12.2,87.8,21.6,78.4,80.7,25.8,93,11.9,13.4,13,56.7,37.4,69.8,10.1,56.6,77.8,77.8,76.3,76.3,78,78,16.9,84.9,40.3,95,73,94.5,25.2,66,17.5,82.5,33.7,66.3,11.8,88.2,22.8,77.2,19,15.2,19.8,78.5,27.5,7.2,12.1,73.8,73.8,93,86,52.9,7.7,91.9,83,82.8,84.7,84.6,97.4,95.3,19.9,69.8,90.9,90.8,97.8,96.4,100,37.4,60.7,60.8,95.1,95.1,80.6,-11.5385,17.3575,-8,-0.3308,21.4286,-7.1201,0.3135,-0.2174,-20.1026,-1.354,0.3148,0.8493,-28.9655,7.5901,37.1429,9.0909,9.0909,197.7612,25.3165,-13.881,659.8214,1.2658,8.4677,-36.4532,12.0748,-19.0789,10.3627,-14.0884,33.4928,19.4357,24.3478,-1.9751,-0.8547,-0.1032,5.8442,2.529,0.8264,-0.1138,28.5714,-5.7692,10.2564,-3.6269,-20.6667,0,-12.7517,7.5901,6.3158,-6.2914,121.0227,146.9256,-33.2016,-3.3573,0.8493,-2.2758,-18.9711,54.8673,-6.9899,82.1622,-18.6503,-26.7081,5.1251,0.4405,-0.1294,272.549,2.6667,0.309,-1.9547,-3.8647,0.2049,5.7,27.9,29.1,13.7,29.5,12.2,12.3,15.4,10.4,10.8,9.9,6.8,0.8,26.2,0.7,0.1,0,0.4,0.1,485.80356240807475
1.69,0,2245,12881,27.4,15.6,59.1,13.7,19.5,22.2,1.3,75.9,69.7,82,89.3,73.8,12.4,44.2,31.4,85.1,38.5,36.1,25.4,38.5,36.1,24.1,27.6,36.1,24.1,77.4,72,9.8,92,88.8,82.7,74.9,38.9,95.4,53.2,83.3,60.5,61.4,93,89.6,9,17.3,91.1,44.8,24.9,19.9,19.9,12.6,91,94.4,17.5,29,64.2,85.2,37.6,67.8,44.9,48.8,87.2,87.2,21,79,25.4,17.9,43.2,25.1,53.1,23.5,61.5,17.9,13.7,30.9,30.2,97.1,37.6,82.8,83.5,77,31.8,17.2,51,90.1,87.2,17,94.6,95.3,94.9,10.8,89.2,19.8,80.2,84,28.6,94.6,25.6,14.8,14.4,44.8,56.4,71.9,15.3,64.8,69.8,69.8,71,71,72.3,72.3,21.6,81.5,38.5,91.9,74.6,99.2,38.9,67.9,16,84,29.3,70.7,11.3,88.7,21.8,78.2,14.7,11,23.8,64.3,23.9,14.2,10.9,73.1,73.1,82.4,78.9,46.8,12.9,95.3,77.2,77.4,80.8,81,93.1,93.5,27.6,55.1,87.4,87.4,93.1,94,97,47.8,73,72.3,92.8,92.8,72.4,40.9091,16.0105,23.1373,-1.8454,-9.2593,2.3359,-3.792,-9.8146,-12.5,35.3468,-1.8987,-0.4444,-23.4513,-17.9487,55.625,60.4839,60.4839,160.5505,14.6341,-0.4435,1017.9487,-37.284,-46.0843,-34.903,23.494,17.7632,-17.9641,-9.1176,9.4203,6.6411,6.5007,-6.048,-6.3373,-2.9744,1.9251,-0.7322,10.2041,-1.1086,55.9055,-8.1329,-1.7182,-1.9689,52.381,7.2464,50,-17.9487,10.8696,-2.4096,101.7341,124.6835,2.8571,18.4615,-3.2632,17.4803,6.5753,35.5932,-4.7619,78.6585,-15.4306,-28.481,5.3444,-0.4566,0.128,157.8947,31.6327,-1.3771,0.1071,23.2143,-4.7083,5.4,24.6,12.8,18.2,26.4,17.4,9.3,3.4,1.8,14.6,5.2,5,0.5,18.6,0.7,0,0,4.6,0.1,65.77063139052144
1.12,0,1526,7490,65.6,1.2,40.8,18.2,22.2,18.6,0.7,69.4,67.2,78.8,91.4,89.2,6,41.7,23,80.5,46.8,31.5,21.7,46.8,31.5,20.9,34,31.5,20.9,83.8,74.3,17.2,92.9,93.2,88,86.5,49,89.7,39,87.6,59.6,59.3,94.9,86.3,10.2,13.6,91.8,53.3,16.9,16,16,16.8,91.5,92.7,16,35.4,66.2,85.5,36.5,65.7,40.7,34.1,89.7,89.9,24.8,75.2,33.6,28.5,53.1,33.3,27.5,24.4,66.5,11.1,20.2,35,29.2,96.1,36.5,76.3,85.4,81.6,25.9,23.7,50.3,95.1,91.7,6.6,97.8,93.7,95.9,11.1,88.9,19,81,78.4,18.9,96.5,17.1,16.8,9.9,53.3,51.9,74.9,21.1,53.6,57.3,57.1,63.9,63.7,61.5,61.2,20,90.5,46.8,95.8,78.3,93.1,32.5,72.7,11.2,88.8,31.4,68.6,13.1,86.9,27.6,72.4,11.6,11.3,21.7,68.1,28,12.2,14.3,73.7,73.7,80.8,75.1,40.5,7.2,93.2,84,83.9,90.1,90,97.4,91.9,27,59.4,92.6,92.5,94.9,97.5,99.7,44.4,67.2,67.6,96.9,96.9,76,-40.5941,2.2059,5.0228,-10.8527,25.5474,-2.5184,-1.8947,-5.3763,-10.4294,28.7257,-0.8359,-7.8975,-27.2727,-2.2018,39.6694,75.8242,75.8242,251.8519,22.8956,-4.2353,980.7229,-1.4663,8.7786,-13.4752,18.5383,-35.0877,31.1688,-13.3663,39.7129,10.3359,11.9342,-1.5528,-2.5505,2.8391,-1.5756,0.7353,54.1667,-4.2026,58.3333,-7.9545,-43.2432,-1.5306,1.7857,63.1068,-40.3614,-2.2018,113.1313,-18.417,117.8707,157.6613,12.9944,44,0.9484,15.3166,7.6159,30.2326,-2.8446,110.7383,-19.389,24.7619,-2.905,60.4651,-12.5604,190,-10,3.7274,0.2181,12.9707,-3.8501,3.6,20,24.8,16.4,29,8.2,6.6,8.8,5,16.5,3.9,3.2,1.1,18.2,0.7,0.5,0,1.4,0,8.373916783713913
1.28,0,8027,53809,23.9,12.8,65.1,14.5,19.9,18.9,0.6,75.9,69.7,82,89.3,73.8,12.4,44.2,31.4,85.1,38.5,36.1,25.4,38.5,36.1,24.1,27.6,36.1,24.1,77.4,72,9.8,92,88.8,82.7,74.9,38.9,95.4,53.2,83.3,60.5,61.4,93,89.6,9,17.3,91.1,44.8,24.9,19.9,19.9,12.6,91,94.4,17.5,29,64.2,85.2,37.6,67.8,44.9,48.8,87.2,87.2,21,79,25.4,17.9,43.2,25.1,53.1,23.5,61.5,17.9,13.7,30.9,30.2,97.1,37.6,82.8,83.5,77,31.8,17.2,51,90.1,87.2,17,94.6,95.3,94.9,10.8,89.2,19.8,80.2,84,28.6,94.6,25.6,14.8,14.4,44.8,56.4,71.9,15.3,64.8,69.8,69.8,71,71,72.3,72.3,21.6,81.5,38.5,91.9,74.6,99.2,38.9,67.9,16,84,29.3,70.7,11.3,88.7,21.8,78.2,14.7,11,23.8,64.3,23.9,14.2,10.9,73.1,73.1,82.4,78.9,46.8,12.9,95.3,77.2,77.4,80.8,81,93.1,93.5,27.6,55.1,87.4,87.4,93.1,94,97,47.8,73,72.3,92.8,92.8,72.4,40.9091,16.0105,23.1373,-1.8454,-9.2593,2.3359,-3.792,-9.8146,-12.5,35.3468,-1.8987,-0.4444,-23.4513,-17.9487,55.625,60.4839,60.4839,160.5505,14.6341,-0.4435,1017.9487,-37.284,-46.0843,-34.903,23.494,17.7632,-17.9641,-9.1176,9.4203,6.6411,6.5007,-6.048,-6.3373,-2.9744,1.9251,-0.7322,10.2041,-1.1086,55.9055,-8.1329,-1.7182,-1.9689,52.381,7.2464,50,-17.9487,10.8696,-2.4096,101.7341,124.6835,2.8571,18.4615,-3.2632,17.4803,6.5753,35.5932,-4.7619,78.6585,-15.4306,-28.481,5.3444,-0.4566,0.128,157.8947,31.6327,-1.3771,0.1071,23.2143,-4.7083,5.8,22.2,21.1,17.7,25.4,12.6,9,4.6,2.1,19.9,4.6,6.1,6.8,19.8,0.5,0.1,0.1,2.9,0.1,51.10287406955442
4.9,0,1767,10752,7.1,1,89.8,5.5,17.6,22.4,1.6,77.2,67.3,81.9,96.4,73.7,12.8,37.5,31.4,86,44.5,25.6,30,44.5,25.6,28.7,33.6,25.6,28.7,85.2,85.1,10.6,87.8,93.7,85.7,81,48.2,98,45.6,88.6,63,62.7,92.4,90.7,9.5,11.3,90.3,53.2,24.7,15.5,15.5,17,88.6,93.6,19.6,40.8,58.2,88.7,38,70.1,37.1,44.7,90.2,90.3,27.4,72.6,37.4,32.4,49.1,22.4,38.4,18.7,69.5,7.4,18,34.1,31.1,94.2,38,86.2,91.4,87.6,31.7,13.8,54.6,93,90.6,9.8,97.9,95.4,96.7,11.2,88.8,20.6,79.4,90.5,31.9,92.7,20.1,7,19.3,53.2,44.5,70.8,14.6,67.9,62.6,63.1,66.8,67.3,68.2,68.8,20.9,82.9,44.5,89.9,70,98.5,38.5,73.7,17.3,82.7,29.8,70.2,17.7,82.3,25.1,74.9,12.7,10.6,29.7,74.5,27.6,11.9,9.8,79.3,79.3,82.6,77,52.8,13.8,94.8,85.8,85.7,87.5,87.4,95.4,96,25.7,63,94.5,94.8,93.7,95.9,100,50.2,70.2,70.2,98.1,98.1,86.1,0.7874,-1.0554,-0.6329,4.878,68.254,-6.9915,1.4069,4.5122,-8.7539,43.1818,1.7621,0.443,-27.5641,-1.2987,63.5762,0,0,185.209,63.7931,-13.7209,1027.5,-9.4431,-12.9032,-18.3406,8.9342,-44.3609,1.1236,18.8153,-0.9554,14.25,20.6612,-0.9585,5.4715,-0.2039,-3.3435,-1.7276,40,-3.4783,47.1429,-7.6744,-15.6085,-4.0373,45.6522,-54.5455,22.9299,-1.2987,-18.8889,-15.8612,80.4035,109.4044,36.6013,40.8228,-5.3684,1.3025,0.5222,60.1852,-7.287,81.7073,-16.0287,-5.3476,1.23,10.5727,-3.1048,-12.4138,-2.1277,3.8085,1.8028,-6.2044,-1.1603,1.8,14.3,7.1,22.3,20.2,20.5,4.3,0.7,0.3,14.6,2.1,3.3,0.8,16.5,0.9,1.2,0,2.8,0,9.875471304815266
4.55,14,666,2596,60.2,4.9,42.7,23.2,27.2,8.2,1.1,69.4,67.2,78.8,91.4,89.2,6,41.7,23,80.5,46.8,31.5,21.7,46.8,31.5,20.9,34,31.5,20.9,83.8,74.3,17.2,92.9,93.2,88,86.5,49,89.7,39,87.6,59.6,59.3,94.9,86.3,10.2,13.6,91.8,53.3,16.9,16,16,16.8,91.5,92.7,16,35.4,66.2,85.5,36.5,65.7,40.7,34.1,89.7,89.9,24.8,75.2,33.6,28.5,53.1,33.3,27.5,24.4,66.5,11.1,20.2,35,29.2,96.1,36.5,76.3,85.4,81.6,25.9,23.7,50.3,95.1,91.7,6.6,97.8,93.7,95.9,11.1,88.9,19,81,78.4,18.9,96.5,17.1,16.8,9.9,53.3,51.9,74.9,21.1,53.6,57.3,57.1,63.9,63.7,61.5,61.2,20,90.5,46.8,95.8,78.3,93.1,32.5,72.7,11.2,88.8,31.4,68.6,13.1,86.9,27.6,72.4,11.6,11.3,21.7,68.1,28,12.2,14.3,73.7,73.7,80.8,75.1,40.5,7.2,93.2,84,83.9,90.1,90,97.4,91.9,27,59.4,92.6,92.5,94.9,97.5,99.7,44.4,67.2,67.6,96.9,96.9,76,-40.5941,2.2059,5.0228,-10.8527,25.5474,-2.5184,-1.8947,-5.3763,-10.4294,28.7257,-0.8359,-7.8975,-27.2727,-2.2018,39.6694,75.8242,75.8242,251.8519,22.8956,-4.2353,980.7229,-1.4663,8.7786,-13.4752,18.5383,-35.0877,31.1688,-13.3663,39.7129,10.3359,11.9342,-1.5528,-2.5505,2.8391,-1.5756,0.7353,54.1667,-4.2026,58.3333,-7.9545,-43.2432,-1.5306,1.7857,63.1068,-40.3614,-2.2018,113.1313,-18.417,117.8707,157.6613,12.9944,44,0.9484,15.3166,7.6159,30.2326,-2.8446,110.7383,-19.389,24.7619,-2.905,60.4651,-12.5604,190,-10,3.7274,0.2181,12.9707,-3.8501,7.1,15.8,30.6,16.8,26.9,18.2,4.4,10.6,1,11.7,4.5,6,6.2,23.1,0,0,0,0.8,0.1,3.3493233043881654
3.06,0,501,3505,21.1,1.3,84.3,17.8,11.2,23,0.3,79.3,77.4,84.7,87.5,63.3,5.3,50.5,22.2,85.9,39.8,38.5,21.7,39.8,38.5,19.7,33.9,38.5,19.7,86.9,73.6,21,89.4,96.4,93,75.2,56.5,91,39.6,82,57.8,57.8,98.1,93.2,12.1,20,90.8,47.7,17.1,11.3,11.3,14,91,97.9,15.5,32.9,70.4,55.3,45.8,64.9,50.3,29.1,91.8,91.8,26.3,73.7,24.5,20.9,45.6,34.2,23.5,30.5,60.1,15.8,18.9,30.4,27.5,92.5,45.8,73.6,85.3,82.8,25.2,26.4,48.4,95.4,94.1,7.2,93.1,94.9,94.1,9.8,90.2,16.3,83.7,83.6,28.1,95.1,16.7,12.7,22,47.7,37.8,75.9,15.1,51.8,62.4,62.4,64.7,64.7,57,57,16.8,81.5,39.8,96.3,78.3,94.1,25.2,38.5,12,88,21.8,78.2,15.2,84.8,21.6,78.4,12.8,11.6,18.7,74.5,28.7,4.3,7,76.6,76.6,88.9,86.8,56.8,14.6,94.8,86.5,86.5,89.2,89.2,96.8,86.2,30.2,49.8,98.8,98.8,96.6,96.6,99.3,39.6,62.4,62.4,92.8,92.8,72.2,-61.5942,10.0218,-7.113,-1.2644,7.6923,-5.4968,5.3552,1.5284,-13.5021,-8.5443,1.9751,0.431,-6.1033,4.8352,-12.7551,11.8812,11.8812,153.6697,37.5375,11.7778,3300,-2.3904,-14.6939,-2.2436,14.4762,1.9355,41.0448,-19.7889,15.5462,14.3432,17.1146,-0.5214,0.5342,-0.2144,13.9256,5.6117,-25.7576,3.9171,2.5157,-0.4756,17.0833,-3.4518,-16.0804,-23.0303,40.1274,4.8352,11.0294,-13.2328,42.7918,72.9947,-4,-13.1004,4.902,4.9598,-11.8881,-16.0839,2.6838,-2.2422,0.6435,0,0,-5.2632,1.5544,4.918,25.8621,4.086,-5.586,27.9661,-0.3096,3,23.1,14,27.2,21.6,19.2,5,1.6,0,19.6,0.7,3.6,3.1,21.2,0.2,0.1,0,1.8,0,3.844694220610929
3.65,0,1218,8188,16.6,4.6,77.7,15,21.3,16.8,0.4,77.2,67.3,81.9,96.4,73.7,12.8,37.5,31.4,86,44.5,25.6,30,44.5,25.6,28.7,33.6,25.6,28.7,85.2,85.1,10.6,87.8,93.7,85.7,81,48.2,98,45.6,88.6,63,62.7,92.4,90.7,9.5,11.3,90.3,53.2,24.7,15.5,15.5,17,88.6,93.6,19.6,40.8,58.2,88.7,38,70.1,37.1,44.7,90.2,90.3,27.4,72.6,37.4,32.4,49.1,22.4,38.4,18.7,69.5,7.4,18,34.1,31.1,94.2,38,86.2,91.4,87.6,31.7,13.8,54.6,93,90.6,9.8,97.9,95.4,96.7,11.2,88.8,20.6,79.4,90.5,31.9,92.7,20.1,7,19.3,53.2,44.5,70.8,14.6,67.9,62.6,63.1,66.8,67.3,68.2,68.8,20.9,82.9,44.5,89.9,70,98.5,38.5,73.7,17.3,82.7,29.8,70.2,17.7,82.3,25.1,74.9,12.7,10.6,29.7,74.5,27.6,11.9,9.8,79.3,79.3,82.6,77,52.8,13.8,94.8,85.8,85.7,87.5,87.4,95.4,96,25.7,63,94.5,94.8,93.7,95.9,100,50.2,70.2,70.2,98.1,98.1,86.1,0.7874,-1.0554,-0.6329,4.878,68.254,-6.9915,1.4069,4.5122,-8.7539,43.1818,1.7621,0.443,-27.5641,-1.2987,63.5762,0,0,185.209,63.7931,-13.7209,1027.5,-9.4431,-12.9032,-18.3406,8.9342,-44.3609,1.1236,18.8153,-0.9554,14.25,20.6612,-0.9585,5.4715,-0.2039,-3.3435,-1.7276,40,-3.4783,47.1429,-7.6744,-15.6085,-4.0373,45.6522,-54.5455,22.9299,-1.2987,-18.8889,-15.8612,80.4035,109.4044,36.6013,40.8228,-5.3684,1.3025,0.5222,60.1852,-7.287,81.7073,-16.0287,-5.3476,1.23,10.5727,-3.1048,-12.4138,-2.1277,3.8085,1.8028,-6.2044,-1.1603,6.3,15.7,11.8,25.5,21.7,21,3.9,2.2,2,14.3,0.8,6.8,0.8,16.7,1.2,0.3,0,1.4,0,6.48341922722325
4.25,1,250590,1272999,16.1,11,53.5,4.7,9.5,56.2,1.7,73.9,69.9,85.9,87,88.5,11,52.2,20.9,85,34,36.2,29.8,34,36.2,28.1,28.2,36.2,28.1,85.2,76,15.7,93.5,94.4,91.1,76.2,49,95.6,39.1,86,62.6,62.6,96.1,90.8,7,7.3,93.7,62.2,21.9,12.3,12.3,14.2,92.3,97.5,12.2,29.6,61.2,85.5,41.3,70,29.3,35.2,90.7,90.9,20.1,79.9,38.5,33.1,63.5,26,49.9,15.8,75.2,16.2,15.9,36.1,27.6,94.2,41.3,79.7,86.3,83.1,33.9,20.3,45.8,96.6,94.2,12.8,93.2,95.2,94.2,8.9,91.1,17.4,82.6,82.1,23.6,96,10.3,13.1,12.9,62.2,53.6,77,15.3,62.7,73.7,73.6,77.7,77.2,79.5,78.8,16.6,84.6,34,91.8,70.2,97.1,33.5,73.2,16,84,30.6,69.4,12.1,87.9,21.2,78.8,15.4,13.4,17.9,72.4,27.7,6.3,10.3,76.8,76.8,87.7,80.9,43.1,10.1,90.2,87.2,87.2,88.4,88.5,95.7,98,22,70.7,94.6,94.5,95.9,95.7,99.2,37.3,70.7,70.8,97,96.9,81.7,-5.9829,0.578,2.9557,-5.1339,-1.2579,-1.7857,0.4255,-1.1931,-11.7043,67.8284,-0.8256,-2.2605,-50,5.2453,48.9796,18.2692,18.2692,173.1629,9.5491,-20.1635,1033.75,-10.2564,-15.5612,-44.3662,25.1248,-1.2195,10.4167,12.8125,-15.0769,10.9254,12.6016,0.2075,-0.2119,-3.0177,2.9189,-0.2119,56.1404,-3.3934,72.2772,-8.1201,12.9187,-0.8264,-20.7692,-7.0922,8.4034,5.2453,37.8378,-2.3364,161.3475,246.875,-1.7751,10.0324,-1.5021,2.9326,10.1974,77.7778,-7.6923,97.4194,-17.8698,16.3462,-1.8973,32.5,-6.1905,73.0337,-3.8095,2.2436,1.1352,0,-0.6218,4.2,22.2,5.6,11.2,25.2,7.5,5.3,3.7,20.8,1.6,2.9,2.9,0.6,4.3,16.9,0.2,0,3.7,0.6,1513.1915568738755
10.68,0,534,2607,32.6,4.4,57.3,21.4,22.1,25.6,1.3,69.4,67.2,78.8,91.4,89.2,6,41.7,23,80.5,46.8,31.5,21.7,46.8,31.5,20.9,34,31.5,20.9,83.8,74.3,17.2,92.9,93.2,88,86.5,49,89.7,39,87.6,59.6,59.3,94.9,86.3,10.2,13.6,91.8,53.3,16.9,16,16,16.8,91.5,92.7,16,35.4,66.2,85.5,36.5,65.7,40.7,34.1,89.7,89.9,24.8,75.2,33.6,28.5,53.1,33.3,27.5,24.4,66.5,11.1,20.2,35,29.2,96.1,36.5,76.3,85.4,81.6,25.9,23.7,50.3,95.1,91.7,6.6,97.8,93.7,95.9,11.1,88.9,19,81,78.4,18.9,96.5,17.1,16.8,9.9,53.3,51.9,74.9,21.1,53.6,57.3,57.1,63.9,63.7,61.5,61.2,20,90.5,46.8,95.8,78.3,93.1,32.5,72.7,11.2,88.8,31.4,68.6,13.1,86.9,27.6,72.4,11.6,11.3,21.7,68.1,28,12.2,14.3,73.7,73.7,80.8,75.1,40.5,7.2,93.2,84,83.9,90.1,90,97.4,91.9,27,59.4,92.6,92.5,94.9,97.5,99.7,44.4,67.2,67.6,96.9,96.9,76,-40.5941,2.2059,5.0228,-10.8527,25.5474,-2.5184,-1.8947,-5.3763,-10.4294,28.7257,-0.8359,-7.8975,-27.2727,-2.2018,39.6694,75.8242,75.8242,251.8519,22.8956,-4.2353,980.7229,-1.4663,8.7786,-13.4752,18.5383,-35.0877,31.1688,-13.3663,39.7129,10.3359,11.9342,-1.5528,-2.5505,2.8391,-1.5756,0.7353,54.1667,-4.2026,58.3333,-7.9545,-43.2432,-1.5306,1.7857,63.1068,-40.3614,-2.2018,113.1313,-18.417,117.8707,157.6613,12.9944,44,0.9484,15.3166,7.6159,30.2326,-2.8446,110.7383,-19.389,24.7619,-2.905,60.4651,-12.5604,190,-10,3.7274,0.2181,12.9707,-3.8501,2.8,16.6,22.2,20.4,29.5,15.7,16.3,2.8,2.1,6.7,5,4,2.5,20.1,0,0.3,0.8,2,0,2.83850845216487
1.29,0,3697,21543,30.5,10.3,59.7,5.5,12.6,22.9,0.3,77.3,69.8,85,87.1,89.2,9.6,47.9,16.7,86,36.8,30.6,32.5,36.8,30.6,29.3,31.8,30.6,29.3,84.2,73.1,17,94.4,93.4,94.5,74,54.7,91.1,35.5,87.8,58.2,57.9,97.1,93.2,6,11.2,95.2,58.4,17.6,11.8,11.8,14.8,92.6,96.3,11.9,27.9,48.8,84,48.8,63.9,32.5,33.5,90.6,90.7,18.2,81.8,36.2,32.3,52.4,22,49.8,23.3,65.6,17.3,14,37.2,27.3,92.9,48.8,71.2,82.3,78.4,29.8,28.8,41.4,97.2,95.6,11.1,95.5,89.4,92.5,8.9,91.1,14.8,85.2,75.9,19.5,97.4,12.8,15.5,12.6,58.4,44.2,74.4,14.6,65.7,75.2,74.6,81.1,81,84.4,84.3,17.3,87.8,36.8,92.5,67.5,96.5,30.4,69.6,13.3,86.7,28.4,71.6,11,89,20.8,79.2,18.3,16,23.5,64.9,29.6,5.6,13,72.2,72.2,90.5,83.1,48.8,8,91,85.5,85.3,89.2,89.1,96.4,97.9,21.3,67.5,94.7,94.6,98.2,97.4,99.7,37.9,65.9,66.2,97,97,74.3,18.5185,7.1588,-15.6566,-5.2863,14.094,0.2123,-1.7876,3.2787,-8.8266,40.9201,0.7261,-1.7914,-13.1783,-1.6835,36.4341,14.5631,14.5631,178.1457,31.5364,1.8809,991.5663,1.1173,1.5723,3.0973,9.8827,-11.7347,-11.3924,7.8261,9.6386,13.5172,15.9763,1.3556,1.3786,-0.209,-6.0924,-3.1414,67.9245,-3.8015,54.1667,-5.7522,-17.0213,-0.5107,7.563,-1.2739,13.5135,-1.6835,48.9796,-2.2321,225.5411,309.596,-3.8889,8.2353,-2.734,-1.1713,0.9967,46.1538,-4.6205,65.1163,-13.5266,17.0213,-1.766,24.5509,-4.922,177.2727,-1.2346,0.2079,1.1364,12.1053,2.1852,5.7,14.9,15.6,22.3,23.3,14.2,2.6,2.8,2.5,19.7,5,5.6,1.7,21.6,0.3,0.1,0,1.5,0.2,22.433829994130345
4.92,0,40047,207603,28.4,2.7,71.1,4.3,10.5,43.3,1.8,71.4,69.4,80.3,86.7,94.1,7.8,52.6,26.8,82.4,36.4,34.9,28.7,36.4,34.9,26.7,30.5,34.9,26.7,80.4,78.1,17.7,92.5,94.9,92.4,84.1,47.6,93.9,44.4,84.6,64.3,64.3,96.5,88.4,8.8,7.6,92.9,61.7,27.4,14.9,14.9,16,90.5,94.5,14.3,33.2,59.1,83.8,40.9,73.1,31.3,35.2,90.6,90.7,22.9,77.1,38,32.9,58.7,22.3,50.7,15.6,75.5,16.5,18.3,33.9,26.7,93.7,40.9,79.8,88.4,85.5,33.6,20.2,46.1,96.3,94.6,11.2,92.3,89.7,91,10.9,89.1,22.1,77.9,76.9,20,95.9,11.9,11.7,12.9,61.7,49,77.1,17.8,71.1,65.2,65.5,70.7,71.2,73.7,74.3,18.6,83.6,36.4,94.2,71.3,96.1,31.6,65.6,18.2,81.8,34.6,65.4,14.8,85.2,25.2,74.8,19.3,16.2,21.7,67,31.1,4.8,9.4,76.9,76.9,87.9,80.1,48.4,16.9,89.3,77.3,76.8,80.8,80.4,96.5,96.6,23.5,68.8,95.1,95.1,97,96.4,99.4,38.8,73.9,74.1,96.4,96.3,80.6,-18.75,-3.3088,30.0971,-5.9361,-5.3476,-2.9381,-0.1053,0.2169,-13.0524,70.1058,0.4162,-4.1215,-47.9452,-0.9631,74.5223,2.7586,2.7586,189.9654,16.1932,-16.0858,1141.0959,-2.0619,-3.2353,-21.608,24.1776,-4.6243,34.5588,-14.1772,8.0972,16.7768,20.7627,0.8377,1.0684,-2.017,-1.3201,-1.7279,67.6923,-4.7059,100.9091,-12.4719,-15.2542,-0.1042,3.4783,0.8621,6.6116,-0.9631,41.2698,8.7156,123.2877,208.7336,1.6393,10.303,0.2128,-0.2797,5.3333,109.1954,-10.4053,101.1628,-21.0145,37.037,-4.4843,48.2353,-9.8795,42.963,26.1194,0.9414,0.7299,3.5242,-0.6148,3.7,21.4,6.4,18.3,22.2,14.4,4.1,1.8,11,8.3,1.8,2.5,0.7,5.8,1.1,0.1,0,2.7,0.6,371.032472927498
2.3,0,2274,14524,29.5,0.4,69.7,12.4,20.7,21.4,0.4,77.2,67.3,81.9,96.4,73.7,12.8,37.5,31.4,86,44.5,25.6,30,44.5,25.6,28.7,33.6,25.6,28.7,85.2,85.1,10.6,87.8,93.7,85.7,81,48.2,98,45.6,88.6,63,62.7,92.4,90.7,9.5,11.3,90.3,53.2,24.7,15.5,15.5,17,88.6,93.6,19.6,40.8,58.2,88.7,38,70.1,37.1,44.7,90.2,90.3,27.4,72.6,37.4,32.4,49.1,22.4,38.4,18.7,69.5,7.4,18,34.1,31.1,94.2,38,86.2,91.4,87.6,31.7,13.8,54.6,93,90.6,9.8,97.9,95.4,96.7,11.2,88.8,20.6,79.4,90.5,31.9,92.7,20.1,7,19.3,53.2,44.5,70.8,14.6,67.9,62.6,63.1,66.8,67.3,68.2,68.8,20.9,82.9,44.5,89.9,70,98.5,38.5,73.7,17.3,82.7,29.8,70.2,17.7,82.3,25.1,74.9,12.7,10.6,29.7,74.5,27.6,11.9,9.8,79.3,79.3,82.6,77,52.8,13.8,94.8,85.8,85.7,87.5,87.4,95.4,96,25.7,63,94.5,94.8,93.7,95.9,100,50.2,70.2,70.2,98.1,98.1,86.1,0.7874,-1.0554,-0.6329,4.878,68.254,-6.9915,1.4069,4.5122,-8.7539,43.1818,1.7621,0.443,-27.5641,-1.2987,63.5762,0,0,185.209,63.7931,-13.7209,1027.5,-9.4431,-12.9032,-18.3406,8.9342,-44.3609,1.1236,18.8153,-0.9554,14.25,20.6612,-0.9585,5.4715,-0.2039,-3.3435,-1.7276,40,-3.4783,47.1429,-7.6744,-15.6085,-4.0373,45.6522,-54.5455,22.9299,-1.2987,-18.8889,-15.8612,80.4035,109.4044,36.6013,40.8228,-5.3684,1.3025,0.5222,60.1852,-7.287,81.7073,-16.0287,-5.3476,1.23,10.5727,-3.1048,-12.4138,-2.1277,3.8085,1.8028,-6.2044,-1.1603,7.3,18.9,15.4,23.5,22.6,19.1,2.6,3.7,0.8,14.5,2.6,4.3,1.4,17.2,0.5,0.3,0,2.6,0.1,15.488094547916024
2.54,0,521,3322,31.9,4.7,67.5,10.6,17.4,14.1,0.6,79.3,77.4,84.7,87.5,63.3,5.3,50.5,22.2,85.9,39.8,38.5,21.7,39.8,38.5,19.7,33.9,38.5,19.7,86.9,73.6,21,89.4,96.4,93,75.2,56.5,91,39.6,82,57.8,57.8,98.1,93.2,12.1,20,90.8,47.7,17.1,11.3,11.3,14,91,97.9,15.5,32.9,70.4,55.3,45.8,64.9,50.3,29.1,91.8,91.8,26.3,73.7,24.5,20.9,45.6,34.2,23.5,30.5,60.1,15.8,18.9,30.4,27.5,92.5,45.8,73.6,85.3,82.8,25.2,26.4,48.4,95.4,94.1,7.2,93.1,94.9,94.1,9.8,90.2,16.3,83.7,83.6,28.1,95.1,16.7,12.7,22,47.7,37.8,75.9,15.1,51.8,62.4,62.4,64.7,64.7,57,57,16.8,81.5,39.8,96.3,78.3,94.1,25.2,38.5,12,88,21.8,78.2,15.2,84.8,21.6,78.4,12.8,11.6,18.7,74.5,28.7,4.3,7,76.6,76.6,88.9,86.8,56.8,14.6,94.8,86.5,86.5,89.2,89.2,96.8,86.2,30.2,49.8,98.8,98.8,96.6,96.6,99.3,39.6,62.4,62.4,92.8,92.8,72.2,-61.5942,10.0218,-7.113,-1.2644,7.6923,-5.4968,5.3552,1.5284,-13.5021,-8.5443,1.9751,0.431,-6.1033,4.8352,-12.7551,11.8812,11.8812,153.6697,37.5375,11.7778,3300,-2.3904,-14.6939,-2.2436,14.4762,1.9355,41.0448,-19.7889,15.5462,14.3432,17.1146,-0.5214,0.5342,-0.2144,13.9256,5.6117,-25.7576,3.9171,2.5157,-0.4756,17.0833,-3.4518,-16.0804,-23.0303,40.1274,4.8352,11.0294,-13.2328,42.7918,72.9947,-4,-13.1004,4.902,4.9598,-11.8881,-16.0839,2.6838,-2.2422,0.6435,0,0,-5.2632,1.5544,4.918,25.8621,4.086,-5.586,27.9661,-0.3096,2.3,15.2,25.1,24.5,18.3,21.6,7.3,14.6,0.8,22.2,1.7,4.3,25.3,15.1,0.9,0.1,0,1.8,0.2,3.3768580959285286
3.57,0,6824,44986,20.9,3.2,77.2,9.8,16.1,23.7,1.5,73.9,69.9,85.9,87,88.5,11,52.2,20.9,85,34,36.2,29.8,34,36.2,28.1,28.2,36.2,28.1,85.2,76,15.7,93.5,94.4,91.1,76.2,49,95.6,39.1,86,62.6,62.6,96.1,90.8,7,7.3,93.7,62.2,21.9,12.3,12.3,14.2,92.3,97.5,12.2,29.6,61.2,85.5,41.3,70,29.3,35.2,90.7,90.9,20.1,79.9,38.5,33.1,63.5,26,49.9,15.8,75.2,16.2,15.9,36.1,27.6,94.2,41.3,79.7,86.3,83.1,33.9,20.3,45.8,96.6,94.2,12.8,93.2,95.2,94.2,8.9,91.1,17.4,82.6,82.1,23.6,96,10.3,13.1,12.9,62.2,53.6,77,15.3,62.7,73.7,73.6,77.7,77.2,79.5,78.8,16.6,84.6,34,91.8,70.2,97.1,33.5,73.2,16,84,30.6,69.4,12.1,87.9,21.2,78.8,15.4,13.4,17.9,72.4,27.7,6.3,10.3,76.8,76.8,87.7,80.9,43.1,10.1,90.2,87.2,87.2,88.4,88.5,95.7,98,22,70.7,94.6,94.5,95.9,95.7,99.2,37.3,70.7,70.8,97,96.9,81.7,-5.9829,0.578,2.9557,-5.1339,-1.2579,-1.7857,0.4255,-1.1931,-11.7043,67.8284,-0.8256,-2.2605,-50,5.2453,48.9796,18.2692,18.2692,173.1629,9.5491,-20.1635,1033.75,-10.2564,-15.5612,-44.3662,25.1248,-1.2195,10.4167,12.8125,-15.0769,10.9254,12.6016,0.2075,-0.2119,-3.0177,2.9189,-0.2119,56.1404,-3.3934,72.2772,-8.1201,12.9187,-0.8264,-20.7692,-7.0922,8.4034,5.2453,37.8378,-2.3364,161.3475,246.875,-1.7751,10.0324,-1.5021,2.9326,10.1974,77.7778,-7.6923,97.4194,-17.8698,16.3462,-1.8973,32.5,-6.1905,73.0337,-3.8095,2.2436,1.1352,0,-0.6218,3.9,21.9,11.2,18.9,23.1,13.7,6.9,3.6,4.1,11.2,3.7,4.8,1.5,20.9,0.9,0.5,0,3,0.1,51.422796855941726
2.6,0,11201,87186,20.7,14.3,58.6,7.5,10.6,19.3,5.7,67.4,67.1,77,82.3,89.5,10.4,57.7,23,84.4,31.5,34.3,34.1,31.5,34.3,31.5,25.6,34.3,31.5,82.3,68.5,17.5,94.8,94.4,92.7,78,47.7,95.3,38.6,86.3,69.1,69.4,96,89.4,9.6,9.5,94.1,63.6,25.4,11.6,11.6,13.3,94.7,98,10.1,27.3,62.1,88.5,39.6,75,33.6,33.2,89.9,90.2,18.3,81.7,41.3,35.7,65,27.2,45.8,20.6,71.6,16,14.7,34.7,30.9,92.7,39.6,81,90.2,88.6,36.5,19,44.5,96.4,94.6,11.5,92.8,92.7,92.8,8.8,91.2,19.1,80.9,76.8,17,95.7,12,11.7,12.2,63.6,52.9,79.3,16,67.4,69.9,70.3,71.4,71.7,73,73.2,13,81.4,31.5,93.2,65.9,96.5,35.4,75,16.3,83.7,31.8,68.2,11.8,88.2,22.1,77.9,16,14.1,19.5,67.5,24.7,8.1,10.5,77,77,87.9,80.3,41.4,14.8,87.6,78,77.8,80.6,80.4,94,96.5,24,66.5,94.9,94.8,97.4,96.6,98.8,36.1,77.4,77.3,97.6,97.7,79.9,0.9709,8.6629,16.7513,-3.653,-3.8462,-0.5247,-0.3168,-0.10780000000000001,-10.7549,67.7184,-0.4149,-3.4557,-30.6569,0.9524,39.5604,27.4725,27.4725,174.8447,-4.5783,-9.6774,1262.1212,-0.7212,-2.9891,0,13.6508,-22.7053,28.9474,9.1195,-1.9048,9.0689,10.8886,-0.1036,0.1058,-1.3815,-0.2153,-0.7487,35.3846,-2.4599,70.5357,-8.8964,-24.1071,-1.0341,13.2075,-18.75,20.7921,0.9524,26.9841,8.3601,149.6429,191.4286,-2.2556,10.5263,-1.4799,2.0124,9.9379,87.3563,-8.3242,78.6517,-17.0316,8.2569,-1.0101,33.9394,-6.7066,90.4762,4.9645,-0.1063,1.9007,2.5641,-0.1026,7.1,26.6,10,10.7,22.6,19.4,7.3,1.4,4.4,6.4,3.1,4.2,19.2,11.9,2.1,0.2,0.8,8.4,0.3,82.8569991635829
2.65,0,156,1220,42,2.3,50.7,18.6,11.2,21.1,0.4,77.2,67.3,81.9,96.4,73.7,12.8,37.5,31.4,86,44.5,25.6,30,44.5,25.6,28.7,33.6,25.6,28.7,85.2,85.1,10.6,87.8,93.7,85.7,81,48.2,98,45.6,88.6,63,62.7,92.4,90.7,9.5,11.3,90.3,53.2,24.7,15.5,15.5,17,88.6,93.6,19.6,40.8,58.2,88.7,38,70.1,37.1,44.7,90.2,90.3,27.4,72.6,37.4,32.4,49.1,22.4,38.4,18.7,69.5,7.4,18,34.1,31.1,94.2,38,86.2,91.4,87.6,31.7,13.8,54.6,93,90.6,9.8,97.9,95.4,96.7,11.2,88.8,20.6,79.4,90.5,31.9,92.7,20.1,7,19.3,53.2,44.5,70.8,14.6,67.9,62.6,63.1,66.8,67.3,68.2,68.8,20.9,82.9,44.5,89.9,70,98.5,38.5,73.7,17.3,82.7,29.8,70.2,17.7,82.3,25.1,74.9,12.7,10.6,29.7,74.5,27.6,11.9,9.8,79.3,79.3,82.6,77,52.8,13.8,94.8,85.8,85.7,87.5,87.4,95.4,96,25.7,63,94.5,94.8,93.7,95.9,100,50.2,70.2,70.2,98.1,98.1,86.1,0.7874,-1.0554,-0.6329,4.878,68.254,-6.9915,1.4069,4.5122,-8.7539,43.1818,1.7621,0.443,-27.5641,-1.2987,63.5762,0,0,185.209,63.7931,-13.7209,1027.5,-9.4431,-12.9032,-18.3406,8.9342,-44.3609,1.1236,18.8153,-0.9554,14.25,20.6612,-0.9585,5.4715,-0.2039,-3.3435,-1.7276,40,-3.4783,47.1429,-7.6744,-15.6085,-4.0373,45.6522,-54.5455,22.9299,-1.2987,-18.8889,-15.8612,80.4035,109.4044,36.6013,40.8228,-5.3684,1.3025,0.5222,60.1852,-7.287,81.7073,-16.0287,-5.3476,1.23,10.5727,-3.1048,-12.4138,-2.1277,3.8085,1.8028,-6.2044,-1.1603,4.1,17.9,18.1,21.9,25.6,27.8,6.4,0,0.7,2.7,2.9,7.9,0,31.9,0,0,0,9,0.9,1.3547079293707749
0.43,0,1233,4743,68.9,3.1,40.1,7.5,18.6,12.6,1,79.3,77.4,84.7,87.5,63.3,5.3,50.5,22.2,85.9,39.8,38.5,21.7,39.8,38.5,19.7,33.9,38.5,19.7,86.9,73.6,21,89.4,96.4,93,75.2,56.5,91,39.6,82,57.8,57.8,98.1,93.2,12.1,20,90.8,47.7,17.1,11.3,11.3,14,91,97.9,15.5,32.9,70.4,55.3,45.8,64.9,50.3,29.1,91.8,91.8,26.3,73.7,24.5,20.9,45.6,34.2,23.5,30.5,60.1,15.8,18.9,30.4,27.5,92.5,45.8,73.6,85.3,82.8,25.2,26.4,48.4,95.4,94.1,7.2,93.1,94.9,94.1,9.8,90.2,16.3,83.7,83.6,28.1,95.1,16.7,12.7,22,47.7,37.8,75.9,15.1,51.8,62.4,62.4,64.7,64.7,57,57,16.8,81.5,39.8,96.3,78.3,94.1,25.2,38.5,12,88,21.8,78.2,15.2,84.8,21.6,78.4,12.8,11.6,18.7,74.5,28.7,4.3,7,76.6,76.6,88.9,86.8,56.8,14.6,94.8,86.5,86.5,89.2,89.2,96.8,86.2,30.2,49.8,98.8,98.8,96.6,96.6,99.3,39.6,62.4,62.4,92.8,92.8,72.2,-61.5942,10.0218,-7.113,-1.2644,7.6923,-5.4968,5.3552,1.5284,-13.5021,-8.5443,1.9751,0.431,-6.1033,4.8352,-12.7551,11.8812,11.8812,153.6697,37.5375,11.7778,3300,-2.3904,-14.6939,-2.2436,14.4762,1.9355,41.0448,-19.7889,15.5462,14.3432,17.1146,-0.5214,0.5342,-0.2144,13.9256,5.6117,-25.7576,3.9171,2.5157,-0.4756,17.0833,-3.4518,-16.0804,-23.0303,40.1274,4.8352,11.0294,-13.2328,42.7918,72.9947,-4,-13.1004,4.902,4.9598,-11.8881,-16.0839,2.6838,-2.2422,0.6435,0,0,-5.2632,1.5544,4.918,25.8621,4.086,-5.586,27.9661,-0.3096,3,11.6,25,14,25.8,5.7,4.7,10.7,0.9,23.3,3.8,9.5,2.6,25.6,2.5,0.2,0.1,0.8,0,6.041508735732827
0.67,0,621,2723,66.8,0.2,33,1.8,2.3,10.7,3.9,79.3,77.4,84.7,87.5,63.3,5.3,50.5,22.2,85.9,39.8,38.5,21.7,39.8,38.5,19.7,33.9,38.5,19.7,86.9,73.6,21,89.4,96.4,93,75.2,56.5,91,39.6,82,57.8,57.8,98.1,93.2,12.1,20,90.8,47.7,17.1,11.3,11.3,14,91,97.9,15.5,32.9,70.4,55.3,45.8,64.9,50.3,29.1,91.8,91.8,26.3,73.7,24.5,20.9,45.6,34.2,23.5,30.5,60.1,15.8,18.9,30.4,27.5,92.5,45.8,73.6,85.3,82.8,25.2,26.4,48.4,95.4,94.1,7.2,93.1,94.9,94.1,9.8,90.2,16.3,83.7,83.6,28.1,95.1,16.7,12.7,22,47.7,37.8,75.9,15.1,51.8,62.4,62.4,64.7,64.7,57,57,16.8,81.5,39.8,96.3,78.3,94.1,25.2,38.5,12,88,21.8,78.2,15.2,84.8,21.6,78.4,12.8,11.6,18.7,74.5,28.7,4.3,7,76.6,76.6,88.9,86.8,56.8,14.6,94.8,86.5,86.5,89.2,89.2,96.8,86.2,30.2,49.8,98.8,98.8,96.6,96.6,99.3,39.6,62.4,62.4,92.8,92.8,72.2,-61.5942,10.0218,-7.113,-1.2644,7.6923,-5.4968,5.3552,1.5284,-13.5021,-8.5443,1.9751,0.431,-6.1033,4.8352,-12.7551,11.8812,11.8812,153.6697,37.5375,11.7778,3300,-2.3904,-14.6939,-2.2436,14.4762,1.9355,41.0448,-19.7889,15.5462,14.3432,17.1146,-0.5214,0.5342,-0.2144,13.9256,5.6117,-25.7576,3.9171,2.5157,-0.4756,17.0833,-3.4518,-16.0804,-23.0303,40.1274,4.8352,11.0294,-13.2328,42.7918,72.9947,-4,-13.1004,4.902,4.9598,-11.8881,-16.0839,2.6838,-2.2422,0.6435,0,0,-5.2632,1.5544,4.918,25.8621,4.086,-5.586,27.9661,-0.3096,2,11,28.1,23.5,18,12.6,6.9,5.4,2.2,12.2,0,0,2.1,29.6,0,0,0,0.1,0,0.9699633487595282
0.52,0,381,2282,78,0.2,51.3,12.1,19.2,15.8,2.5,76.1,73.3,82.8,87.3,90.7,5.8,49.7,24.4,88,36.3,39,24.8,36.3,39,23.2,30.9,39,23.2,87.9,82.3,12.7,91,94,93.1,66.3,49.2,92.3,39.1,86.3,64.3,61.7,96.9,92.1,10.9,12.5,92.5,50.3,23.1,18,18,19,89.4,91.8,22.6,40.5,47.3,82.5,39.3,68.5,33,36.3,87.5,88.1,25.3,74.7,41.1,31.9,66.1,28.5,41.6,17.9,62.1,12.8,20.9,35.1,26.8,91.4,39.3,75.6,84.6,79.9,24.7,24.4,50.9,95.9,94.6,13.2,98.6,93.9,96.1,12.7,87.3,22.4,77.6,76.7,19.2,94.6,12.7,21,14.1,50.3,56.7,70.4,12,60.1,66.8,62.4,73.2,67.1,82.7,73.9,19.9,83.4,36.3,94.9,75.2,92.1,32.6,60.5,16.4,83.6,27.2,72.8,14,86,25.2,74.8,19.1,15.4,23.2,72.9,30.7,7.4,10.5,73.1,73.1,89.7,80.2,53.3,13.6,91.3,83.3,82.3,86.6,84.9,98.7,97.6,20.5,67,92.1,91.7,97.7,95.4,99.1,41.4,70.5,73.5,95.7,95.5,80.3,11.5385,-5.5133,16.1905,-1.676,-34.1969,-5.2083,-1.3641,1.7486,-8.7738,18.854,1.2539,-1.1803,-14.966,-5.6285,44.375,11.8012,11.8012,221.0117,7.0845,-14.9485,525,21.2389,4.2484,7.8313,-0.321,19.6262,3.4653,-13.5468,17.5439,23.5036,26.6244,0.209,1.3934,4.5599,4.102,4.0043,60.7595,-5.2117000000000004,42.6752,-7.9478,-7.2464,-2.4742,-11.1888,77.9661,-16.0714,-5.6285,7.1429,-5.3543,112.7389,152.4138,-21.6535,2.2535,-0.8359,6.3649,5.1613,36.6667,-5,27.6995,-7.4968,14.7541,-2.0501,25.3731,-6.383,315.2174,12.3967,0.5092,-0.9137,-15.2893,0.2051,10.1,9.5,23.6,21.7,15.2,23.9,4.5,6.4,1.9,22.8,0,10.7,1.9,40.5,1,6.1,0,0,0,0.5986115843208673
4.08,26,2117,11655,55.8,6.7,49.5,16.9,22.5,12.7,0.4,69.4,67.2,78.8,91.4,89.2,6,41.7,23,80.5,46.8,31.5,21.7,46.8,31.5,20.9,34,31.5,20.9,83.8,74.3,17.2,92.9,93.2,88,86.5,49,89.7,39,87.6,59.6,59.3,94.9,86.3,10.2,13.6,91.8,53.3,16.9,16,16,16.8,91.5,92.7,16,35.4,66.2,85.5,36.5,65.7,40.7,34.1,89.7,89.9,24.8,75.2,33.6,28.5,53.1,33.3,27.5,24.4,66.5,11.1,20.2,35,29.2,96.1,36.5,76.3,85.4,81.6,25.9,23.7,50.3,95.1,91.7,6.6,97.8,93.7,95.9,11.1,88.9,19,81,78.4,18.9,96.5,17.1,16.8,9.9,53.3,51.9,74.9,21.1,53.6,57.3,57.1,63.9,63.7,61.5,61.2,20,90.5,46.8,95.8,78.3,93.1,32.5,72.7,11.2,88.8,31.4,68.6,13.1,86.9,27.6,72.4,11.6,11.3,21.7,68.1,28,12.2,14.3,73.7,73.7,80.8,75.1,40.5,7.2,93.2,84,83.9,90.1,90,97.4,91.9,27,59.4,92.6,92.5,94.9,97.5,99.7,44.4,67.2,67.6,96.9,96.9,76,-40.5941,2.2059,5.0228,-10.8527,25.5474,-2.5184,-1.8947,-5.3763,-10.4294,28.7257,-0.8359,-7.8975,-27.2727,-2.2018,39.6694,75.8242,75.8242,251.8519,22.8956,-4.2353,980.7229,-1.4663,8.7786,-13.4752,18.5383,-35.0877,31.1688,-13.3663,39.7129,10.3359,11.9342,-1.5528,-2.5505,2.8391,-1.5756,0.7353,54.1667,-4.2026,58.3333,-7.9545,-43.2432,-1.5306,1.7857,63.1068,-40.3614,-2.2018,113.1313,-18.417,117.8707,157.6613,12.9944,44,0.9484,15.3166,7.6159,30.2326,-2.8446,110.7383,-19.389,24.7619,-2.905,60.4651,-12.5604,190,-10,3.7274,0.2181,12.9707,-3.8501,9.5,27.2,29.8,14.1,25.5,16.4,8.4,3.2,1.6,5.4,2.4,8.3,14.5,16.2,0.2,0.3,0,2,0,12.945605331605424
0.67,0,1044,5531,9.2,8.1,81.3,9.9,9.5,14.9,0.3,75.9,69.7,82,89.3,73.8,12.4,44.2,31.4,85.1,38.5,36.1,25.4,38.5,36.1,24.1,27.6,36.1,24.1,77.4,72,9.8,92,88.8,82.7,74.9,38.9,95.4,53.2,83.3,60.5,61.4,93,89.6,9,17.3,91.1,44.8,24.9,19.9,19.9,12.6,91,94.4,17.5,29,64.2,85.2,37.6,67.8,44.9,48.8,87.2,87.2,21,79,25.4,17.9,43.2,25.1,53.1,23.5,61.5,17.9,13.7,30.9,30.2,97.1,37.6,82.8,83.5,77,31.8,17.2,51,90.1,87.2,17,94.6,95.3,94.9,10.8,89.2,19.8,80.2,84,28.6,94.6,25.6,14.8,14.4,44.8,56.4,71.9,15.3,64.8,69.8,69.8,71,71,72.3,72.3,21.6,81.5,38.5,91.9,74.6,99.2,38.9,67.9,16,84,29.3,70.7,11.3,88.7,21.8,78.2,14.7,11,23.8,64.3,23.9,14.2,10.9,73.1,73.1,82.4,78.9,46.8,12.9,95.3,77.2,77.4,80.8,81,93.1,93.5,27.6,55.1,87.4,87.4,93.1,94,97,47.8,73,72.3,92.8,92.8,72.4,40.9091,16.0105,23.1373,-1.8454,-9.2593,2.3359,-3.792,-9.8146,-12.5,35.3468,-1.8987,-0.4444,-23.4513,-17.9487,55.625,60.4839,60.4839,160.5505,14.6341,-0.4435,1017.9487,-37.284,-46.0843,-34.903,23.494,17.7632,-17.9641,-9.1176,9.4203,6.6411,6.5007,-6.048,-6.3373,-2.9744,1.9251,-0.7322,10.2041,-1.1086,55.9055,-8.1329,-1.7182,-1.9689,52.381,7.2464,50,-17.9487,10.8696,-2.4096,101.7341,124.6835,2.8571,18.4615,-3.2632,17.4803,6.5753,35.5932,-4.7619,78.6585,-15.4306,-28.481,5.3444,-0.4566,0.128,157.8947,31.6327,-1.3771,0.1071,23.2143,-4.7083,6.4,22.6,10.8,20.3,22.7,17.2,3.5,0.5,0.4,7.1,2.3,3.3,1.2,21.4,0.4,0,0,3.1,0.4,21.535458226897408
1.49,0,280,1741,32.8,1.4,74.6,11.6,12,18,0.2,69.4,67.2,78.8,91.4,89.2,6,41.7,23,80.5,46.8,31.5,21.7,46.8,31.5,20.9,34,31.5,20.9,83.8,74.3,17.2,92.9,93.2,88,86.5,49,89.7,39,87.6,59.6,59.3,94.9,86.3,10.2,13.6,91.8,53.3,16.9,16,16,16.8,91.5,92.7,16,35.4,66.2,85.5,36.5,65.7,40.7,34.1,89.7,89.9,24.8,75.2,33.6,28.5,53.1,33.3,27.5,24.4,66.5,11.1,20.2,35,29.2,96.1,36.5,76.3,85.4,81.6,25.9,23.7,50.3,95.1,91.7,6.6,97.8,93.7,95.9,11.1,88.9,19,81,78.4,18.9,96.5,17.1,16.8,9.9,53.3,51.9,74.9,21.1,53.6,57.3,57.1,63.9,63.7,61.5,61.2,20,90.5,46.8,95.8,78.3,93.1,32.5,72.7,11.2,88.8,31.4,68.6,13.1,86.9,27.6,72.4,11.6,11.3,21.7,68.1,28,12.2,14.3,73.7,73.7,80.8,75.1,40.5,7.2,93.2,84,83.9,90.1,90,97.4,91.9,27,59.4,92.6,92.5,94.9,97.5,99.7,44.4,67.2,67.6,96.9,96.9,76,-40.5941,2.2059,5.0228,-10.8527,25.5474,-2.5184,-1.8947,-5.3763,-10.4294,28.7257,-0.8359,-7.8975,-27.2727,-2.2018,39.6694,75.8242,75.8242,251.8519,22.8956,-4.2353,980.7229,-1.4663,8.7786,-13.4752,18.5383,-35.0877,31.1688,-13.3663,39.7129,10.3359,11.9342,-1.5528,-2.5505,2.8391,-1.5756,0.7353,54.1667,-4.2026,58.3333,-7.9545,-43.2432,-1.5306,1.7857,63.1068,-40.3614,-2.2018,113.1313,-18.417,117.8707,157.6613,12.9944,44,0.9484,15.3166,7.6159,30.2326,-2.8446,110.7383,-19.389,24.7619,-2.905,60.4651,-12.5604,190,-10,3.7274,0.2181,12.9707,-3.8501,9.7,19.7,14.5,23.9,19.7,20.2,6.9,1.6,0,6.6,0.6,5.3,4.8,17.1,0.4,0,0.3,0.1,0,1.9307465899477751
4.21,0,496,3172,12.6,5.2,84.2,2.5,17.9,16.6,0,69.4,67.2,78.8,91.4,89.2,6,41.7,23,80.5,46.8,31.5,21.7,46.8,31.5,20.9,34,31.5,20.9,83.8,74.3,17.2,92.9,93.2,88,86.5,49,89.7,39,87.6,59.6,59.3,94.9,86.3,10.2,13.6,91.8,53.3,16.9,16,16,16.8,91.5,92.7,16,35.4,66.2,85.5,36.5,65.7,40.7,34.1,89.7,89.9,24.8,75.2,33.6,28.5,53.1,33.3,27.5,24.4,66.5,11.1,20.2,35,29.2,96.1,36.5,76.3,85.4,81.6,25.9,23.7,50.3,95.1,91.7,6.6,97.8,93.7,95.9,11.1,88.9,19,81,78.4,18.9,96.5,17.1,16.8,9.9,53.3,51.9,74.9,21.1,53.6,57.3,57.1,63.9,63.7,61.5,61.2,20,90.5,46.8,95.8,78.3,93.1,32.5,72.7,11.2,88.8,31.4,68.6,13.1,86.9,27.6,72.4,11.6,11.3,21.7,68.1,28,12.2,14.3,73.7,73.7,80.8,75.1,40.5,7.2,93.2,84,83.9,90.1,90,97.4,91.9,27,59.4,92.6,92.5,94.9,97.5,99.7,44.4,67.2,67.6,96.9,96.9,76,-40.5941,2.2059,5.0228,-10.8527,25.5474,-2.5184,-1.8947,-5.3763,-10.4294,28.7257,-0.8359,-7.8975,-27.2727,-2.2018,39.6694,75.8242,75.8242,251.8519,22.8956,-4.2353,980.7229,-1.4663,8.7786,-13.4752,18.5383,-35.0877,31.1688,-13.3663,39.7129,10.3359,11.9342,-1.5528,-2.5505,2.8391,-1.5756,0.7353,54.1667,-4.2026,58.3333,-7.9545,-43.2432,-1.5306,1.7857,63.1068,-40.3614,-2.2018,113.1313,-18.417,117.8707,157.6613,12.9944,44,0.9484,15.3166,7.6159,30.2326,-2.8446,110.7383,-19.389,24.7619,-2.905,60.4651,-12.5604,190,-10,3.7274,0.2181,12.9707,-3.8501,0,20.6,15.5,23.8,19.3,9.3,5.2,0.1,0.6,13.9,1.6,3.7,10.7,35.6,2.3,0.2,0,1.1,0,3.4216572995513244
0.57,0,2346,9963,81.6,0.7,55.4,17.9,22.2,6.8,0.1,81.4,77.7,92.2,89.9,88.6,6.9,45.3,18.4,90.4,40.3,32.8,27,40.3,32.8,25.3,30.7,32.8,25.3,88.2,80.9,18.7,87.4,96,91.8,72,54.3,92.9,37.7,77.9,51,51,95.6,95,8.7,10.3,90.8,56.7,19.2,18,18,17.3,88.7,91.3,13.5,33.6,49.3,79.8,39.6,61,30.4,30.3,85.1,85.2,28.7,71.3,32,26.9,56,37.6,37.9,12.9,65.9,12.3,21.3,31.1,27.9,95.3,39.6,70.2,76.2,71.5,22.6,29.8,47.6,94.3,92.8,11.3,96.8,97.8,97.3,12.2,87.8,21.6,78.4,80.7,25.8,93,11.9,13.4,13,56.7,37.4,69.8,10.1,56.6,77.8,77.8,76.3,76.3,78,78,16.9,84.9,40.3,95,73,94.5,25.2,66,17.5,82.5,33.7,66.3,11.8,88.2,22.8,77.2,19,15.2,19.8,78.5,27.5,7.2,12.1,73.8,73.8,93,86,52.9,7.7,91.9,83,82.8,84.7,84.6,97.4,95.3,19.9,69.8,90.9,90.8,97.8,96.4,100,37.4,60.7,60.8,95.1,95.1,80.6,-11.5385,17.3575,-8,-0.3308,21.4286,-7.1201,0.3135,-0.2174,-20.1026,-1.354,0.3148,0.8493,-28.9655,7.5901,37.1429,9.0909,9.0909,197.7612,25.3165,-13.881,659.8214,1.2658,8.4677,-36.4532,12.0748,-19.0789,10.3627,-14.0884,33.4928,19.4357,24.3478,-1.9751,-0.8547,-0.1032,5.8442,2.529,0.8264,-0.1138,28.5714,-5.7692,10.2564,-3.6269,-20.6667,0,-12.7517,7.5901,6.3158,-6.2914,121.0227,146.9256,-33.2016,-3.3573,0.8493,-2.2758,-18.9711,54.8673,-6.9899,82.1622,-18.6503,-26.7081,5.1251,0.4405,-0.1294,272.549,2.6667,0.309,-1.9547,-3.8647,0.2049,8.4,14,26.6,15.8,25.3,20.8,7.6,4.2,0.3,12.5,5.5,10.2,5.5,35.2,0,0,0,0.6,0,5.555132787306227
2.35,0,440,1421,43,2.1,74.4,27.5,19.2,26.1,0.2,71.4,69.4,80.3,86.7,94.1,7.8,52.6,26.8,82.4,36.4,34.9,28.7,36.4,34.9,26.7,30.5,34.9,26.7,80.4,78.1,17.7,92.5,94.9,92.4,84.1,47.6,93.9,44.4,84.6,64.3,64.3,96.5,88.4,8.8,7.6,92.9,61.7,27.4,14.9,14.9,16,90.5,94.5,14.3,33.2,59.1,83.8,40.9,73.1,31.3,35.2,90.6,90.7,22.9,77.1,38,32.9,58.7,22.3,50.7,15.6,75.5,16.5,18.3,33.9,26.7,93.7,40.9,79.8,88.4,85.5,33.6,20.2,46.1,96.3,94.6,11.2,92.3,89.7,91,10.9,89.1,22.1,77.9,76.9,20,95.9,11.9,11.7,12.9,61.7,49,77.1,17.8,71.1,65.2,65.5,70.7,71.2,73.7,74.3,18.6,83.6,36.4,94.2,71.3,96.1,31.6,65.6,18.2,81.8,34.6,65.4,14.8,85.2,25.2,74.8,19.3,16.2,21.7,67,31.1,4.8,9.4,76.9,76.9,87.9,80.1,48.4,16.9,89.3,77.3,76.8,80.8,80.4,96.5,96.6,23.5,68.8,95.1,95.1,97,96.4,99.4,38.8,73.9,74.1,96.4,96.3,80.6,-18.75,-3.3088,30.0971,-5.9361,-5.3476,-2.9381,-0.1053,0.2169,-13.0524,70.1058,0.4162,-4.1215,-47.9452,-0.9631,74.5223,2.7586,2.7586,189.9654,16.1932,-16.0858,1141.0959,-2.0619,-3.2353,-21.608,24.1776,-4.6243,34.5588,-14.1772,8.0972,16.7768,20.7627,0.8377,1.0684,-2.017,-1.3201,-1.7279,67.6923,-4.7059,100.9091,-12.4719,-15.2542,-0.1042,3.4783,0.8621,6.6116,-0.9631,41.2698,8.7156,123.2877,208.7336,1.6393,10.303,0.2128,-0.2797,5.3333,109.1954,-10.4053,101.1628,-21.0145,37.037,-4.4843,48.2353,-9.8795,42.963,26.1194,0.9414,0.7299,3.5242,-0.6148,0,23.8,25.6,22,19.6,14.3,6.5,4.9,0,21.6,0,3,2.5,41.8,0,0.1,0,0.1,0,0.6709567924862692
0.73,59,160313,235760,82.7,3.4,29.6,16.3,21.6,25.9,2.1,76.1,73.3,82.8,87.3,90.7,5.8,49.7,24.4,88,36.3,39,24.8,36.3,39,23.2,30.9,39,23.2,87.9,82.3,12.7,91,94,93.1,66.3,49.2,92.3,39.1,86.3,64.3,61.7,96.9,92.1,10.9,12.5,92.5,50.3,23.1,18,18,19,89.4,91.8,22.6,40.5,47.3,82.5,39.3,68.5,33,36.3,87.5,88.1,25.3,74.7,41.1,31.9,66.1,28.5,41.6,17.9,62.1,12.8,20.9,35.1,26.8,91.4,39.3,75.6,84.6,79.9,24.7,24.4,50.9,95.9,94.6,13.2,98.6,93.9,96.1,12.7,87.3,22.4,77.6,76.7,19.2,94.6,12.7,21,14.1,50.3,56.7,70.4,12,60.1,66.8,62.4,73.2,67.1,82.7,73.9,19.9,83.4,36.3,94.9,75.2,92.1,32.6,60.5,16.4,83.6,27.2,72.8,14,86,25.2,74.8,19.1,15.4,23.2,72.9,30.7,7.4,10.5,73.1,73.1,89.7,80.2,53.3,13.6,91.3,83.3,82.3,86.6,84.9,98.7,97.6,20.5,67,92.1,91.7,97.7,95.4,99.1,41.4,70.5,73.5,95.7,95.5,80.3,11.5385,-5.5133,16.1905,-1.676,-34.1969,-5.2083,-1.3641,1.7486,-8.7738,18.854,1.2539,-1.1803,-14.966,-5.6285,44.375,11.8012,11.8012,221.0117,7.0845,-14.9485,525,21.2389,4.2484,7.8313,-0.321,19.6262,3.4653,-13.5468,17.5439,23.5036,26.6244,0.209,1.3934,4.5599,4.102,4.0043,60.7595,-5.2117000000000004,42.6752,-7.9478,-7.2464,-2.4742,-11.1888,77.9661,-16.0714,-5.6285,7.1429,-5.3543,112.7389,152.4138,-21.6535,2.2535,-0.8359,6.3649,5.1613,36.6667,-5,27.6995,-7.4968,14.7541,-2.0501,25.3731,-6.383,315.2174,12.3967,0.5092,-0.9137,-15.2893,0.2051,6.8,31.4,20,12.5,26.5,13.9,9.7,13.1,10.5,5.7,5.2,6.5,1.6,13.5,1.1,0.3,0.1,1.3,0.2,232.6807583260519
3.71,0,45703,879329,28.2,14.5,59.6,5.3,15,30.1,0.9,73.9,69.9,85.9,87,88.5,11,52.2,20.9,85,34,36.2,29.8,34,36.2,28.1,28.2,36.2,28.1,85.2,76,15.7,93.5,94.4,91.1,76.2,49,95.6,39.1,86,62.6,62.6,96.1,90.8,7,7.3,93.7,62.2,21.9,12.3,12.3,14.2,92.3,97.5,12.2,29.6,61.2,85.5,41.3,70,29.3,35.2,90.7,90.9,20.1,79.9,38.5,33.1,63.5,26,49.9,15.8,75.2,16.2,15.9,36.1,27.6,94.2,41.3,79.7,86.3,83.1,33.9,20.3,45.8,96.6,94.2,12.8,93.2,95.2,94.2,8.9,91.1,17.4,82.6,82.1,23.6,96,10.3,13.1,12.9,62.2,53.6,77,15.3,62.7,73.7,73.6,77.7,77.2,79.5,78.8,16.6,84.6,34,91.8,70.2,97.1,33.5,73.2,16,84,30.6,69.4,12.1,87.9,21.2,78.8,15.4,13.4,17.9,72.4,27.7,6.3,10.3,76.8,76.8,87.7,80.9,43.1,10.1,90.2,87.2,87.2,88.4,88.5,95.7,98,22,70.7,94.6,94.5,95.9,95.7,99.2,37.3,70.7,70.8,97,96.9,81.7,-5.9829,0.578,2.9557,-5.1339,-1.2579,-1.7857,0.4255,-1.1931,-11.7043,67.8284,-0.8256,-2.2605,-50,5.2453,48.9796,18.2692,18.2692,173.1629,9.5491,-20.1635,1033.75,-10.2564,-15.5612,-44.3662,25.1248,-1.2195,10.4167,12.8125,-15.0769,10.9254,12.6016,0.2075,-0.2119,-3.0177,2.9189,-0.2119,56.1404,-3.3934,72.2772,-8.1201,12.9187,-0.8264,-20.7692,-7.0922,8.4034,5.2453,37.8378,-2.3364,161.3475,246.875,-1.7751,10.0324,-1.5021,2.9326,10.1974,77.7778,-7.6923,97.4194,-17.8698,16.3462,-1.8973,32.5,-6.1905,73.0337,-3.8095,2.2436,1.1352,0,-0.6218,3.9,21.9,11.7,12.9,26.3,12,7.8,3.2,6.4,7.9,3.4,2.9,0.9,8.5,0.7,0.2,0,2.6,0.3,939.7036002435597
3.74,1,13913,43427,22.3,1.9,79.3,10.1,15.2,32.1,1.3,73.9,69.9,85.9,87,88.5,11,52.2,20.9,85,34,36.2,29.8,34,36.2,28.1,28.2,36.2,28.1,85.2,76,15.7,93.5,94.4,91.1,76.2,49,95.6,39.1,86,62.6,62.6,96.1,90.8,7,7.3,93.7,62.2,21.9,12.3,12.3,14.2,92.3,97.5,12.2,29.6,61.2,85.5,41.3,70,29.3,35.2,90.7,90.9,20.1,79.9,38.5,33.1,63.5,26,49.9,15.8,75.2,16.2,15.9,36.1,27.6,94.2,41.3,79.7,86.3,83.1,33.9,20.3,45.8,96.6,94.2,12.8,93.2,95.2,94.2,8.9,91.1,17.4,82.6,82.1,23.6,96,10.3,13.1,12.9,62.2,53.6,77,15.3,62.7,73.7,73.6,77.7,77.2,79.5,78.8,16.6,84.6,34,91.8,70.2,97.1,33.5,73.2,16,84,30.6,69.4,12.1,87.9,21.2,78.8,15.4,13.4,17.9,72.4,27.7,6.3,10.3,76.8,76.8,87.7,80.9,43.1,10.1,90.2,87.2,87.2,88.4,88.5,95.7,98,22,70.7,94.6,94.5,95.9,95.7,99.2,37.3,70.7,70.8,97,96.9,81.7,-5.9829,0.578,2.9557,-5.1339,-1.2579,-1.7857,0.4255,-1.1931,-11.7043,67.8284,-0.8256,-2.2605,-50,5.2453,48.9796,18.2692,18.2692,173.1629,9.5491,-20.1635,1033.75,-10.2564,-15.5612,-44.3662,25.1248,-1.2195,10.4167,12.8125,-15.0769,10.9254,12.6016,0.2075,-0.2119,-3.0177,2.9189,-0.2119,56.1404,-3.3934,72.2772,-8.1201,12.9187,-0.8264,-20.7692,-7.0922,8.4034,5.2453,37.8378,-2.3364,161.3475,246.875,-1.7751,10.0324,-1.5021,2.9326,10.1974,77.7778,-7.6923,97.4194,-17.8698,16.3462,-1.8973,32.5,-6.1905,73.0337,-3.8095,2.2436,1.1352,0,-0.6218,5.6,30.1,12.9,14.2,20.6,12.9,4.7,3.5,8.5,14.3,3.1,4.1,6.3,12.3,0.9,0.4,0.2,2.1,0.1,40.092204161634484
1.19,0,2358,17855,25,18.7,57.9,9.3,16.9,19.5,0.7,67.4,67.1,77,82.3,89.5,10.4,57.7,23,84.4,31.5,34.3,34.1,31.5,34.3,31.5,25.6,34.3,31.5,82.3,68.5,17.5,94.8,94.4,92.7,78,47.7,95.3,38.6,86.3,69.1,69.4,96,89.4,9.6,9.5,94.1,63.6,25.4,11.6,11.6,13.3,94.7,98,10.1,27.3,62.1,88.5,39.6,75,33.6,33.2,89.9,90.2,18.3,81.7,41.3,35.7,65,27.2,45.8,20.6,71.6,16,14.7,34.7,30.9,92.7,39.6,81,90.2,88.6,36.5,19,44.5,96.4,94.6,11.5,92.8,92.7,92.8,8.8,91.2,19.1,80.9,76.8,17,95.7,12,11.7,12.2,63.6,52.9,79.3,16,67.4,69.9,70.3,71.4,71.7,73,73.2,13,81.4,31.5,93.2,65.9,96.5,35.4,75,16.3,83.7,31.8,68.2,11.8,88.2,22.1,77.9,16,14.1,19.5,67.5,24.7,8.1,10.5,77,77,87.9,80.3,41.4,14.8,87.6,78,77.8,80.6,80.4,94,96.5,24,66.5,94.9,94.8,97.4,96.6,98.8,36.1,77.4,77.3,97.6,97.7,79.9,0.9709,8.6629,16.7513,-3.653,-3.8462,-0.5247,-0.3168,-0.10780000000000001,-10.7549,67.7184,-0.4149,-3.4557,-30.6569,0.9524,39.5604,27.4725,27.4725,174.8447,-4.5783,-9.6774,1262.1212,-0.7212,-2.9891,0,13.6508,-22.7053,28.9474,9.1195,-1.9048,9.0689,10.8886,-0.1036,0.1058,-1.3815,-0.2153,-0.7487,35.3846,-2.4599,70.5357,-8.8964,-24.1071,-1.0341,13.2075,-18.75,20.7921,0.9524,26.9841,8.3601,149.6429,191.4286,-2.2556,10.5263,-1.4799,2.0124,9.9379,87.3563,-8.3242,78.6517,-17.0316,8.2569,-1.0101,33.9394,-6.7066,90.4762,4.9645,-0.1063,1.9007,2.5641,-0.1026,7.4,25.7,17.5,18.7,21,18.7,4.1,1.6,3.4,11.4,6.9,8.9,11.1,26.3,1.6,0.1,0,3.8,0,23.324784515212738
4.12,4,5523,39397,13.1,5.9,81.2,9.1,14.3,19.5,0.7,73.9,69.9,85.9,87,88.5,11,52.2,20.9,85,34,36.2,29.8,34,36.2,28.1,28.2,36.2,28.1,85.2,76,15.7,93.5,94.4,91.1,76.2,49,95.6,39.1,86,62.6,62.6,96.1,90.8,7,7.3,93.7,62.2,21.9,12.3,12.3,14.2,92.3,97.5,12.2,29.6,61.2,85.5,41.3,70,29.3,35.2,90.7,90.9,20.1,79.9,38.5,33.1,63.5,26,49.9,15.8,75.2,16.2,15.9,36.1,27.6,94.2,41.3,79.7,86.3,83.1,33.9,20.3,45.8,96.6,94.2,12.8,93.2,95.2,94.2,8.9,91.1,17.4,82.6,82.1,23.6,96,10.3,13.1,12.9,62.2,53.6,77,15.3,62.7,73.7,73.6,77.7,77.2,79.5,78.8,16.6,84.6,34,91.8,70.2,97.1,33.5,73.2,16,84,30.6,69.4,12.1,87.9,21.2,78.8,15.4,13.4,17.9,72.4,27.7,6.3,10.3,76.8,76.8,87.7,80.9,43.1,10.1,90.2,87.2,87.2,88.4,88.5,95.7,98,22,70.7,94.6,94.5,95.9,95.7,99.2,37.3,70.7,70.8,97,96.9,81.7,-5.9829,0.578,2.9557,-5.1339,-1.2579,-1.7857,0.4255,-1.1931,-11.7043,67.8284,-0.8256,-2.2605,-50,5.2453,48.9796,18.2692,18.2692,173.1629,9.5491,-20.1635,1033.75,-10.2564,-15.5612,-44.3662,25.1248,-1.2195,10.4167,12.8125,-15.0769,10.9254,12.6016,0.2075,-0.2119,-3.0177,2.9189,-0.2119,56.1404,-3.3934,72.2772,-8.1201,12.9187,-0.8264,-20.7692,-7.0922,8.4034,5.2453,37.8378,-2.3364,161.3475,246.875,-1.7751,10.0324,-1.5021,2.9326,10.1974,77.7778,-7.6923,97.4194,-17.8698,16.3462,-1.8973,32.5,-6.1905,73.0337,-3.8095,2.2436,1.1352,0,-0.6218,4.7,21,14.3,18.1,21.2,15.2,4.5,1.7,1.9,14,3.1,3.2,8.6,19.7,0.4,0.4,0.1,3.4,0.1,44.22483775630178
2.05,0,3755,25486,22.1,5.8,76,5.3,9.9,27.5,0.6,67.4,67.1,77,82.3,89.5,10.4,57.7,23,84.4,31.5,34.3,34.1,31.5,34.3,31.5,25.6,34.3,31.5,82.3,68.5,17.5,94.8,94.4,92.7,78,47.7,95.3,38.6,86.3,69.1,69.4,96,89.4,9.6,9.5,94.1,63.6,25.4,11.6,11.6,13.3,94.7,98,10.1,27.3,62.1,88.5,39.6,75,33.6,33.2,89.9,90.2,18.3,81.7,41.3,35.7,65,27.2,45.8,20.6,71.6,16,14.7,34.7,30.9,92.7,39.6,81,90.2,88.6,36.5,19,44.5,96.4,94.6,11.5,92.8,92.7,92.8,8.8,91.2,19.1,80.9,76.8,17,95.7,12,11.7,12.2,63.6,52.9,79.3,16,67.4,69.9,70.3,71.4,71.7,73,73.2,13,81.4,31.5,93.2,65.9,96.5,35.4,75,16.3,83.7,31.8,68.2,11.8,88.2,22.1,77.9,16,14.1,19.5,67.5,24.7,8.1,10.5,77,77,87.9,80.3,41.4,14.8,87.6,78,77.8,80.6,80.4,94,96.5,24,66.5,94.9,94.8,97.4,96.6,98.8,36.1,77.4,77.3,97.6,97.7,79.9,0.9709,8.6629,16.7513,-3.653,-3.8462,-0.5247,-0.3168,-0.10780000000000001,-10.7549,67.7184,-0.4149,-3.4557,-30.6569,0.9524,39.5604,27.4725,27.4725,174.8447,-4.5783,-9.6774,1262.1212,-0.7212,-2.9891,0,13.6508,-22.7053,28.9474,9.1195,-1.9048,9.0689,10.8886,-0.1036,0.1058,-1.3815,-0.2153,-0.7487,35.3846,-2.4599,70.5357,-8.8964,-24.1071,-1.0341,13.2075,-18.75,20.7921,0.9524,26.9841,8.3601,149.6429,191.4286,-2.2556,10.5263,-1.4799,2.0124,9.9379,87.3563,-8.3242,78.6517,-17.0316,8.2569,-1.0101,33.9394,-6.7066,90.4762,4.9645,-0.1063,1.9007,2.5641,-0.1026,3.5,20.7,10.1,26.1,20,15.6,3.6,2,4.4,14.4,2,4.8,2,26.9,0.3,0.1,0,1.7,0.1,26.82925279169967
2.23,0,570,3736,28,3.4,75.6,12.3,11.7,17.1,0.7,77.2,67.3,81.9,96.4,73.7,12.8,37.5,31.4,86,44.5,25.6,30,44.5,25.6,28.7,33.6,25.6,28.7,85.2,85.1,10.6,87.8,93.7,85.7,81,48.2,98,45.6,88.6,63,62.7,92.4,90.7,9.5,11.3,90.3,53.2,24.7,15.5,15.5,17,88.6,93.6,19.6,40.8,58.2,88.7,38,70.1,37.1,44.7,90.2,90.3,27.4,72.6,37.4,32.4,49.1,22.4,38.4,18.7,69.5,7.4,18,34.1,31.1,94.2,38,86.2,91.4,87.6,31.7,13.8,54.6,93,90.6,9.8,97.9,95.4,96.7,11.2,88.8,20.6,79.4,90.5,31.9,92.7,20.1,7,19.3,53.2,44.5,70.8,14.6,67.9,62.6,63.1,66.8,67.3,68.2,68.8,20.9,82.9,44.5,89.9,70,98.5,38.5,73.7,17.3,82.7,29.8,70.2,17.7,82.3,25.1,74.9,12.7,10.6,29.7,74.5,27.6,11.9,9.8,79.3,79.3,82.6,77,52.8,13.8,94.8,85.8,85.7,87.5,87.4,95.4,96,25.7,63,94.5,94.8,93.7,95.9,100,50.2,70.2,70.2,98.1,98.1,86.1,0.7874,-1.0554,-0.6329,4.878,68.254,-6.9915,1.4069,4.5122,-8.7539,43.1818,1.7621,0.443,-27.5641,-1.2987,63.5762,0,0,185.209,63.7931,-13.7209,1027.5,-9.4431,-12.9032,-18.3406,8.9342,-44.3609,1.1236,18.8153,-0.9554,14.25,20.6612,-0.9585,5.4715,-0.2039,-3.3435,-1.7276,40,-3.4783,47.1429,-7.6744,-15.6085,-4.0373,45.6522,-54.5455,22.9299,-1.2987,-18.8889,-15.8612,80.4035,109.4044,36.6013,40.8228,-5.3684,1.3025,0.5222,60.1852,-7.287,81.7073,-16.0287,-5.3476,1.23,10.5727,-3.1048,-12.4138,-2.1277,3.8085,1.8028,-6.2044,-1.1603,2.9,13.1,13.8,23.1,21.3,18.1,6.6,3,0.1,8,0.6,5.6,1.1,22.5,0.2,0,0,3.2,0,4.155957347518787
1.64,0,1062,4970,58.1,2.4,62.5,16.7,23.3,14.9,0.7,69.4,67.2,78.8,91.4,89.2,6,41.7,23,80.5,46.8,31.5,21.7,46.8,31.5,20.9,34,31.5,20.9,83.8,74.3,17.2,92.9,93.2,88,86.5,49,89.7,39,87.6,59.6,59.3,94.9,86.3,10.2,13.6,91.8,53.3,16.9,16,16,16.8,91.5,92.7,16,35.4,66.2,85.5,36.5,65.7,40.7,34.1,89.7,89.9,24.8,75.2,33.6,28.5,53.1,33.3,27.5,24.4,66.5,11.1,20.2,35,29.2,96.1,36.5,76.3,85.4,81.6,25.9,23.7,50.3,95.1,91.7,6.6,97.8,93.7,95.9,11.1,88.9,19,81,78.4,18.9,96.5,17.1,16.8,9.9,53.3,51.9,74.9,21.1,53.6,57.3,57.1,63.9,63.7,61.5,61.2,20,90.5,46.8,95.8,78.3,93.1,32.5,72.7,11.2,88.8,31.4,68.6,13.1,86.9,27.6,72.4,11.6,11.3,21.7,68.1,28,12.2,14.3,73.7,73.7,80.8,75.1,40.5,7.2,93.2,84,83.9,90.1,90,97.4,91.9,27,59.4,92.6,92.5,94.9,97.5,99.7,44.4,67.2,67.6,96.9,96.9,76,-40.5941,2.2059,5.0228,-10.8527,25.5474,-2.5184,-1.8947,-5.3763,-10.4294,28.7257,-0.8359,-7.8975,-27.2727,-2.2018,39.6694,75.8242,75.8242,251.8519,22.8956,-4.2353,980.7229,-1.4663,8.7786,-13.4752,18.5383,-35.0877,31.1688,-13.3663,39.7129,10.3359,11.9342,-1.5528,-2.5505,2.8391,-1.5756,0.7353,54.1667,-4.2026,58.3333,-7.9545,-43.2432,-1.5306,1.7857,63.1068,-40.3614,-2.2018,113.1313,-18.417,117.8707,157.6613,12.9944,44,0.9484,15.3166,7.6159,30.2326,-2.8446,110.7383,-19.389,24.7619,-2.905,60.4651,-12.5604,190,-10,3.7274,0.2181,12.9707,-3.8501,4.1,18.9,28.8,18.3,26.2,15.6,10.6,6.4,1.4,2.8,1,10.2,0.6,24,0.3,0,0,2,0,5.009363103178057
1.55,0,189,1025,11.9,0.3,83.7,0,19.1,20.6,0,77.2,67.3,81.9,96.4,73.7,12.8,37.5,31.4,86,44.5,25.6,30,44.5,25.6,28.7,33.6,25.6,28.7,85.2,85.1,10.6,87.8,93.7,85.7,81,48.2,98,45.6,88.6,63,62.7,92.4,90.7,9.5,11.3,90.3,53.2,24.7,15.5,15.5,17,88.6,93.6,19.6,40.8,58.2,88.7,38,70.1,37.1,44.7,90.2,90.3,27.4,72.6,37.4,32.4,49.1,22.4,38.4,18.7,69.5,7.4,18,34.1,31.1,94.2,38,86.2,91.4,87.6,31.7,13.8,54.6,93,90.6,9.8,97.9,95.4,96.7,11.2,88.8,20.6,79.4,90.5,31.9,92.7,20.1,7,19.3,53.2,44.5,70.8,14.6,67.9,62.6,63.1,66.8,67.3,68.2,68.8,20.9,82.9,44.5,89.9,70,98.5,38.5,73.7,17.3,82.7,29.8,70.2,17.7,82.3,25.1,74.9,12.7,10.6,29.7,74.5,27.6,11.9,9.8,79.3,79.3,82.6,77,52.8,13.8,94.8,85.8,85.7,87.5,87.4,95.4,96,25.7,63,94.5,94.8,93.7,95.9,100,50.2,70.2,70.2,98.1,98.1,86.1,0.7874,-1.0554,-0.6329,4.878,68.254,-6.9915,1.4069,4.5122,-8.7539,43.1818,1.7621,0.443,-27.5641,-1.2987,63.5762,0,0,185.209,63.7931,-13.7209,1027.5,-9.4431,-12.9032,-18.3406,8.9342,-44.3609,1.1236,18.8153,-0.9554,14.25,20.6612,-0.9585,5.4715,-0.2039,-3.3435,-1.7276,40,-3.4783,47.1429,-7.6744,-15.6085,-4.0373,45.6522,-54.5455,22.9299,-1.2987,-18.8889,-15.8612,80.4035,109.4044,36.6013,40.8228,-5.3684,1.3025,0.5222,60.1852,-7.287,81.7073,-16.0287,-5.3476,1.23,10.5727,-3.1048,-12.4138,-2.1277,3.8085,1.8028,-6.2044,-1.1603,5.9,24.2,19.6,30.3,20.8,19.8,3.7,0.1,0,5.1,0,5.4,3.7,29.2,0.2,0.5,0,17.6,0,1.4551468966374803
1.28,0,133591,971689,24.7,20.8,33.6,6.5,11.7,50.2,1.9,77.3,69.8,85,87.1,89.2,9.6,47.9,16.7,86,36.8,30.6,32.5,36.8,30.6,29.3,31.8,30.6,29.3,84.2,73.1,17,94.4,93.4,94.5,74,54.7,91.1,35.5,87.8,58.2,57.9,97.1,93.2,6,11.2,95.2,58.4,17.6,11.8,11.8,14.8,92.6,96.3,11.9,27.9,48.8,84,48.8,63.9,32.5,33.5,90.6,90.7,18.2,81.8,36.2,32.3,52.4,22,49.8,23.3,65.6,17.3,14,37.2,27.3,92.9,48.8,71.2,82.3,78.4,29.8,28.8,41.4,97.2,95.6,11.1,95.5,89.4,92.5,8.9,91.1,14.8,85.2,75.9,19.5,97.4,12.8,15.5,12.6,58.4,44.2,74.4,14.6,65.7,75.2,74.6,81.1,81,84.4,84.3,17.3,87.8,36.8,92.5,67.5,96.5,30.4,69.6,13.3,86.7,28.4,71.6,11,89,20.8,79.2,18.3,16,23.5,64.9,29.6,5.6,13,72.2,72.2,90.5,83.1,48.8,8,91,85.5,85.3,89.2,89.1,96.4,97.9,21.3,67.5,94.7,94.6,98.2,97.4,99.7,37.9,65.9,66.2,97,97,74.3,18.5185,7.1588,-15.6566,-5.2863,14.094,0.2123,-1.7876,3.2787,-8.8266,40.9201,0.7261,-1.7914,-13.1783,-1.6835,36.4341,14.5631,14.5631,178.1457,31.5364,1.8809,991.5663,1.1173,1.5723,3.0973,9.8827,-11.7347,-11.3924,7.8261,9.6386,13.5172,15.9763,1.3556,1.3786,-0.209,-6.0924,-3.1414,67.9245,-3.8015,54.1667,-5.7522,-17.0213,-0.5107,7.563,-1.2739,13.5135,-1.6835,48.9796,-2.2321,225.5411,309.596,-3.8889,8.2353,-2.734,-1.1713,0.9967,46.1538,-4.6205,65.1163,-13.5266,17.0213,-1.766,24.5509,-4.922,177.2727,-1.2346,0.2079,1.1364,12.1053,2.1852,5.2,20.8,8.5,11.8,27,7.3,6,5,8.4,2.8,3.5,2.8,0.7,5.5,21.1,0.1,0,3.1,0.3,1127.5232844705592
3.28,0,1608,11231,14.7,5.4,77.7,8.2,15,27.8,0.6,75.9,69.7,82,89.3,73.8,12.4,44.2,31.4,85.1,38.5,36.1,25.4,38.5,36.1,24.1,27.6,36.1,24.1,77.4,72,9.8,92,88.8,82.7,74.9,38.9,95.4,53.2,83.3,60.5,61.4,93,89.6,9,17.3,91.1,44.8,24.9,19.9,19.9,12.6,91,94.4,17.5,29,64.2,85.2,37.6,67.8,44.9,48.8,87.2,87.2,21,79,25.4,17.9,43.2,25.1,53.1,23.5,61.5,17.9,13.7,30.9,30.2,97.1,37.6,82.8,83.5,77,31.8,17.2,51,90.1,87.2,17,94.6,95.3,94.9,10.8,89.2,19.8,80.2,84,28.6,94.6,25.6,14.8,14.4,44.8,56.4,71.9,15.3,64.8,69.8,69.8,71,71,72.3,72.3,21.6,81.5,38.5,91.9,74.6,99.2,38.9,67.9,16,84,29.3,70.7,11.3,88.7,21.8,78.2,14.7,11,23.8,64.3,23.9,14.2,10.9,73.1,73.1,82.4,78.9,46.8,12.9,95.3,77.2,77.4,80.8,81,93.1,93.5,27.6,55.1,87.4,87.4,93.1,94,97,47.8,73,72.3,92.8,92.8,72.4,40.9091,16.0105,23.1373,-1.8454,-9.2593,2.3359,-3.792,-9.8146,-12.5,35.3468,-1.8987,-0.4444,-23.4513,-17.9487,55.625,60.4839,60.4839,160.5505,14.6341,-0.4435,1017.9487,-37.284,-46.0843,-34.903,23.494,17.7632,-17.9641,-9.1176,9.4203,6.6411,6.5007,-6.048,-6.3373,-2.9744,1.9251,-0.7322,10.2041,-1.1086,55.9055,-8.1329,-1.7182,-1.9689,52.381,7.2464,50,-17.9487,10.8696,-2.4096,101.7341,124.6835,2.8571,18.4615,-3.2632,17.4803,6.5753,35.5932,-4.7619,78.6585,-15.4306,-28.481,5.3444,-0.4566,0.128,157.8947,31.6327,-1.3771,0.1071,23.2143,-4.7083,6.5,16.3,8.5,22.1,23.2,16.4,3.8,2.2,1.4,9.4,2.3,1.9,0.9,9.8,0.2,0.1,0,2.8,0.2,39.49138712938022
1.82,0,3520,20554,17.2,14.5,65.7,9.8,12.6,16.5,0.7,67.4,67.1,77,82.3,89.5,10.4,57.7,23,84.4,31.5,34.3,34.1,31.5,34.3,31.5,25.6,34.3,31.5,82.3,68.5,17.5,94.8,94.4,92.7,78,47.7,95.3,38.6,86.3,69.1,69.4,96,89.4,9.6,9.5,94.1,63.6,25.4,11.6,11.6,13.3,94.7,98,10.1,27.3,62.1,88.5,39.6,75,33.6,33.2,89.9,90.2,18.3,81.7,41.3,35.7,65,27.2,45.8,20.6,71.6,16,14.7,34.7,30.9,92.7,39.6,81,90.2,88.6,36.5,19,44.5,96.4,94.6,11.5,92.8,92.7,92.8,8.8,91.2,19.1,80.9,76.8,17,95.7,12,11.7,12.2,63.6,52.9,79.3,16,67.4,69.9,70.3,71.4,71.7,73,73.2,13,81.4,31.5,93.2,65.9,96.5,35.4,75,16.3,83.7,31.8,68.2,11.8,88.2,22.1,77.9,16,14.1,19.5,67.5,24.7,8.1,10.5,77,77,87.9,80.3,41.4,14.8,87.6,78,77.8,80.6,80.4,94,96.5,24,66.5,94.9,94.8,97.4,96.6,98.8,36.1,77.4,77.3,97.6,97.7,79.9,0.9709,8.6629,16.7513,-3.653,-3.8462,-0.5247,-0.3168,-0.10780000000000001,-10.7549,67.7184,-0.4149,-3.4557,-30.6569,0.9524,39.5604,27.4725,27.4725,174.8447,-4.5783,-9.6774,1262.1212,-0.7212,-2.9891,0,13.6508,-22.7053,28.9474,9.1195,-1.9048,9.0689,10.8886,-0.1036,0.1058,-1.3815,-0.2153,-0.7487,35.3846,-2.4599,70.5357,-8.8964,-24.1071,-1.0341,13.2075,-18.75,20.7921,0.9524,26.9841,8.3601,149.6429,191.4286,-2.2556,10.5263,-1.4799,2.0124,9.9379,87.3563,-8.3242,78.6517,-17.0316,8.2569,-1.0101,33.9394,-6.7066,90.4762,4.9645,-0.1063,1.9007,2.5641,-0.1026,3.5,22.1,15,19.9,22.5,19.8,7,1.3,0.9,23.6,3.1,3.3,7.3,29.6,0.1,0.2,0,3.5,0.2,23.41721708992097
0.4,0,2794,19614,77.8,5.1,33,15.6,15.1,11.9,0.8,71.4,69.4,80.3,86.7,94.1,7.8,52.6,26.8,82.4,36.4,34.9,28.7,36.4,34.9,26.7,30.5,34.9,26.7,80.4,78.1,17.7,92.5,94.9,92.4,84.1,47.6,93.9,44.4,84.6,64.3,64.3,96.5,88.4,8.8,7.6,92.9,61.7,27.4,14.9,14.9,16,90.5,94.5,14.3,33.2,59.1,83.8,40.9,73.1,31.3,35.2,90.6,90.7,22.9,77.1,38,32.9,58.7,22.3,50.7,15.6,75.5,16.5,18.3,33.9,26.7,93.7,40.9,79.8,88.4,85.5,33.6,20.2,46.1,96.3,94.6,11.2,92.3,89.7,91,10.9,89.1,22.1,77.9,76.9,20,95.9,11.9,11.7,12.9,61.7,49,77.1,17.8,71.1,65.2,65.5,70.7,71.2,73.7,74.3,18.6,83.6,36.4,94.2,71.3,96.1,31.6,65.6,18.2,81.8,34.6,65.4,14.8,85.2,25.2,74.8,19.3,16.2,21.7,67,31.1,4.8,9.4,76.9,76.9,87.9,80.1,48.4,16.9,89.3,77.3,76.8,80.8,80.4,96.5,96.6,23.5,68.8,95.1,95.1,97,96.4,99.4,38.8,73.9,74.1,96.4,96.3,80.6,-18.75,-3.3088,30.0971,-5.9361,-5.3476,-2.9381,-0.1053,0.2169,-13.0524,70.1058,0.4162,-4.1215,-47.9452,-0.9631,74.5223,2.7586,2.7586,189.9654,16.1932,-16.0858,1141.0959,-2.0619,-3.2353,-21.608,24.1776,-4.6243,34.5588,-14.1772,8.0972,16.7768,20.7627,0.8377,1.0684,-2.017,-1.3201,-1.7279,67.6923,-4.7059,100.9091,-12.4719,-15.2542,-0.1042,3.4783,0.8621,6.6116,-0.9631,41.2698,8.7156,123.2877,208.7336,1.6393,10.303,0.2128,-0.2797,5.3333,109.1954,-10.4053,101.1628,-21.0145,37.037,-4.4843,48.2353,-9.8795,42.963,26.1194,0.9414,0.7299,3.5242,-0.6148,2.6,25.9,30,12.6,23.3,15.1,8.8,9.6,1.1,25.9,5.4,10.9,18.7,32.4,0.5,0.1,0,0.6,0,17.303921322612783
14.54,414,3764,23167,40.3,2.1,70.2,4.5,36.7,11.7,1.4,69.4,67.2,78.8,91.4,89.2,6,41.7,23,80.5,46.8,31.5,21.7,46.8,31.5,20.9,34,31.5,20.9,83.8,74.3,17.2,92.9,93.2,88,86.5,49,89.7,39,87.6,59.6,59.3,94.9,86.3,10.2,13.6,91.8,53.3,16.9,16,16,16.8,91.5,92.7,16,35.4,66.2,85.5,36.5,65.7,40.7,34.1,89.7,89.9,24.8,75.2,33.6,28.5,53.1,33.3,27.5,24.4,66.5,11.1,20.2,35,29.2,96.1,36.5,76.3,85.4,81.6,25.9,23.7,50.3,95.1,91.7,6.6,97.8,93.7,95.9,11.1,88.9,19,81,78.4,18.9,96.5,17.1,16.8,9.9,53.3,51.9,74.9,21.1,53.6,57.3,57.1,63.9,63.7,61.5,61.2,20,90.5,46.8,95.8,78.3,93.1,32.5,72.7,11.2,88.8,31.4,68.6,13.1,86.9,27.6,72.4,11.6,11.3,21.7,68.1,28,12.2,14.3,73.7,73.7,80.8,75.1,40.5,7.2,93.2,84,83.9,90.1,90,97.4,91.9,27,59.4,92.6,92.5,94.9,97.5,99.7,44.4,67.2,67.6,96.9,96.9,76,-40.5941,2.2059,5.0228,-10.8527,25.5474,-2.5184,-1.8947,-5.3763,-10.4294,28.7257,-0.8359,-7.8975,-27.2727,-2.2018,39.6694,75.8242,75.8242,251.8519,22.8956,-4.2353,980.7229,-1.4663,8.7786,-13.4752,18.5383,-35.0877,31.1688,-13.3663,39.7129,10.3359,11.9342,-1.5528,-2.5505,2.8391,-1.5756,0.7353,54.1667,-4.2026,58.3333,-7.9545,-43.2432,-1.5306,1.7857,63.1068,-40.3614,-2.2018,113.1313,-18.417,117.8707,157.6613,12.9944,44,0.9484,15.3166,7.6159,30.2326,-2.8446,110.7383,-19.389,24.7619,-2.905,60.4651,-12.5604,190,-10,3.7274,0.2181,12.9707,-3.8501,3.4,16.8,39.6,8.9,35.5,12.1,7.2,6.9,1.3,22.3,6.5,4.1,0.7,18.3,0.9,0.5,0,0.6,0.2,15.420380136309833
2.71,2,818,5376,49.5,10.1,48.7,5.2,18,10.2,0.2,69.4,67.2,78.8,91.4,89.2,6,41.7,23,80.5,46.8,31.5,21.7,46.8,31.5,20.9,34,31.5,20.9,83.8,74.3,17.2,92.9,93.2,88,86.5,49,89.7,39,87.6,59.6,59.3,94.9,86.3,10.2,13.6,91.8,53.3,16.9,16,16,16.8,91.5,92.7,16,35.4,66.2,85.5,36.5,65.7,40.7,34.1,89.7,89.9,24.8,75.2,33.6,28.5,53.1,33.3,27.5,24.4,66.5,11.1,20.2,35,29.2,96.1,36.5,76.3,85.4,81.6,25.9,23.7,50.3,95.1,91.7,6.6,97.8,93.7,95.9,11.1,88.9,19,81,78.4,18.9,96.5,17.1,16.8,9.9,53.3,51.9,74.9,21.1,53.6,57.3,57.1,63.9,63.7,61.5,61.2,20,90.5,46.8,95.8,78.3,93.1,32.5,72.7,11.2,88.8,31.4,68.6,13.1,86.9,27.6,72.4,11.6,11.3,21.7,68.1,28,12.2,14.3,73.7,73.7,80.8,75.1,40.5,7.2,93.2,84,83.9,90.1,90,97.4,91.9,27,59.4,92.6,92.5,94.9,97.5,99.7,44.4,67.2,67.6,96.9,96.9,76,-40.5941,2.2059,5.0228,-10.8527,25.5474,-2.5184,-1.8947,-5.3763,-10.4294,28.7257,-0.8359,-7.8975,-27.2727,-2.2018,39.6694,75.8242,75.8242,251.8519,22.8956,-4.2353,980.7229,-1.4663,8.7786,-13.4752,18.5383,-35.0877,31.1688,-13.3663,39.7129,10.3359,11.9342,-1.5528,-2.5505,2.8391,-1.5756,0.7353,54.1667,-4.2026,58.3333,-7.9545,-43.2432,-1.5306,1.7857,63.1068,-40.3614,-2.2018,113.1313,-18.417,117.8707,157.6613,12.9944,44,0.9484,15.3166,7.6159,30.2326,-2.8446,110.7383,-19.389,24.7619,-2.905,60.4651,-12.5604,190,-10,3.7274,0.2181,12.9707,-3.8501,9.9,16.1,30,16.8,15.4,18.1,3.1,13.6,0,14.1,1.1,6.3,24.3,16.8,1.2,0.3,0,2.2,0,6.017355318063359
7.04,0,3641,28875,22.9,0.3,81.9,6.5,13.9,37.2,0.9,71.4,69.4,80.3,86.7,94.1,7.8,52.6,26.8,82.4,36.4,34.9,28.7,36.4,34.9,26.7,30.5,34.9,26.7,80.4,78.1,17.7,92.5,94.9,92.4,84.1,47.6,93.9,44.4,84.6,64.3,64.3,96.5,88.4,8.8,7.6,92.9,61.7,27.4,14.9,14.9,16,90.5,94.5,14.3,33.2,59.1,83.8,40.9,73.1,31.3,35.2,90.6,90.7,22.9,77.1,38,32.9,58.7,22.3,50.7,15.6,75.5,16.5,18.3,33.9,26.7,93.7,40.9,79.8,88.4,85.5,33.6,20.2,46.1,96.3,94.6,11.2,92.3,89.7,91,10.9,89.1,22.1,77.9,76.9,20,95.9,11.9,11.7,12.9,61.7,49,77.1,17.8,71.1,65.2,65.5,70.7,71.2,73.7,74.3,18.6,83.6,36.4,94.2,71.3,96.1,31.6,65.6,18.2,81.8,34.6,65.4,14.8,85.2,25.2,74.8,19.3,16.2,21.7,67,31.1,4.8,9.4,76.9,76.9,87.9,80.1,48.4,16.9,89.3,77.3,76.8,80.8,80.4,96.5,96.6,23.5,68.8,95.1,95.1,97,96.4,99.4,38.8,73.9,74.1,96.4,96.3,80.6,-18.75,-3.3088,30.0971,-5.9361,-5.3476,-2.9381,-0.1053,0.2169,-13.0524,70.1058,0.4162,-4.1215,-47.9452,-0.9631,74.5223,2.7586,2.7586,189.9654,16.1932,-16.0858,1141.0959,-2.0619,-3.2353,-21.608,24.1776,-4.6243,34.5588,-14.1772,8.0972,16.7768,20.7627,0.8377,1.0684,-2.017,-1.3201,-1.7279,67.6923,-4.7059,100.9091,-12.4719,-15.2542,-0.1042,3.4783,0.8621,6.6116,-0.9631,41.2698,8.7156,123.2877,208.7336,1.6393,10.303,0.2128,-0.2797,5.3333,109.1954,-10.4053,101.1628,-21.0145,37.037,-4.4843,48.2353,-9.8795,42.963,26.1194,0.9414,0.7299,3.5242,-0.6148,3.5,25.8,11.3,29,19.9,14.7,3.5,4.5,3.6,12.7,4.1,5.5,1.2,13.1,0.3,0.3,0,2.1,0.2,27.28685486379993
1.51,0,1244,7399,32.3,5.3,73.4,11.5,13.4,21.4,0.6,71.4,69.4,80.3,86.7,94.1,7.8,52.6,26.8,82.4,36.4,34.9,28.7,36.4,34.9,26.7,30.5,34.9,26.7,80.4,78.1,17.7,92.5,94.9,92.4,84.1,47.6,93.9,44.4,84.6,64.3,64.3,96.5,88.4,8.8,7.6,92.9,61.7,27.4,14.9,14.9,16,90.5,94.5,14.3,33.2,59.1,83.8,40.9,73.1,31.3,35.2,90.6,90.7,22.9,77.1,38,32.9,58.7,22.3,50.7,15.6,75.5,16.5,18.3,33.9,26.7,93.7,40.9,79.8,88.4,85.5,33.6,20.2,46.1,96.3,94.6,11.2,92.3,89.7,91,10.9,89.1,22.1,77.9,76.9,20,95.9,11.9,11.7,12.9,61.7,49,77.1,17.8,71.1,65.2,65.5,70.7,71.2,73.7,74.3,18.6,83.6,36.4,94.2,71.3,96.1,31.6,65.6,18.2,81.8,34.6,65.4,14.8,85.2,25.2,74.8,19.3,16.2,21.7,67,31.1,4.8,9.4,76.9,76.9,87.9,80.1,48.4,16.9,89.3,77.3,76.8,80.8,80.4,96.5,96.6,23.5,68.8,95.1,95.1,97,96.4,99.4,38.8,73.9,74.1,96.4,96.3,80.6,-18.75,-3.3088,30.0971,-5.9361,-5.3476,-2.9381,-0.1053,0.2169,-13.0524,70.1058,0.4162,-4.1215,-47.9452,-0.9631,74.5223,2.7586,2.7586,189.9654,16.1932,-16.0858,1141.0959,-2.0619,-3.2353,-21.608,24.1776,-4.6243,34.5588,-14.1772,8.0972,16.7768,20.7627,0.8377,1.0684,-2.017,-1.3201,-1.7279,67.6923,-4.7059,100.9091,-12.4719,-15.2542,-0.1042,3.4783,0.8621,6.6116,-0.9631,41.2698,8.7156,123.2877,208.7336,1.6393,10.303,0.2128,-0.2797,5.3333,109.1954,-10.4053,101.1628,-21.0145,37.037,-4.4843,48.2353,-9.8795,42.963,26.1194,0.9414,0.7299,3.5242,-0.6148,4.8,16,15.5,23.9,20.9,16,2.5,2.2,0.6,15.7,0.8,8.6,1.6,27.9,0.1,0.3,0,1.8,0,8.684162754746424
1.27,0,3875,20311,51.1,6.5,53.8,14.9,18,11.9,1,71.4,69.4,80.3,86.7,94.1,7.8,52.6,26.8,82.4,36.4,34.9,28.7,36.4,34.9,26.7,30.5,34.9,26.7,80.4,78.1,17.7,92.5,94.9,92.4,84.1,47.6,93.9,44.4,84.6,64.3,64.3,96.5,88.4,8.8,7.6,92.9,61.7,27.4,14.9,14.9,16,90.5,94.5,14.3,33.2,59.1,83.8,40.9,73.1,31.3,35.2,90.6,90.7,22.9,77.1,38,32.9,58.7,22.3,50.7,15.6,75.5,16.5,18.3,33.9,26.7,93.7,40.9,79.8,88.4,85.5,33.6,20.2,46.1,96.3,94.6,11.2,92.3,89.7,91,10.9,89.1,22.1,77.9,76.9,20,95.9,11.9,11.7,12.9,61.7,49,77.1,17.8,71.1,65.2,65.5,70.7,71.2,73.7,74.3,18.6,83.6,36.4,94.2,71.3,96.1,31.6,65.6,18.2,81.8,34.6,65.4,14.8,85.2,25.2,74.8,19.3,16.2,21.7,67,31.1,4.8,9.4,76.9,76.9,87.9,80.1,48.4,16.9,89.3,77.3,76.8,80.8,80.4,96.5,96.6,23.5,68.8,95.1,95.1,97,96.4,99.4,38.8,73.9,74.1,96.4,96.3,80.6,-18.75,-3.3088,30.0971,-5.9361,-5.3476,-2.9381,-0.1053,0.2169,-13.0524,70.1058,0.4162,-4.1215,-47.9452,-0.9631,74.5223,2.7586,2.7586,189.9654,16.1932,-16.0858,1141.0959,-2.0619,-3.2353,-21.608,24.1776,-4.6243,34.5588,-14.1772,8.0972,16.7768,20.7627,0.8377,1.0684,-2.017,-1.3201,-1.7279,67.6923,-4.7059,100.9091,-12.4719,-15.2542,-0.1042,3.4783,0.8621,6.6116,-0.9631,41.2698,8.7156,123.2877,208.7336,1.6393,10.303,0.2128,-0.2797,5.3333,109.1954,-10.4053,101.1628,-21.0145,37.037,-4.4843,48.2353,-9.8795,42.963,26.1194,0.9414,0.7299,3.5242,-0.6148,1,21.4,22.6,16.9,26.6,16.4,8.1,6.6,1.8,20.5,5.9,8.3,1.7,18.6,0.5,0,0.2,0.7,0.1,19.04121965163101
1.64,0,3545,20887,31.4,4.6,77.1,12.5,17.7,16.2,0.4,69.4,67.2,78.8,91.4,89.2,6,41.7,23,80.5,46.8,31.5,21.7,46.8,31.5,20.9,34,31.5,20.9,83.8,74.3,17.2,92.9,93.2,88,86.5,49,89.7,39,87.6,59.6,59.3,94.9,86.3,10.2,13.6,91.8,53.3,16.9,16,16,16.8,91.5,92.7,16,35.4,66.2,85.5,36.5,65.7,40.7,34.1,89.7,89.9,24.8,75.2,33.6,28.5,53.1,33.3,27.5,24.4,66.5,11.1,20.2,35,29.2,96.1,36.5,76.3,85.4,81.6,25.9,23.7,50.3,95.1,91.7,6.6,97.8,93.7,95.9,11.1,88.9,19,81,78.4,18.9,96.5,17.1,16.8,9.9,53.3,51.9,74.9,21.1,53.6,57.3,57.1,63.9,63.7,61.5,61.2,20,90.5,46.8,95.8,78.3,93.1,32.5,72.7,11.2,88.8,31.4,68.6,13.1,86.9,27.6,72.4,11.6,11.3,21.7,68.1,28,12.2,14.3,73.7,73.7,80.8,75.1,40.5,7.2,93.2,84,83.9,90.1,90,97.4,91.9,27,59.4,92.6,92.5,94.9,97.5,99.7,44.4,67.2,67.6,96.9,96.9,76,-40.5941,2.2059,5.0228,-10.8527,25.5474,-2.5184,-1.8947,-5.3763,-10.4294,28.7257,-0.8359,-7.8975,-27.2727,-2.2018,39.6694,75.8242,75.8242,251.8519,22.8956,-4.2353,980.7229,-1.4663,8.7786,-13.4752,18.5383,-35.0877,31.1688,-13.3663,39.7129,10.3359,11.9342,-1.5528,-2.5505,2.8391,-1.5756,0.7353,54.1667,-4.2026,58.3333,-7.9545,-43.2432,-1.5306,1.7857,63.1068,-40.3614,-2.2018,113.1313,-18.417,117.8707,157.6613,12.9944,44,0.9484,15.3166,7.6159,30.2326,-2.8446,110.7383,-19.389,24.7619,-2.905,60.4651,-12.5604,190,-10,3.7274,0.2181,12.9707,-3.8501,5.4,24.5,18.4,16.1,25.2,13.3,7,4.3,3.5,4.6,3.1,3.2,7.7,17,0.8,0.7,0.1,1.8,0.5,22.556797845622334
2.72,0,22913,127815,20.2,18,57.6,12.1,16.5,22.9,1.1,75.9,69.7,82,89.3,73.8,12.4,44.2,31.4,85.1,38.5,36.1,25.4,38.5,36.1,24.1,27.6,36.1,24.1,77.4,72,9.8,92,88.8,82.7,74.9,38.9,95.4,53.2,83.3,60.5,61.4,93,89.6,9,17.3,91.1,44.8,24.9,19.9,19.9,12.6,91,94.4,17.5,29,64.2,85.2,37.6,67.8,44.9,48.8,87.2,87.2,21,79,25.4,17.9,43.2,25.1,53.1,23.5,61.5,17.9,13.7,30.9,30.2,97.1,37.6,82.8,83.5,77,31.8,17.2,51,90.1,87.2,17,94.6,95.3,94.9,10.8,89.2,19.8,80.2,84,28.6,94.6,25.6,14.8,14.4,44.8,56.4,71.9,15.3,64.8,69.8,69.8,71,71,72.3,72.3,21.6,81.5,38.5,91.9,74.6,99.2,38.9,67.9,16,84,29.3,70.7,11.3,88.7,21.8,78.2,14.7,11,23.8,64.3,23.9,14.2,10.9,73.1,73.1,82.4,78.9,46.8,12.9,95.3,77.2,77.4,80.8,81,93.1,93.5,27.6,55.1,87.4,87.4,93.1,94,97,47.8,73,72.3,92.8,92.8,72.4,40.9091,16.0105,23.1373,-1.8454,-9.2593,2.3359,-3.792,-9.8146,-12.5,35.3468,-1.8987,-0.4444,-23.4513,-17.9487,55.625,60.4839,60.4839,160.5505,14.6341,-0.4435,1017.9487,-37.284,-46.0843,-34.903,23.494,17.7632,-17.9641,-9.1176,9.4203,6.6411,6.5007,-6.048,-6.3373,-2.9744,1.9251,-0.7322,10.2041,-1.1086,55.9055,-8.1329,-1.7182,-1.9689,52.381,7.2464,50,-17.9487,10.8696,-2.4096,101.7341,124.6835,2.8571,18.4615,-3.2632,17.4803,6.5753,35.5932,-4.7619,78.6585,-15.4306,-28.481,5.3444,-0.4566,0.128,157.8947,31.6327,-1.3771,0.1071,23.2143,-4.7083,3.7,25.7,13.6,15.7,25.7,13.1,8.2,2.7,10.6,7.7,3,5.2,3.7,13.5,1.1,0.1,0.1,3.9,0.1,467.53542911704403
3.03,0,4971,33510,25.5,11.4,61.2,10,18.3,19.7,0.8,67.4,67.1,77,82.3,89.5,10.4,57.7,23,84.4,31.5,34.3,34.1,31.5,34.3,31.5,25.6,34.3,31.5,82.3,68.5,17.5,94.8,94.4,92.7,78,47.7,95.3,38.6,86.3,69.1,69.4,96,89.4,9.6,9.5,94.1,63.6,25.4,11.6,11.6,13.3,94.7,98,10.1,27.3,62.1,88.5,39.6,75,33.6,33.2,89.9,90.2,18.3,81.7,41.3,35.7,65,27.2,45.8,20.6,71.6,16,14.7,34.7,30.9,92.7,39.6,81,90.2,88.6,36.5,19,44.5,96.4,94.6,11.5,92.8,92.7,92.8,8.8,91.2,19.1,80.9,76.8,17,95.7,12,11.7,12.2,63.6,52.9,79.3,16,67.4,69.9,70.3,71.4,71.7,73,73.2,13,81.4,31.5,93.2,65.9,96.5,35.4,75,16.3,83.7,31.8,68.2,11.8,88.2,22.1,77.9,16,14.1,19.5,67.5,24.7,8.1,10.5,77,77,87.9,80.3,41.4,14.8,87.6,78,77.8,80.6,80.4,94,96.5,24,66.5,94.9,94.8,97.4,96.6,98.8,36.1,77.4,77.3,97.6,97.7,79.9,0.9709,8.6629,16.7513,-3.653,-3.8462,-0.5247,-0.3168,-0.10780000000000001,-10.7549,67.7184,-0.4149,-3.4557,-30.6569,0.9524,39.5604,27.4725,27.4725,174.8447,-4.5783,-9.6774,1262.1212,-0.7212,-2.9891,0,13.6508,-22.7053,28.9474,9.1195,-1.9048,9.0689,10.8886,-0.1036,0.1058,-1.3815,-0.2153,-0.7487,35.3846,-2.4599,70.5357,-8.8964,-24.1071,-1.0341,13.2075,-18.75,20.7921,0.9524,26.9841,8.3601,149.6429,191.4286,-2.2556,10.5263,-1.4799,2.0124,9.9379,87.3563,-8.3242,78.6517,-17.0316,8.2569,-1.0101,33.9394,-6.7066,90.4762,4.9645,-0.1063,1.9007,2.5641,-0.1026,5.6,21.4,19.2,18.2,22.4,14.4,6.6,3.4,1.5,18.5,5,3.2,11.8,21.2,0.4,0.5,0,3.9,0.6,42.55421975308282
2.26,0,26648,196392,39,7.9,55.1,7.1,11,31.4,2.9,71.4,69.4,80.3,86.7,94.1,7.8,52.6,26.8,82.4,36.4,34.9,28.7,36.4,34.9,26.7,30.5,34.9,26.7,80.4,78.1,17.7,92.5,94.9,92.4,84.1,47.6,93.9,44.4,84.6,64.3,64.3,96.5,88.4,8.8,7.6,92.9,61.7,27.4,14.9,14.9,16,90.5,94.5,14.3,33.2,59.1,83.8,40.9,73.1,31.3,35.2,90.6,90.7,22.9,77.1,38,32.9,58.7,22.3,50.7,15.6,75.5,16.5,18.3,33.9,26.7,93.7,40.9,79.8,88.4,85.5,33.6,20.2,46.1,96.3,94.6,11.2,92.3,89.7,91,10.9,89.1,22.1,77.9,76.9,20,95.9,11.9,11.7,12.9,61.7,49,77.1,17.8,71.1,65.2,65.5,70.7,71.2,73.7,74.3,18.6,83.6,36.4,94.2,71.3,96.1,31.6,65.6,18.2,81.8,34.6,65.4,14.8,85.2,25.2,74.8,19.3,16.2,21.7,67,31.1,4.8,9.4,76.9,76.9,87.9,80.1,48.4,16.9,89.3,77.3,76.8,80.8,80.4,96.5,96.6,23.5,68.8,95.1,95.1,97,96.4,99.4,38.8,73.9,74.1,96.4,96.3,80.6,-18.75,-3.3088,30.0971,-5.9361,-5.3476,-2.9381,-0.1053,0.2169,-13.0524,70.1058,0.4162,-4.1215,-47.9452,-0.9631,74.5223,2.7586,2.7586,189.9654,16.1932,-16.0858,1141.0959,-2.0619,-3.2353,-21.608,24.1776,-4.6243,34.5588,-14.1772,8.0972,16.7768,20.7627,0.8377,1.0684,-2.017,-1.3201,-1.7279,67.6923,-4.7059,100.9091,-12.4719,-15.2542,-0.1042,3.4783,0.8621,6.6116,-0.9631,41.2698,8.7156,123.2877,208.7336,1.6393,10.303,0.2128,-0.2797,5.3333,109.1954,-10.4053,101.1628,-21.0145,37.037,-4.4843,48.2353,-9.8795,42.963,26.1194,0.9414,0.7299,3.5242,-0.6148,4.3,20,10.9,14.2,24.5,13.7,5.9,2.8,3.1,14.2,4,2.7,1.1,8.8,1.6,0.1,0,3.3,0.4,276.12177063725335
4.79,0,525,2670,35.5,4.1,60.2,12.6,15.6,21.4,0,69.4,67.2,78.8,91.4,89.2,6,41.7,23,80.5,46.8,31.5,21.7,46.8,31.5,20.9,34,31.5,20.9,83.8,74.3,17.2,92.9,93.2,88,86.5,49,89.7,39,87.6,59.6,59.3,94.9,86.3,10.2,13.6,91.8,53.3,16.9,16,16,16.8,91.5,92.7,16,35.4,66.2,85.5,36.5,65.7,40.7,34.1,89.7,89.9,24.8,75.2,33.6,28.5,53.1,33.3,27.5,24.4,66.5,11.1,20.2,35,29.2,96.1,36.5,76.3,85.4,81.6,25.9,23.7,50.3,95.1,91.7,6.6,97.8,93.7,95.9,11.1,88.9,19,81,78.4,18.9,96.5,17.1,16.8,9.9,53.3,51.9,74.9,21.1,53.6,57.3,57.1,63.9,63.7,61.5,61.2,20,90.5,46.8,95.8,78.3,93.1,32.5,72.7,11.2,88.8,31.4,68.6,13.1,86.9,27.6,72.4,11.6,11.3,21.7,68.1,28,12.2,14.3,73.7,73.7,80.8,75.1,40.5,7.2,93.2,84,83.9,90.1,90,97.4,91.9,27,59.4,92.6,92.5,94.9,97.5,99.7,44.4,67.2,67.6,96.9,96.9,76,-40.5941,2.2059,5.0228,-10.8527,25.5474,-2.5184,-1.8947,-5.3763,-10.4294,28.7257,-0.8359,-7.8975,-27.2727,-2.2018,39.6694,75.8242,75.8242,251.8519,22.8956,-4.2353,980.7229,-1.4663,8.7786,-13.4752,18.5383,-35.0877,31.1688,-13.3663,39.7129,10.3359,11.9342,-1.5528,-2.5505,2.8391,-1.5756,0.7353,54.1667,-4.2026,58.3333,-7.9545,-43.2432,-1.5306,1.7857,63.1068,-40.3614,-2.2018,113.1313,-18.417,117.8707,157.6613,12.9944,44,0.9484,15.3166,7.6159,30.2326,-2.8446,110.7383,-19.389,24.7619,-2.905,60.4651,-12.5604,190,-10,3.7274,0.2181,12.9707,-3.8501,7.5,14.1,18.2,22.5,22,17.7,10.9,3.6,0.8,5.5,6.4,3.3,2.3,31.1,0.4,0.1,0,3.8,0,3.022100125107561
5.21,0,1450,9071,14.2,2,84.2,14.2,13.5,26.8,0.3,67.4,67.1,77,82.3,89.5,10.4,57.7,23,84.4,31.5,34.3,34.1,31.5,34.3,31.5,25.6,34.3,31.5,82.3,68.5,17.5,94.8,94.4,92.7,78,47.7,95.3,38.6,86.3,69.1,69.4,96,89.4,9.6,9.5,94.1,63.6,25.4,11.6,11.6,13.3,94.7,98,10.1,27.3,62.1,88.5,39.6,75,33.6,33.2,89.9,90.2,18.3,81.7,41.3,35.7,65,27.2,45.8,20.6,71.6,16,14.7,34.7,30.9,92.7,39.6,81,90.2,88.6,36.5,19,44.5,96.4,94.6,11.5,92.8,92.7,92.8,8.8,91.2,19.1,80.9,76.8,17,95.7,12,11.7,12.2,63.6,52.9,79.3,16,67.4,69.9,70.3,71.4,71.7,73,73.2,13,81.4,31.5,93.2,65.9,96.5,35.4,75,16.3,83.7,31.8,68.2,11.8,88.2,22.1,77.9,16,14.1,19.5,67.5,24.7,8.1,10.5,77,77,87.9,80.3,41.4,14.8,87.6,78,77.8,80.6,80.4,94,96.5,24,66.5,94.9,94.8,97.4,96.6,98.8,36.1,77.4,77.3,97.6,97.7,79.9,0.9709,8.6629,16.7513,-3.653,-3.8462,-0.5247,-0.3168,-0.10780000000000001,-10.7549,67.7184,-0.4149,-3.4557,-30.6569,0.9524,39.5604,27.4725,27.4725,174.8447,-4.5783,-9.6774,1262.1212,-0.7212,-2.9891,0,13.6508,-22.7053,28.9474,9.1195,-1.9048,9.0689,10.8886,-0.1036,0.1058,-1.3815,-0.2153,-0.7487,35.3846,-2.4599,70.5357,-8.8964,-24.1071,-1.0341,13.2075,-18.75,20.7921,0.9524,26.9841,8.3601,149.6429,191.4286,-2.2556,10.5263,-1.4799,2.0124,9.9379,87.3563,-8.3242,78.6517,-17.0316,8.2569,-1.0101,33.9394,-6.7066,90.4762,4.9645,-0.1063,1.9007,2.5641,-0.1026,2.8,22.5,10.7,25.8,21.1,20,5.4,3.2,0.4,7,3.5,3.4,3.3,17.5,0,0.2,0.1,1.8,0,10.851592111076428
1.56,0,1229,4977,50.2,0.1,64.9,8.2,21.3,36.4,1.2,69.4,67.2,78.8,91.4,89.2,6,41.7,23,80.5,46.8,31.5,21.7,46.8,31.5,20.9,34,31.5,20.9,83.8,74.3,17.2,92.9,93.2,88,86.5,49,89.7,39,87.6,59.6,59.3,94.9,86.3,10.2,13.6,91.8,53.3,16.9,16,16,16.8,91.5,92.7,16,35.4,66.2,85.5,36.5,65.7,40.7,34.1,89.7,89.9,24.8,75.2,33.6,28.5,53.1,33.3,27.5,24.4,66.5,11.1,20.2,35,29.2,96.1,36.5,76.3,85.4,81.6,25.9,23.7,50.3,95.1,91.7,6.6,97.8,93.7,95.9,11.1,88.9,19,81,78.4,18.9,96.5,17.1,16.8,9.9,53.3,51.9,74.9,21.1,53.6,57.3,57.1,63.9,63.7,61.5,61.2,20,90.5,46.8,95.8,78.3,93.1,32.5,72.7,11.2,88.8,31.4,68.6,13.1,86.9,27.6,72.4,11.6,11.3,21.7,68.1,28,12.2,14.3,73.7,73.7,80.8,75.1,40.5,7.2,93.2,84,83.9,90.1,90,97.4,91.9,27,59.4,92.6,92.5,94.9,97.5,99.7,44.4,67.2,67.6,96.9,96.9,76,-40.5941,2.2059,5.0228,-10.8527,25.5474,-2.5184,-1.8947,-5.3763,-10.4294,28.7257,-0.8359,-7.8975,-27.2727,-2.2018,39.6694,75.8242,75.8242,251.8519,22.8956,-4.2353,980.7229,-1.4663,8.7786,-13.4752,18.5383,-35.0877,31.1688,-13.3663,39.7129,10.3359,11.9342,-1.5528,-2.5505,2.8391,-1.5756,0.7353,54.1667,-4.2026,58.3333,-7.9545,-43.2432,-1.5306,1.7857,63.1068,-40.3614,-2.2018,113.1313,-18.417,117.8707,157.6613,12.9944,44,0.9484,15.3166,7.6159,30.2326,-2.8446,110.7383,-19.389,24.7619,-2.905,60.4651,-12.5604,190,-10,3.7274,0.2181,12.9707,-3.8501,4.3,15.8,27.8,13.6,28.8,11.9,3.4,8.2,0.1,7.3,2.8,4.7,1.4,15.1,0.1,0.4,0,1.8,0,5.410903020776795
0.79,1,623,3367,25.6,3.4,73.6,5.1,15.6,16.8,0.7,77.2,67.3,81.9,96.4,73.7,12.8,37.5,31.4,86,44.5,25.6,30,44.5,25.6,28.7,33.6,25.6,28.7,85.2,85.1,10.6,87.8,93.7,85.7,81,48.2,98,45.6,88.6,63,62.7,92.4,90.7,9.5,11.3,90.3,53.2,24.7,15.5,15.5,17,88.6,93.6,19.6,40.8,58.2,88.7,38,70.1,37.1,44.7,90.2,90.3,27.4,72.6,37.4,32.4,49.1,22.4,38.4,18.7,69.5,7.4,18,34.1,31.1,94.2,38,86.2,91.4,87.6,31.7,13.8,54.6,93,90.6,9.8,97.9,95.4,96.7,11.2,88.8,20.6,79.4,90.5,31.9,92.7,20.1,7,19.3,53.2,44.5,70.8,14.6,67.9,62.6,63.1,66.8,67.3,68.2,68.8,20.9,82.9,44.5,89.9,70,98.5,38.5,73.7,17.3,82.7,29.8,70.2,17.7,82.3,25.1,74.9,12.7,10.6,29.7,74.5,27.6,11.9,9.8,79.3,79.3,82.6,77,52.8,13.8,94.8,85.8,85.7,87.5,87.4,95.4,96,25.7,63,94.5,94.8,93.7,95.9,100,50.2,70.2,70.2,98.1,98.1,86.1,0.7874,-1.0554,-0.6329,4.878,68.254,-6.9915,1.4069,4.5122,-8.7539,43.1818,1.7621,0.443,-27.5641,-1.2987,63.5762,0,0,185.209,63.7931,-13.7209,1027.5,-9.4431,-12.9032,-18.3406,8.9342,-44.3609,1.1236,18.8153,-0.9554,14.25,20.6612,-0.9585,5.4715,-0.2039,-3.3435,-1.7276,40,-3.4783,47.1429,-7.6744,-15.6085,-4.0373,45.6522,-54.5455,22.9299,-1.2987,-18.8889,-15.8612,80.4035,109.4044,36.6013,40.8228,-5.3684,1.3025,0.5222,60.1852,-7.287,81.7073,-16.0287,-5.3476,1.23,10.5727,-3.1048,-12.4138,-2.1277,3.8085,1.8028,-6.2044,-1.1603,2.5,14.4,15,20,21,21.4,4.9,4.6,0.5,13.5,1.3,4.1,0.9,28.1,1.2,0.6,0,2.2,0,4.843810727537242
1.76,0,879002,5003892,44,19,34.4,13.1,20.9,34.2,1.8,77.3,69.8,85,87.1,89.2,9.6,47.9,16.7,86,36.8,30.6,32.5,36.8,30.6,29.3,31.8,30.6,29.3,84.2,73.1,17,94.4,93.4,94.5,74,54.7,91.1,35.5,87.8,58.2,57.9,97.1,93.2,6,11.2,95.2,58.4,17.6,11.8,11.8,14.8,92.6,96.3,11.9,27.9,48.8,84,48.8,63.9,32.5,33.5,90.6,90.7,18.2,81.8,36.2,32.3,52.4,22,49.8,23.3,65.6,17.3,14,37.2,27.3,92.9,48.8,71.2,82.3,78.4,29.8,28.8,41.4,97.2,95.6,11.1,95.5,89.4,92.5,8.9,91.1,14.8,85.2,75.9,19.5,97.4,12.8,15.5,12.6,58.4,44.2,74.4,14.6,65.7,75.2,74.6,81.1,81,84.4,84.3,17.3,87.8,36.8,92.5,67.5,96.5,30.4,69.6,13.3,86.7,28.4,71.6,11,89,20.8,79.2,18.3,16,23.5,64.9,29.6,5.6,13,72.2,72.2,90.5,83.1,48.8,8,91,85.5,85.3,89.2,89.1,96.4,97.9,21.3,67.5,94.7,94.6,98.2,97.4,99.7,37.9,65.9,66.2,97,97,74.3,18.5185,7.1588,-15.6566,-5.2863,14.094,0.2123,-1.7876,3.2787,-8.8266,40.9201,0.7261,-1.7914,-13.1783,-1.6835,36.4341,14.5631,14.5631,178.1457,31.5364,1.8809,991.5663,1.1173,1.5723,3.0973,9.8827,-11.7347,-11.3924,7.8261,9.6386,13.5172,15.9763,1.3556,1.3786,-0.209,-6.0924,-3.1414,67.9245,-3.8015,54.1667,-5.7522,-17.0213,-0.5107,7.563,-1.2739,13.5135,-1.6835,48.9796,-2.2321,225.5411,309.596,-3.8889,8.2353,-2.734,-1.1713,0.9967,46.1538,-4.6205,65.1163,-13.5266,17.0213,-1.766,24.5509,-4.922,177.2727,-1.2346,0.2079,1.1364,12.1053,2.1852,6.4,31.3,17.9,11,26.2,10,8.1,11.2,26,2.6,6.3,6.7,1,10.1,7,0.1,0,2.4,0.4,2931.3726550015126
1.75,0,357,4916,31.2,6,69.6,10,16.5,20.7,0.6,69.4,67.2,78.8,91.4,89.2,6,41.7,23,80.5,46.8,31.5,21.7,46.8,31.5,20.9,34,31.5,20.9,83.8,74.3,17.2,92.9,93.2,88,86.5,49,89.7,39,87.6,59.6,59.3,94.9,86.3,10.2,13.6,91.8,53.3,16.9,16,16,16.8,91.5,92.7,16,35.4,66.2,85.5,36.5,65.7,40.7,34.1,89.7,89.9,24.8,75.2,33.6,28.5,53.1,33.3,27.5,24.4,66.5,11.1,20.2,35,29.2,96.1,36.5,76.3,85.4,81.6,25.9,23.7,50.3,95.1,91.7,6.6,97.8,93.7,95.9,11.1,88.9,19,81,78.4,18.9,96.5,17.1,16.8,9.9,53.3,51.9,74.9,21.1,53.6,57.3,57.1,63.9,63.7,61.5,61.2,20,90.5,46.8,95.8,78.3,93.1,32.5,72.7,11.2,88.8,31.4,68.6,13.1,86.9,27.6,72.4,11.6,11.3,21.7,68.1,28,12.2,14.3,73.7,73.7,80.8,75.1,40.5,7.2,93.2,84,83.9,90.1,90,97.4,91.9,27,59.4,92.6,92.5,94.9,97.5,99.7,44.4,67.2,67.6,96.9,96.9,76,-40.5941,2.2059,5.0228,-10.8527,25.5474,-2.5184,-1.8947,-5.3763,-10.4294,28.7257,-0.8359,-7.8975,-27.2727,-2.2018,39.6694,75.8242,75.8242,251.8519,22.8956,-4.2353,980.7229,-1.4663,8.7786,-13.4752,18.5383,-35.0877,31.1688,-13.3663,39.7129,10.3359,11.9342,-1.5528,-2.5505,2.8391,-1.5756,0.7353,54.1667,-4.2026,58.3333,-7.9545,-43.2432,-1.5306,1.7857,63.1068,-40.3614,-2.2018,113.1313,-18.417,117.8707,157.6613,12.9944,44,0.9484,15.3166,7.6159,30.2326,-2.8446,110.7383,-19.389,24.7619,-2.905,60.4651,-12.5604,190,-10,3.7274,0.2181,12.9707,-3.8501,1.5,21.2,15.8,16.2,22.2,10.6,4.5,1.7,1.6,14.5,2.7,2.4,27.4,9.3,0.3,0.9,0,4.4,0,3.362631359156181
2.45,0,793,5445,26.4,5.9,76.6,12.2,16.2,22.8,1.2,77.2,67.3,81.9,96.4,73.7,12.8,37.5,31.4,86,44.5,25.6,30,44.5,25.6,28.7,33.6,25.6,28.7,85.2,85.1,10.6,87.8,93.7,85.7,81,48.2,98,45.6,88.6,63,62.7,92.4,90.7,9.5,11.3,90.3,53.2,24.7,15.5,15.5,17,88.6,93.6,19.6,40.8,58.2,88.7,38,70.1,37.1,44.7,90.2,90.3,27.4,72.6,37.4,32.4,49.1,22.4,38.4,18.7,69.5,7.4,18,34.1,31.1,94.2,38,86.2,91.4,87.6,31.7,13.8,54.6,93,90.6,9.8,97.9,95.4,96.7,11.2,88.8,20.6,79.4,90.5,31.9,92.7,20.1,7,19.3,53.2,44.5,70.8,14.6,67.9,62.6,63.1,66.8,67.3,68.2,68.8,20.9,82.9,44.5,89.9,70,98.5,38.5,73.7,17.3,82.7,29.8,70.2,17.7,82.3,25.1,74.9,12.7,10.6,29.7,74.5,27.6,11.9,9.8,79.3,79.3,82.6,77,52.8,13.8,94.8,85.8,85.7,87.5,87.4,95.4,96,25.7,63,94.5,94.8,93.7,95.9,100,50.2,70.2,70.2,98.1,98.1,86.1,0.7874,-1.0554,-0.6329,4.878,68.254,-6.9915,1.4069,4.5122,-8.7539,43.1818,1.7621,0.443,-27.5641,-1.2987,63.5762,0,0,185.209,63.7931,-13.7209,1027.5,-9.4431,-12.9032,-18.3406,8.9342,-44.3609,1.1236,18.8153,-0.9554,14.25,20.6612,-0.9585,5.4715,-0.2039,-3.3435,-1.7276,40,-3.4783,47.1429,-7.6744,-15.6085,-4.0373,45.6522,-54.5455,22.9299,-1.2987,-18.8889,-15.8612,80.4035,109.4044,36.6013,40.8228,-5.3684,1.3025,0.5222,60.1852,-7.287,81.7073,-16.0287,-5.3476,1.23,10.5727,-3.1048,-12.4138,-2.1277,3.8085,1.8028,-6.2044,-1.1603,6.3,19.8,20.5,23.4,17.4,23.3,5.2,3.4,0.8,12.3,1.1,5.2,5,18.5,0.1,0.2,0,1.7,0,6.029014615480627
3.03,0,758,3210,32.6,3.6,78.9,1.6,18.4,21.9,0.9,69.4,67.2,78.8,91.4,89.2,6,41.7,23,80.5,46.8,31.5,21.7,46.8,31.5,20.9,34,31.5,20.9,83.8,74.3,17.2,92.9,93.2,88,86.5,49,89.7,39,87.6,59.6,59.3,94.9,86.3,10.2,13.6,91.8,53.3,16.9,16,16,16.8,91.5,92.7,16,35.4,66.2,85.5,36.5,65.7,40.7,34.1,89.7,89.9,24.8,75.2,33.6,28.5,53.1,33.3,27.5,24.4,66.5,11.1,20.2,35,29.2,96.1,36.5,76.3,85.4,81.6,25.9,23.7,50.3,95.1,91.7,6.6,97.8,93.7,95.9,11.1,88.9,19,81,78.4,18.9,96.5,17.1,16.8,9.9,53.3,51.9,74.9,21.1,53.6,57.3,57.1,63.9,63.7,61.5,61.2,20,90.5,46.8,95.8,78.3,93.1,32.5,72.7,11.2,88.8,31.4,68.6,13.1,86.9,27.6,72.4,11.6,11.3,21.7,68.1,28,12.2,14.3,73.7,73.7,80.8,75.1,40.5,7.2,93.2,84,83.9,90.1,90,97.4,91.9,27,59.4,92.6,92.5,94.9,97.5,99.7,44.4,67.2,67.6,96.9,96.9,76,-40.5941,2.2059,5.0228,-10.8527,25.5474,-2.5184,-1.8947,-5.3763,-10.4294,28.7257,-0.8359,-7.8975,-27.2727,-2.2018,39.6694,75.8242,75.8242,251.8519,22.8956,-4.2353,980.7229,-1.4663,8.7786,-13.4752,18.5383,-35.0877,31.1688,-13.3663,39.7129,10.3359,11.9342,-1.5528,-2.5505,2.8391,-1.5756,0.7353,54.1667,-4.2026,58.3333,-7.9545,-43.2432,-1.5306,1.7857,63.1068,-40.3614,-2.2018,113.1313,-18.417,117.8707,157.6613,12.9944,44,0.9484,15.3166,7.6159,30.2326,-2.8446,110.7383,-19.389,24.7619,-2.905,60.4651,-12.5604,190,-10,3.7274,0.2181,12.9707,-3.8501,4.1,18.6,11.4,18.8,25.1,18.9,3.7,8.2,0,15.9,4.7,3.6,1.5,17.6,0,0.5,0,2.4,0,3.5419296377266356
3.94,0,10190,88009,14.8,5.1,77.6,10.8,16.7,20.7,0.7,75.9,69.7,82,89.3,73.8,12.4,44.2,31.4,85.1,38.5,36.1,25.4,38.5,36.1,24.1,27.6,36.1,24.1,77.4,72,9.8,92,88.8,82.7,74.9,38.9,95.4,53.2,83.3,60.5,61.4,93,89.6,9,17.3,91.1,44.8,24.9,19.9,19.9,12.6,91,94.4,17.5,29,64.2,85.2,37.6,67.8,44.9,48.8,87.2,87.2,21,79,25.4,17.9,43.2,25.1,53.1,23.5,61.5,17.9,13.7,30.9,30.2,97.1,37.6,82.8,83.5,77,31.8,17.2,51,90.1,87.2,17,94.6,95.3,94.9,10.8,89.2,19.8,80.2,84,28.6,94.6,25.6,14.8,14.4,44.8,56.4,71.9,15.3,64.8,69.8,69.8,71,71,72.3,72.3,21.6,81.5,38.5,91.9,74.6,99.2,38.9,67.9,16,84,29.3,70.7,11.3,88.7,21.8,78.2,14.7,11,23.8,64.3,23.9,14.2,10.9,73.1,73.1,82.4,78.9,46.8,12.9,95.3,77.2,77.4,80.8,81,93.1,93.5,27.6,55.1,87.4,87.4,93.1,94,97,47.8,73,72.3,92.8,92.8,72.4,40.9091,16.0105,23.1373,-1.8454,-9.2593,2.3359,-3.792,-9.8146,-12.5,35.3468,-1.8987,-0.4444,-23.4513,-17.9487,55.625,60.4839,60.4839,160.5505,14.6341,-0.4435,1017.9487,-37.284,-46.0843,-34.903,23.494,17.7632,-17.9641,-9.1176,9.4203,6.6411,6.5007,-6.048,-6.3373,-2.9744,1.9251,-0.7322,10.2041,-1.1086,55.9055,-8.1329,-1.7182,-1.9689,52.381,7.2464,50,-17.9487,10.8696,-2.4096,101.7341,124.6835,2.8571,18.4615,-3.2632,17.4803,6.5753,35.5932,-4.7619,78.6585,-15.4306,-28.481,5.3444,-0.4566,0.128,157.8947,31.6327,-1.3771,0.1071,23.2143,-4.7083,5.5,22.9,13.3,22.2,21.4,17.8,3.9,1.3,3.1,26.3,3.4,5.4,1.7,17.9,0.7,0.3,0,3.7,0,100.72207636314512
0.79,0,264624,928384,91.9,0.7,27.8,23.3,28.2,20.6,1.2,81.4,77.7,92.2,89.9,88.6,6.9,45.3,18.4,90.4,40.3,32.8,27,40.3,32.8,25.3,30.7,32.8,25.3,88.2,80.9,18.7,87.4,96,91.8,72,54.3,92.9,37.7,77.9,51,51,95.6,95,8.7,10.3,90.8,56.7,19.2,18,18,17.3,88.7,91.3,13.5,33.6,49.3,79.8,39.6,61,30.4,30.3,85.1,85.2,28.7,71.3,32,26.9,56,37.6,37.9,12.9,65.9,12.3,21.3,31.1,27.9,95.3,39.6,70.2,76.2,71.5,22.6,29.8,47.6,94.3,92.8,11.3,96.8,97.8,97.3,12.2,87.8,21.6,78.4,80.7,25.8,93,11.9,13.4,13,56.7,37.4,69.8,10.1,56.6,77.8,77.8,76.3,76.3,78,78,16.9,84.9,40.3,95,73,94.5,25.2,66,17.5,82.5,33.7,66.3,11.8,88.2,22.8,77.2,19,15.2,19.8,78.5,27.5,7.2,12.1,73.8,73.8,93,86,52.9,7.7,91.9,83,82.8,84.7,84.6,97.4,95.3,19.9,69.8,90.9,90.8,97.8,96.4,100,37.4,60.7,60.8,95.1,95.1,80.6,-11.5385,17.3575,-8,-0.3308,21.4286,-7.1201,0.3135,-0.2174,-20.1026,-1.354,0.3148,0.8493,-28.9655,7.5901,37.1429,9.0909,9.0909,197.7612,25.3165,-13.881,659.8214,1.2658,8.4677,-36.4532,12.0748,-19.0789,10.3627,-14.0884,33.4928,19.4357,24.3478,-1.9751,-0.8547,-0.1032,5.8442,2.529,0.8264,-0.1138,28.5714,-5.7692,10.2564,-3.6269,-20.6667,0,-12.7517,7.5901,6.3158,-6.2914,121.0227,146.9256,-33.2016,-3.3573,0.8493,-2.2758,-18.9711,54.8673,-6.9899,82.1622,-18.6503,-26.7081,5.1251,0.4405,-0.1294,272.549,2.6667,0.309,-1.9547,-3.8647,0.2049,7.6,28.6,31.4,11.2,31.7,12.1,10.8,17.9,4.8,14.4,12.1,5.6,1,19.6,0.9,0.1,0,0.2,0.1,590.9675662102283
3.01,0,6430,39598,23.1,5.6,75,10.8,18.6,18,1.1,67.4,67.1,77,82.3,89.5,10.4,57.7,23,84.4,31.5,34.3,34.1,31.5,34.3,31.5,25.6,34.3,31.5,82.3,68.5,17.5,94.8,94.4,92.7,78,47.7,95.3,38.6,86.3,69.1,69.4,96,89.4,9.6,9.5,94.1,63.6,25.4,11.6,11.6,13.3,94.7,98,10.1,27.3,62.1,88.5,39.6,75,33.6,33.2,89.9,90.2,18.3,81.7,41.3,35.7,65,27.2,45.8,20.6,71.6,16,14.7,34.7,30.9,92.7,39.6,81,90.2,88.6,36.5,19,44.5,96.4,94.6,11.5,92.8,92.7,92.8,8.8,91.2,19.1,80.9,76.8,17,95.7,12,11.7,12.2,63.6,52.9,79.3,16,67.4,69.9,70.3,71.4,71.7,73,73.2,13,81.4,31.5,93.2,65.9,96.5,35.4,75,16.3,83.7,31.8,68.2,11.8,88.2,22.1,77.9,16,14.1,19.5,67.5,24.7,8.1,10.5,77,77,87.9,80.3,41.4,14.8,87.6,78,77.8,80.6,80.4,94,96.5,24,66.5,94.9,94.8,97.4,96.6,98.8,36.1,77.4,77.3,97.6,97.7,79.9,0.9709,8.6629,16.7513,-3.653,-3.8462,-0.5247,-0.3168,-0.10780000000000001,-10.7549,67.7184,-0.4149,-3.4557,-30.6569,0.9524,39.5604,27.4725,27.4725,174.8447,-4.5783,-9.6774,1262.1212,-0.7212,-2.9891,0,13.6508,-22.7053,28.9474,9.1195,-1.9048,9.0689,10.8886,-0.1036,0.1058,-1.3815,-0.2153,-0.7487,35.3846,-2.4599,70.5357,-8.8964,-24.1071,-1.0341,13.2075,-18.75,20.7921,0.9524,26.9841,8.3601,149.6429,191.4286,-2.2556,10.5263,-1.4799,2.0124,9.9379,87.3563,-8.3242,78.6517,-17.0316,8.2569,-1.0101,33.9394,-6.7066,90.4762,4.9645,-0.1063,1.9007,2.5641,-0.1026,4.5,22.1,14.4,20.5,23.1,17.4,6,2.6,2.3,16.6,3.2,5.5,2.6,14.7,0.6,0.2,0,2.2,0.3,41.297070366179426
2.9,7,4584,21620,50.2,3.4,57.2,11,19.1,18.9,0.8,69.4,67.2,78.8,91.4,89.2,6,41.7,23,80.5,46.8,31.5,21.7,46.8,31.5,20.9,34,31.5,20.9,83.8,74.3,17.2,92.9,93.2,88,86.5,49,89.7,39,87.6,59.6,59.3,94.9,86.3,10.2,13.6,91.8,53.3,16.9,16,16,16.8,91.5,92.7,16,35.4,66.2,85.5,36.5,65.7,40.7,34.1,89.7,89.9,24.8,75.2,33.6,28.5,53.1,33.3,27.5,24.4,66.5,11.1,20.2,35,29.2,96.1,36.5,76.3,85.4,81.6,25.9,23.7,50.3,95.1,91.7,6.6,97.8,93.7,95.9,11.1,88.9,19,81,78.4,18.9,96.5,17.1,16.8,9.9,53.3,51.9,74.9,21.1,53.6,57.3,57.1,63.9,63.7,61.5,61.2,20,90.5,46.8,95.8,78.3,93.1,32.5,72.7,11.2,88.8,31.4,68.6,13.1,86.9,27.6,72.4,11.6,11.3,21.7,68.1,28,12.2,14.3,73.7,73.7,80.8,75.1,40.5,7.2,93.2,84,83.9,90.1,90,97.4,91.9,27,59.4,92.6,92.5,94.9,97.5,99.7,44.4,67.2,67.6,96.9,96.9,76,-40.5941,2.2059,5.0228,-10.8527,25.5474,-2.5184,-1.8947,-5.3763,-10.4294,28.7257,-0.8359,-7.8975,-27.2727,-2.2018,39.6694,75.8242,75.8242,251.8519,22.8956,-4.2353,980.7229,-1.4663,8.7786,-13.4752,18.5383,-35.0877,31.1688,-13.3663,39.7129,10.3359,11.9342,-1.5528,-2.5505,2.8391,-1.5756,0.7353,54.1667,-4.2026,58.3333,-7.9545,-43.2432,-1.5306,1.7857,63.1068,-40.3614,-2.2018,113.1313,-18.417,117.8707,157.6613,12.9944,44,0.9484,15.3166,7.6159,30.2326,-2.8446,110.7383,-19.389,24.7619,-2.905,60.4651,-12.5604,190,-10,3.7274,0.2181,12.9707,-3.8501,5.3,20.3,20.5,15,26.6,15.7,8.6,4.2,2.4,15.8,3.4,5.9,2.9,18.5,0.4,0.4,0,1.7,0.1,23.80031266699619
5.54,0,9371,70130,13.8,1.1,84.6,6.1,14.2,32.9,1,73.9,69.9,85.9,87,88.5,11,52.2,20.9,85,34,36.2,29.8,34,36.2,28.1,28.2,36.2,28.1,85.2,76,15.7,93.5,94.4,91.1,76.2,49,95.6,39.1,86,62.6,62.6,96.1,90.8,7,7.3,93.7,62.2,21.9,12.3,12.3,14.2,92.3,97.5,12.2,29.6,61.2,85.5,41.3,70,29.3,35.2,90.7,90.9,20.1,79.9,38.5,33.1,63.5,26,49.9,15.8,75.2,16.2,15.9,36.1,27.6,94.2,41.3,79.7,86.3,83.1,33.9,20.3,45.8,96.6,94.2,12.8,93.2,95.2,94.2,8.9,91.1,17.4,82.6,82.1,23.6,96,10.3,13.1,12.9,62.2,53.6,77,15.3,62.7,73.7,73.6,77.7,77.2,79.5,78.8,16.6,84.6,34,91.8,70.2,97.1,33.5,73.2,16,84,30.6,69.4,12.1,87.9,21.2,78.8,15.4,13.4,17.9,72.4,27.7,6.3,10.3,76.8,76.8,87.7,80.9,43.1,10.1,90.2,87.2,87.2,88.4,88.5,95.7,98,22,70.7,94.6,94.5,95.9,95.7,99.2,37.3,70.7,70.8,97,96.9,81.7,-5.9829,0.578,2.9557,-5.1339,-1.2579,-1.7857,0.4255,-1.1931,-11.7043,67.8284,-0.8256,-2.2605,-50,5.2453,48.9796,18.2692,18.2692,173.1629,9.5491,-20.1635,1033.75,-10.2564,-15.5612,-44.3662,25.1248,-1.2195,10.4167,12.8125,-15.0769,10.9254,12.6016,0.2075,-0.2119,-3.0177,2.9189,-0.2119,56.1404,-3.3934,72.2772,-8.1201,12.9187,-0.8264,-20.7692,-7.0922,8.4034,5.2453,37.8378,-2.3364,161.3475,246.875,-1.7751,10.0324,-1.5021,2.9326,10.1974,77.7778,-7.6923,97.4194,-17.8698,16.3462,-1.8973,32.5,-6.1905,73.0337,-3.8095,2.2436,1.1352,0,-0.6218,5.8,23.2,7.6,25.2,20.7,12.9,3.5,1.9,5.1,17.4,3.3,2.5,1.4,9.7,0.8,0.3,0,2.2,0.2,166.68539985607143
3.01,0,6713,39012,18.7,7,79.7,8.9,18.7,21.9,0.5,75.9,69.7,82,89.3,73.8,12.4,44.2,31.4,85.1,38.5,36.1,25.4,38.5,36.1,24.1,27.6,36.1,24.1,77.4,72,9.8,92,88.8,82.7,74.9,38.9,95.4,53.2,83.3,60.5,61.4,93,89.6,9,17.3,91.1,44.8,24.9,19.9,19.9,12.6,91,94.4,17.5,29,64.2,85.2,37.6,67.8,44.9,48.8,87.2,87.2,21,79,25.4,17.9,43.2,25.1,53.1,23.5,61.5,17.9,13.7,30.9,30.2,97.1,37.6,82.8,83.5,77,31.8,17.2,51,90.1,87.2,17,94.6,95.3,94.9,10.8,89.2,19.8,80.2,84,28.6,94.6,25.6,14.8,14.4,44.8,56.4,71.9,15.3,64.8,69.8,69.8,71,71,72.3,72.3,21.6,81.5,38.5,91.9,74.6,99.2,38.9,67.9,16,84,29.3,70.7,11.3,88.7,21.8,78.2,14.7,11,23.8,64.3,23.9,14.2,10.9,73.1,73.1,82.4,78.9,46.8,12.9,95.3,77.2,77.4,80.8,81,93.1,93.5,27.6,55.1,87.4,87.4,93.1,94,97,47.8,73,72.3,92.8,92.8,72.4,40.9091,16.0105,23.1373,-1.8454,-9.2593,2.3359,-3.792,-9.8146,-12.5,35.3468,-1.8987,-0.4444,-23.4513,-17.9487,55.625,60.4839,60.4839,160.5505,14.6341,-0.4435,1017.9487,-37.284,-46.0843,-34.903,23.494,17.7632,-17.9641,-9.1176,9.4203,6.6411,6.5007,-6.048,-6.3373,-2.9744,1.9251,-0.7322,10.2041,-1.1086,55.9055,-8.1329,-1.7182,-1.9689,52.381,7.2464,50,-17.9487,10.8696,-2.4096,101.7341,124.6835,2.8571,18.4615,-3.2632,17.4803,6.5753,35.5932,-4.7619,78.6585,-15.4306,-28.481,5.3444,-0.4566,0.128,157.8947,31.6327,-1.3771,0.1071,23.2143,-4.7083,4.8,22.5,15.1,18.3,24.2,14.3,5,2.9,3.8,12.9,3.5,4.1,1.4,13.8,0.8,0.3,0.1,1.5,0.3,50.83455707318944
2.96,0,3038,21771,14.5,20.9,61.3,9.2,11.5,14.8,0.4,71.7,70.9,80.7,89.1,90.4,16.1,46.1,26.7,86.8,38.8,37.4,23.8,38.8,37.4,23.4,32.2,37.4,23.4,85.6,75.8,18.9,90,93.1,86.6,76.4,44.6,91.7,43,75.5,50.5,51.1,94.7,91.2,8.9,15.6,91.6,46.6,27.3,17.4,17.4,15.2,92.3,91.4,18.5,34.7,63.9,71.9,44.3,60.3,37.8,41.9,92.4,92.3,23.6,76.4,25.6,16.7,54.2,24.9,46.3,22.4,58.5,16,14.5,33.1,27.3,93.2,44.3,75.6,83.2,79.6,24.2,24.4,51.4,94.2,92,10.3,97.4,89.1,93.1,13.3,86.7,24.9,75.1,82.1,35.4,95.9,15.5,20,16.9,46.6,67,69.2,13.2,63.5,66.4,66.8,75.7,76,78.8,79.3,18.1,75.9,38.8,88.7,76.2,90.7,29.3,69.4,23.3,76.7,33.3,66.7,13.8,86.2,23.5,76.5,12.6,10,21,73.8,30.5,11.4,8.7,77.2,77.2,85.6,79.1,39.9,13.6,92.5,84.1,84.1,85.4,85.4,91.8,94.8,22,62.5,95.5,95.4,91,96.4,99.5,46.7,62.9,62.4,92.2,92.3,65.5,59.4059,21.6359,-11,-4.7201,48.8189,-1.4239,-0.7463,0.1156,-22.3251,8.6022,1.1752,-2.2508,-29.7297,-13.3829,72.7848,22.5352,22.5352,94.3243,38.8715,-16.3717,696.5517,-36.1596,-54.9865,-32.1212,15.1575,10.3448,-20.3297,-10.7817,17.6724,22.1733,36.0684,-1.875,0.8772,0.2058,0.225,-0.1073,62.1951,-5.5556,80.4348,-12.877,-2.7473,-0.6218,-13.8889,28.2051,79.7872,-13.3829,37.5,-10.0567,150.566,250.463,-19.1964,13.1195,-6.8277,8.3926,-26.0101,142.7083,-15.1549,103.0488,-20.2153,-2.1277,0.3492,-13.9194,5.227,77.4648,18.2609,-2.0277,1.7167,-3.9301,-4.2105,4.5,26.7,17.6,22.1,19.7,22.4,5.7,1.3,2.4,20.5,2.3,7.8,13.7,25.1,0.3,0.4,0,3.2,0,17.685609059380393
0.91,0,566,3792,66.7,1.5,32.1,13.7,31.4,9.6,1.3,76.1,73.3,82.8,87.3,90.7,5.8,49.7,24.4,88,36.3,39,24.8,36.3,39,23.2,30.9,39,23.2,87.9,82.3,12.7,91,94,93.1,66.3,49.2,92.3,39.1,86.3,64.3,61.7,96.9,92.1,10.9,12.5,92.5,50.3,23.1,18,18,19,89.4,91.8,22.6,40.5,47.3,82.5,39.3,68.5,33,36.3,87.5,88.1,25.3,74.7,41.1,31.9,66.1,28.5,41.6,17.9,62.1,12.8,20.9,35.1,26.8,91.4,39.3,75.6,84.6,79.9,24.7,24.4,50.9,95.9,94.6,13.2,98.6,93.9,96.1,12.7,87.3,22.4,77.6,76.7,19.2,94.6,12.7,21,14.1,50.3,56.7,70.4,12,60.1,66.8,62.4,73.2,67.1,82.7,73.9,19.9,83.4,36.3,94.9,75.2,92.1,32.6,60.5,16.4,83.6,27.2,72.8,14,86,25.2,74.8,19.1,15.4,23.2,72.9,30.7,7.4,10.5,73.1,73.1,89.7,80.2,53.3,13.6,91.3,83.3,82.3,86.6,84.9,98.7,97.6,20.5,67,92.1,91.7,97.7,95.4,99.1,41.4,70.5,73.5,95.7,95.5,80.3,11.5385,-5.5133,16.1905,-1.676,-34.1969,-5.2083,-1.3641,1.7486,-8.7738,18.854,1.2539,-1.1803,-14.966,-5.6285,44.375,11.8012,11.8012,221.0117,7.0845,-14.9485,525,21.2389,4.2484,7.8313,-0.321,19.6262,3.4653,-13.5468,17.5439,23.5036,26.6244,0.209,1.3934,4.5599,4.102,4.0043,60.7595,-5.2117000000000004,42.6752,-7.9478,-7.2464,-2.4742,-11.1888,77.9661,-16.0714,-5.6285,7.1429,-5.3543,112.7389,152.4138,-21.6535,2.2535,-0.8359,6.3649,5.1613,36.6667,-5,27.6995,-7.4968,14.7541,-2.0501,25.3731,-6.383,315.2174,12.3967,0.5092,-0.9137,-15.2893,0.2051,8.2,22.1,45.1,11,17,32.3,13.7,32.1,0,45.4,6,8.2,26.9,25.6,1,0,0,2.3,0,0.8296598578343345
3.29,0,17062,118261,21.5,8,70.3,9,17,22.6,1.6,73.9,69.9,85.9,87,88.5,11,52.2,20.9,85,34,36.2,29.8,34,36.2,28.1,28.2,36.2,28.1,85.2,76,15.7,93.5,94.4,91.1,76.2,49,95.6,39.1,86,62.6,62.6,96.1,90.8,7,7.3,93.7,62.2,21.9,12.3,12.3,14.2,92.3,97.5,12.2,29.6,61.2,85.5,41.3,70,29.3,35.2,90.7,90.9,20.1,79.9,38.5,33.1,63.5,26,49.9,15.8,75.2,16.2,15.9,36.1,27.6,94.2,41.3,79.7,86.3,83.1,33.9,20.3,45.8,96.6,94.2,12.8,93.2,95.2,94.2,8.9,91.1,17.4,82.6,82.1,23.6,96,10.3,13.1,12.9,62.2,53.6,77,15.3,62.7,73.7,73.6,77.7,77.2,79.5,78.8,16.6,84.6,34,91.8,70.2,97.1,33.5,73.2,16,84,30.6,69.4,12.1,87.9,21.2,78.8,15.4,13.4,17.9,72.4,27.7,6.3,10.3,76.8,76.8,87.7,80.9,43.1,10.1,90.2,87.2,87.2,88.4,88.5,95.7,98,22,70.7,94.6,94.5,95.9,95.7,99.2,37.3,70.7,70.8,97,96.9,81.7,-5.9829,0.578,2.9557,-5.1339,-1.2579,-1.7857,0.4255,-1.1931,-11.7043,67.8284,-0.8256,-2.2605,-50,5.2453,48.9796,18.2692,18.2692,173.1629,9.5491,-20.1635,1033.75,-10.2564,-15.5612,-44.3662,25.1248,-1.2195,10.4167,12.8125,-15.0769,10.9254,12.6016,0.2075,-0.2119,-3.0177,2.9189,-0.2119,56.1404,-3.3934,72.2772,-8.1201,12.9187,-0.8264,-20.7692,-7.0922,8.4034,5.2453,37.8378,-2.3364,161.3475,246.875,-1.7751,10.0324,-1.5021,2.9326,10.1974,77.7778,-7.6923,97.4194,-17.8698,16.3462,-1.8973,32.5,-6.1905,73.0337,-3.8095,2.2436,1.1352,0,-0.6218,5.8,26.2,12.3,15.9,23.8,15.4,5.7,2.3,6,16.5,5.2,4.8,3,14.4,1.1,0.4,0,3.5,0.1,140.7173125307067
2.95,0,3635,20223,24.8,2.2,70.4,9.1,13.1,16.8,0.8,69.4,67.2,78.8,91.4,89.2,6,41.7,23,80.5,46.8,31.5,21.7,46.8,31.5,20.9,34,31.5,20.9,83.8,74.3,17.2,92.9,93.2,88,86.5,49,89.7,39,87.6,59.6,59.3,94.9,86.3,10.2,13.6,91.8,53.3,16.9,16,16,16.8,91.5,92.7,16,35.4,66.2,85.5,36.5,65.7,40.7,34.1,89.7,89.9,24.8,75.2,33.6,28.5,53.1,33.3,27.5,24.4,66.5,11.1,20.2,35,29.2,96.1,36.5,76.3,85.4,81.6,25.9,23.7,50.3,95.1,91.7,6.6,97.8,93.7,95.9,11.1,88.9,19,81,78.4,18.9,96.5,17.1,16.8,9.9,53.3,51.9,74.9,21.1,53.6,57.3,57.1,63.9,63.7,61.5,61.2,20,90.5,46.8,95.8,78.3,93.1,32.5,72.7,11.2,88.8,31.4,68.6,13.1,86.9,27.6,72.4,11.6,11.3,21.7,68.1,28,12.2,14.3,73.7,73.7,80.8,75.1,40.5,7.2,93.2,84,83.9,90.1,90,97.4,91.9,27,59.4,92.6,92.5,94.9,97.5,99.7,44.4,67.2,67.6,96.9,96.9,76,-40.5941,2.2059,5.0228,-10.8527,25.5474,-2.5184,-1.8947,-5.3763,-10.4294,28.7257,-0.8359,-7.8975,-27.2727,-2.2018,39.6694,75.8242,75.8242,251.8519,22.8956,-4.2353,980.7229,-1.4663,8.7786,-13.4752,18.5383,-35.0877,31.1688,-13.3663,39.7129,10.3359,11.9342,-1.5528,-2.5505,2.8391,-1.5756,0.7353,54.1667,-4.2026,58.3333,-7.9545,-43.2432,-1.5306,1.7857,63.1068,-40.3614,-2.2018,113.1313,-18.417,117.8707,157.6613,12.9944,44,0.9484,15.3166,7.6159,30.2326,-2.8446,110.7383,-19.389,24.7619,-2.905,60.4651,-12.5604,190,-10,3.7274,0.2181,12.9707,-3.8501,4.3,15.6,14.1,17.2,25,16.6,4.4,1.3,1.9,8.4,0.6,4.2,0.9,15.9,0.6,0.9,0.3,2.7,0.3,22.788429684862813
5.78,0,334,1475,27.5,0.1,72.5,8.1,14.8,28.3,0,79.3,77.4,84.7,87.5,63.3,5.3,50.5,22.2,85.9,39.8,38.5,21.7,39.8,38.5,19.7,33.9,38.5,19.7,86.9,73.6,21,89.4,96.4,93,75.2,56.5,91,39.6,82,57.8,57.8,98.1,93.2,12.1,20,90.8,47.7,17.1,11.3,11.3,14,91,97.9,15.5,32.9,70.4,55.3,45.8,64.9,50.3,29.1,91.8,91.8,26.3,73.7,24.5,20.9,45.6,34.2,23.5,30.5,60.1,15.8,18.9,30.4,27.5,92.5,45.8,73.6,85.3,82.8,25.2,26.4,48.4,95.4,94.1,7.2,93.1,94.9,94.1,9.8,90.2,16.3,83.7,83.6,28.1,95.1,16.7,12.7,22,47.7,37.8,75.9,15.1,51.8,62.4,62.4,64.7,64.7,57,57,16.8,81.5,39.8,96.3,78.3,94.1,25.2,38.5,12,88,21.8,78.2,15.2,84.8,21.6,78.4,12.8,11.6,18.7,74.5,28.7,4.3,7,76.6,76.6,88.9,86.8,56.8,14.6,94.8,86.5,86.5,89.2,89.2,96.8,86.2,30.2,49.8,98.8,98.8,96.6,96.6,99.3,39.6,62.4,62.4,92.8,92.8,72.2,-61.5942,10.0218,-7.113,-1.2644,7.6923,-5.4968,5.3552,1.5284,-13.5021,-8.5443,1.9751,0.431,-6.1033,4.8352,-12.7551,11.8812,11.8812,153.6697,37.5375,11.7778,3300,-2.3904,-14.6939,-2.2436,14.4762,1.9355,41.0448,-19.7889,15.5462,14.3432,17.1146,-0.5214,0.5342,-0.2144,13.9256,5.6117,-25.7576,3.9171,2.5157,-0.4756,17.0833,-3.4518,-16.0804,-23.0303,40.1274,4.8352,11.0294,-13.2328,42.7918,72.9947,-4,-13.1004,4.902,4.9598,-11.8881,-16.0839,2.6838,-2.2422,0.6435,0,0,-5.2632,1.5544,4.918,25.8621,4.086,-5.586,27.9661,-0.3096,1.3,23.2,11.2,19.4,25.7,13,4.2,0.3,0,19.5,4.9,0.6,0,28.3,0,0,0,0,0,1.4027000830682623
3.06,0,1613,9606,18.7,2.9,85.5,8.1,18,14.5,0.1,77.2,67.3,81.9,96.4,73.7,12.8,37.5,31.4,86,44.5,25.6,30,44.5,25.6,28.7,33.6,25.6,28.7,85.2,85.1,10.6,87.8,93.7,85.7,81,48.2,98,45.6,88.6,63,62.7,92.4,90.7,9.5,11.3,90.3,53.2,24.7,15.5,15.5,17,88.6,93.6,19.6,40.8,58.2,88.7,38,70.1,37.1,44.7,90.2,90.3,27.4,72.6,37.4,32.4,49.1,22.4,38.4,18.7,69.5,7.4,18,34.1,31.1,94.2,38,86.2,91.4,87.6,31.7,13.8,54.6,93,90.6,9.8,97.9,95.4,96.7,11.2,88.8,20.6,79.4,90.5,31.9,92.7,20.1,7,19.3,53.2,44.5,70.8,14.6,67.9,62.6,63.1,66.8,67.3,68.2,68.8,20.9,82.9,44.5,89.9,70,98.5,38.5,73.7,17.3,82.7,29.8,70.2,17.7,82.3,25.1,74.9,12.7,10.6,29.7,74.5,27.6,11.9,9.8,79.3,79.3,82.6,77,52.8,13.8,94.8,85.8,85.7,87.5,87.4,95.4,96,25.7,63,94.5,94.8,93.7,95.9,100,50.2,70.2,70.2,98.1,98.1,86.1,0.7874,-1.0554,-0.6329,4.878,68.254,-6.9915,1.4069,4.5122,-8.7539,43.1818,1.7621,0.443,-27.5641,-1.2987,63.5762,0,0,185.209,63.7931,-13.7209,1027.5,-9.4431,-12.9032,-18.3406,8.9342,-44.3609,1.1236,18.8153,-0.9554,14.25,20.6612,-0.9585,5.4715,-0.2039,-3.3435,-1.7276,40,-3.4783,47.1429,-7.6744,-15.6085,-4.0373,45.6522,-54.5455,22.9299,-1.2987,-18.8889,-15.8612,80.4035,109.4044,36.6013,40.8228,-5.3684,1.3025,0.5222,60.1852,-7.287,81.7073,-16.0287,-5.3476,1.23,10.5727,-3.1048,-12.4138,-2.1277,3.8085,1.8028,-6.2044,-1.1603,8.2,22.6,20.4,17.3,21.9,13.8,8.2,2.6,0.7,17.8,4,10.8,12,16.7,0.7,0,0,1.7,0,10.54478943541232
2.7,0,714,2035,30.1,0,68.6,17.4,14.5,35.9,0.3,76.1,73.3,82.8,87.3,90.7,5.8,49.7,24.4,88,36.3,39,24.8,36.3,39,23.2,30.9,39,23.2,87.9,82.3,12.7,91,94,93.1,66.3,49.2,92.3,39.1,86.3,64.3,61.7,96.9,92.1,10.9,12.5,92.5,50.3,23.1,18,18,19,89.4,91.8,22.6,40.5,47.3,82.5,39.3,68.5,33,36.3,87.5,88.1,25.3,74.7,41.1,31.9,66.1,28.5,41.6,17.9,62.1,12.8,20.9,35.1,26.8,91.4,39.3,75.6,84.6,79.9,24.7,24.4,50.9,95.9,94.6,13.2,98.6,93.9,96.1,12.7,87.3,22.4,77.6,76.7,19.2,94.6,12.7,21,14.1,50.3,56.7,70.4,12,60.1,66.8,62.4,73.2,67.1,82.7,73.9,19.9,83.4,36.3,94.9,75.2,92.1,32.6,60.5,16.4,83.6,27.2,72.8,14,86,25.2,74.8,19.1,15.4,23.2,72.9,30.7,7.4,10.5,73.1,73.1,89.7,80.2,53.3,13.6,91.3,83.3,82.3,86.6,84.9,98.7,97.6,20.5,67,92.1,91.7,97.7,95.4,99.1,41.4,70.5,73.5,95.7,95.5,80.3,11.5385,-5.5133,16.1905,-1.676,-34.1969,-5.2083,-1.3641,1.7486,-8.7738,18.854,1.2539,-1.1803,-14.966,-5.6285,44.375,11.8012,11.8012,221.0117,7.0845,-14.9485,525,21.2389,4.2484,7.8313,-0.321,19.6262,3.4653,-13.5468,17.5439,23.5036,26.6244,0.209,1.3934,4.5599,4.102,4.0043,60.7595,-5.2117000000000004,42.6752,-7.9478,-7.2464,-2.4742,-11.1888,77.9661,-16.0714,-5.6285,7.1429,-5.3543,112.7389,152.4138,-21.6535,2.2535,-0.8359,6.3649,5.1613,36.6667,-5,27.6995,-7.4968,14.7541,-2.0501,25.3731,-6.383,315.2174,12.3967,0.5092,-0.9137,-15.2893,0.2051,0,12,14.3,41.7,14.6,15.2,0,7.1,0,14.3,6.6,2.7,2.1,25.4,0,0,0,0.9,0,0.8986314048423788
2.38,0,40983,258038,24.1,33,40.2,16.4,20.6,19.7,0.9,71.7,70.9,80.7,89.1,90.4,16.1,46.1,26.7,86.8,38.8,37.4,23.8,38.8,37.4,23.4,32.2,37.4,23.4,85.6,75.8,18.9,90,93.1,86.6,76.4,44.6,91.7,43,75.5,50.5,51.1,94.7,91.2,8.9,15.6,91.6,46.6,27.3,17.4,17.4,15.2,92.3,91.4,18.5,34.7,63.9,71.9,44.3,60.3,37.8,41.9,92.4,92.3,23.6,76.4,25.6,16.7,54.2,24.9,46.3,22.4,58.5,16,14.5,33.1,27.3,93.2,44.3,75.6,83.2,79.6,24.2,24.4,51.4,94.2,92,10.3,97.4,89.1,93.1,13.3,86.7,24.9,75.1,82.1,35.4,95.9,15.5,20,16.9,46.6,67,69.2,13.2,63.5,66.4,66.8,75.7,76,78.8,79.3,18.1,75.9,38.8,88.7,76.2,90.7,29.3,69.4,23.3,76.7,33.3,66.7,13.8,86.2,23.5,76.5,12.6,10,21,73.8,30.5,11.4,8.7,77.2,77.2,85.6,79.1,39.9,13.6,92.5,84.1,84.1,85.4,85.4,91.8,94.8,22,62.5,95.5,95.4,91,96.4,99.5,46.7,62.9,62.4,92.2,92.3,65.5,59.4059,21.6359,-11,-4.7201,48.8189,-1.4239,-0.7463,0.1156,-22.3251,8.6022,1.1752,-2.2508,-29.7297,-13.3829,72.7848,22.5352,22.5352,94.3243,38.8715,-16.3717,696.5517,-36.1596,-54.9865,-32.1212,15.1575,10.3448,-20.3297,-10.7817,17.6724,22.1733,36.0684,-1.875,0.8772,0.2058,0.225,-0.1073,62.1951,-5.5556,80.4348,-12.877,-2.7473,-0.6218,-13.8889,28.2051,79.7872,-13.3829,37.5,-10.0567,150.566,250.463,-19.1964,13.1195,-6.8277,8.3926,-26.0101,142.7083,-15.1549,103.0488,-20.2153,-2.1277,0.3492,-13.9194,5.227,77.4648,18.2609,-2.0277,1.7167,-3.9301,-4.2105,5.4,26.7,15.2,14.9,24.3,15.1,10.1,4.8,9.5,3.6,3.2,7.4,6.1,13.2,3.8,0.1,0.1,1.9,0.1,294.3172474803559
0.81,0,2383,15196,53.4,9.5,51,13.6,15.8,14.3,0.8,71.4,69.4,80.3,86.7,94.1,7.8,52.6,26.8,82.4,36.4,34.9,28.7,36.4,34.9,26.7,30.5,34.9,26.7,80.4,78.1,17.7,92.5,94.9,92.4,84.1,47.6,93.9,44.4,84.6,64.3,64.3,96.5,88.4,8.8,7.6,92.9,61.7,27.4,14.9,14.9,16,90.5,94.5,14.3,33.2,59.1,83.8,40.9,73.1,31.3,35.2,90.6,90.7,22.9,77.1,38,32.9,58.7,22.3,50.7,15.6,75.5,16.5,18.3,33.9,26.7,93.7,40.9,79.8,88.4,85.5,33.6,20.2,46.1,96.3,94.6,11.2,92.3,89.7,91,10.9,89.1,22.1,77.9,76.9,20,95.9,11.9,11.7,12.9,61.7,49,77.1,17.8,71.1,65.2,65.5,70.7,71.2,73.7,74.3,18.6,83.6,36.4,94.2,71.3,96.1,31.6,65.6,18.2,81.8,34.6,65.4,14.8,85.2,25.2,74.8,19.3,16.2,21.7,67,31.1,4.8,9.4,76.9,76.9,87.9,80.1,48.4,16.9,89.3,77.3,76.8,80.8,80.4,96.5,96.6,23.5,68.8,95.1,95.1,97,96.4,99.4,38.8,73.9,74.1,96.4,96.3,80.6,-18.75,-3.3088,30.0971,-5.9361,-5.3476,-2.9381,-0.1053,0.2169,-13.0524,70.1058,0.4162,-4.1215,-47.9452,-0.9631,74.5223,2.7586,2.7586,189.9654,16.1932,-16.0858,1141.0959,-2.0619,-3.2353,-21.608,24.1776,-4.6243,34.5588,-14.1772,8.0972,16.7768,20.7627,0.8377,1.0684,-2.017,-1.3201,-1.7279,67.6923,-4.7059,100.9091,-12.4719,-15.2542,-0.1042,3.4783,0.8621,6.6116,-0.9631,41.2698,8.7156,123.2877,208.7336,1.6393,10.303,0.2128,-0.2797,5.3333,109.1954,-10.4053,101.1628,-21.0145,37.037,-4.4843,48.2353,-9.8795,42.963,26.1194,0.9414,0.7299,3.5242,-0.6148,5.3,18.4,23.9,14.4,20.6,13.5,9.6,6.3,3.6,13.8,7.8,8.8,24.9,22.8,1.1,0.2,0,3.5,0,20.322244889006946
4.07,0,169,730,16.1,1,85,1.6,3.8,26.3,2.2,77.2,67.3,81.9,96.4,73.7,12.8,37.5,31.4,86,44.5,25.6,30,44.5,25.6,28.7,33.6,25.6,28.7,85.2,85.1,10.6,87.8,93.7,85.7,81,48.2,98,45.6,88.6,63,62.7,92.4,90.7,9.5,11.3,90.3,53.2,24.7,15.5,15.5,17,88.6,93.6,19.6,40.8,58.2,88.7,38,70.1,37.1,44.7,90.2,90.3,27.4,72.6,37.4,32.4,49.1,22.4,38.4,18.7,69.5,7.4,18,34.1,31.1,94.2,38,86.2,91.4,87.6,31.7,13.8,54.6,93,90.6,9.8,97.9,95.4,96.7,11.2,88.8,20.6,79.4,90.5,31.9,92.7,20.1,7,19.3,53.2,44.5,70.8,14.6,67.9,62.6,63.1,66.8,67.3,68.2,68.8,20.9,82.9,44.5,89.9,70,98.5,38.5,73.7,17.3,82.7,29.8,70.2,17.7,82.3,25.1,74.9,12.7,10.6,29.7,74.5,27.6,11.9,9.8,79.3,79.3,82.6,77,52.8,13.8,94.8,85.8,85.7,87.5,87.4,95.4,96,25.7,63,94.5,94.8,93.7,95.9,100,50.2,70.2,70.2,98.1,98.1,86.1,0.7874,-1.0554,-0.6329,4.878,68.254,-6.9915,1.4069,4.5122,-8.7539,43.1818,1.7621,0.443,-27.5641,-1.2987,63.5762,0,0,185.209,63.7931,-13.7209,1027.5,-9.4431,-12.9032,-18.3406,8.9342,-44.3609,1.1236,18.8153,-0.9554,14.25,20.6612,-0.9585,5.4715,-0.2039,-3.3435,-1.7276,40,-3.4783,47.1429,-7.6744,-15.6085,-4.0373,45.6522,-54.5455,22.9299,-1.2987,-18.8889,-15.8612,80.4035,109.4044,36.6013,40.8228,-5.3684,1.3025,0.5222,60.1852,-7.287,81.7073,-16.0287,-5.3476,1.23,10.5727,-3.1048,-12.4138,-2.1277,3.8085,1.8028,-6.2044,-1.1603,5.4,11.8,11.5,37.3,23.9,20.1,1.6,0.3,0,14.5,0,2.8,9.9,7.3,0,0,0,2.8,0,0.8088584518864415
4.37,0,589,4383,26.5,1.4,74,5.6,13.7,27.1,0.5,79.3,77.4,84.7,87.5,63.3,5.3,50.5,22.2,85.9,39.8,38.5,21.7,39.8,38.5,19.7,33.9,38.5,19.7,86.9,73.6,21,89.4,96.4,93,75.2,56.5,91,39.6,82,57.8,57.8,98.1,93.2,12.1,20,90.8,47.7,17.1,11.3,11.3,14,91,97.9,15.5,32.9,70.4,55.3,45.8,64.9,50.3,29.1,91.8,91.8,26.3,73.7,24.5,20.9,45.6,34.2,23.5,30.5,60.1,15.8,18.9,30.4,27.5,92.5,45.8,73.6,85.3,82.8,25.2,26.4,48.4,95.4,94.1,7.2,93.1,94.9,94.1,9.8,90.2,16.3,83.7,83.6,28.1,95.1,16.7,12.7,22,47.7,37.8,75.9,15.1,51.8,62.4,62.4,64.7,64.7,57,57,16.8,81.5,39.8,96.3,78.3,94.1,25.2,38.5,12,88,21.8,78.2,15.2,84.8,21.6,78.4,12.8,11.6,18.7,74.5,28.7,4.3,7,76.6,76.6,88.9,86.8,56.8,14.6,94.8,86.5,86.5,89.2,89.2,96.8,86.2,30.2,49.8,98.8,98.8,96.6,96.6,99.3,39.6,62.4,62.4,92.8,92.8,72.2,-61.5942,10.0218,-7.113,-1.2644,7.6923,-5.4968,5.3552,1.5284,-13.5021,-8.5443,1.9751,0.431,-6.1033,4.8352,-12.7551,11.8812,11.8812,153.6697,37.5375,11.7778,3300,-2.3904,-14.6939,-2.2436,14.4762,1.9355,41.0448,-19.7889,15.5462,14.3432,17.1146,-0.5214,0.5342,-0.2144,13.9256,5.6117,-25.7576,3.9171,2.5157,-0.4756,17.0833,-3.4518,-16.0804,-23.0303,40.1274,4.8352,11.0294,-13.2328,42.7918,72.9947,-4,-13.1004,4.902,4.9598,-11.8881,-16.0839,2.6838,-2.2422,0.6435,0,0,-5.2632,1.5544,4.918,25.8621,4.086,-5.586,27.9661,-0.3096,0.8,17.8,14.7,28,19.2,18.8,0.9,1.3,1.5,18.3,2.3,4.2,0.8,18.3,0,0,0,1.2,0,3.5036538049795003
2.78,0,521,3108,57.5,0.1,63.1,8.5,21.7,11.8,7.1,71.4,69.4,80.3,86.7,94.1,7.8,52.6,26.8,82.4,36.4,34.9,28.7,36.4,34.9,26.7,30.5,34.9,26.7,80.4,78.1,17.7,92.5,94.9,92.4,84.1,47.6,93.9,44.4,84.6,64.3,64.3,96.5,88.4,8.8,7.6,92.9,61.7,27.4,14.9,14.9,16,90.5,94.5,14.3,33.2,59.1,83.8,40.9,73.1,31.3,35.2,90.6,90.7,22.9,77.1,38,32.9,58.7,22.3,50.7,15.6,75.5,16.5,18.3,33.9,26.7,93.7,40.9,79.8,88.4,85.5,33.6,20.2,46.1,96.3,94.6,11.2,92.3,89.7,91,10.9,89.1,22.1,77.9,76.9,20,95.9,11.9,11.7,12.9,61.7,49,77.1,17.8,71.1,65.2,65.5,70.7,71.2,73.7,74.3,18.6,83.6,36.4,94.2,71.3,96.1,31.6,65.6,18.2,81.8,34.6,65.4,14.8,85.2,25.2,74.8,19.3,16.2,21.7,67,31.1,4.8,9.4,76.9,76.9,87.9,80.1,48.4,16.9,89.3,77.3,76.8,80.8,80.4,96.5,96.6,23.5,68.8,95.1,95.1,97,96.4,99.4,38.8,73.9,74.1,96.4,96.3,80.6,-18.75,-3.3088,30.0971,-5.9361,-5.3476,-2.9381,-0.1053,0.2169,-13.0524,70.1058,0.4162,-4.1215,-47.9452,-0.9631,74.5223,2.7586,2.7586,189.9654,16.1932,-16.0858,1141.0959,-2.0619,-3.2353,-21.608,24.1776,-4.6243,34.5588,-14.1772,8.0972,16.7768,20.7627,0.8377,1.0684,-2.017,-1.3201,-1.7279,67.6923,-4.7059,100.9091,-12.4719,-15.2542,-0.1042,3.4783,0.8621,6.6116,-0.9631,41.2698,8.7156,123.2877,208.7336,1.6393,10.303,0.2128,-0.2797,5.3333,109.1954,-10.4053,101.1628,-21.0145,37.037,-4.4843,48.2353,-9.8795,42.963,26.1194,0.9414,0.7299,3.5242,-0.6148,1.9,11.5,15.4,24,11.8,34,5.4,6.3,1.7,14,0,3.1,7,33.4,0,0,0,0.4,0,2.284399153602938
0.94,0,710,3246,33.5,4.9,68.1,11.9,17.7,13.5,1.1,77.2,67.3,81.9,96.4,73.7,12.8,37.5,31.4,86,44.5,25.6,30,44.5,25.6,28.7,33.6,25.6,28.7,85.2,85.1,10.6,87.8,93.7,85.7,81,48.2,98,45.6,88.6,63,62.7,92.4,90.7,9.5,11.3,90.3,53.2,24.7,15.5,15.5,17,88.6,93.6,19.6,40.8,58.2,88.7,38,70.1,37.1,44.7,90.2,90.3,27.4,72.6,37.4,32.4,49.1,22.4,38.4,18.7,69.5,7.4,18,34.1,31.1,94.2,38,86.2,91.4,87.6,31.7,13.8,54.6,93,90.6,9.8,97.9,95.4,96.7,11.2,88.8,20.6,79.4,90.5,31.9,92.7,20.1,7,19.3,53.2,44.5,70.8,14.6,67.9,62.6,63.1,66.8,67.3,68.2,68.8,20.9,82.9,44.5,89.9,70,98.5,38.5,73.7,17.3,82.7,29.8,70.2,17.7,82.3,25.1,74.9,12.7,10.6,29.7,74.5,27.6,11.9,9.8,79.3,79.3,82.6,77,52.8,13.8,94.8,85.8,85.7,87.5,87.4,95.4,96,25.7,63,94.5,94.8,93.7,95.9,100,50.2,70.2,70.2,98.1,98.1,86.1,0.7874,-1.0554,-0.6329,4.878,68.254,-6.9915,1.4069,4.5122,-8.7539,43.1818,1.7621,0.443,-27.5641,-1.2987,63.5762,0,0,185.209,63.7931,-13.7209,1027.5,-9.4431,-12.9032,-18.3406,8.9342,-44.3609,1.1236,18.8153,-0.9554,14.25,20.6612,-0.9585,5.4715,-0.2039,-3.3435,-1.7276,40,-3.4783,47.1429,-7.6744,-15.6085,-4.0373,45.6522,-54.5455,22.9299,-1.2987,-18.8889,-15.8612,80.4035,109.4044,36.6013,40.8228,-5.3684,1.3025,0.5222,60.1852,-7.287,81.7073,-16.0287,-5.3476,1.23,10.5727,-3.1048,-12.4138,-2.1277,3.8085,1.8028,-6.2044,-1.1603,1.6,20,18.2,18.6,24.5,19.8,4.6,3.2,2.6,3.8,1.3,3.4,4,16.9,1.9,0.1,0,2.1,0.2,3.816036562636469
2.95,1,2630,23572,58.3,3.7,68.4,9.3,25.1,14.3,0.5,69.4,67.2,78.8,91.4,89.2,6,41.7,23,80.5,46.8,31.5,21.7,46.8,31.5,20.9,34,31.5,20.9,83.8,74.3,17.2,92.9,93.2,88,86.5,49,89.7,39,87.6,59.6,59.3,94.9,86.3,10.2,13.6,91.8,53.3,16.9,16,16,16.8,91.5,92.7,16,35.4,66.2,85.5,36.5,65.7,40.7,34.1,89.7,89.9,24.8,75.2,33.6,28.5,53.1,33.3,27.5,24.4,66.5,11.1,20.2,35,29.2,96.1,36.5,76.3,85.4,81.6,25.9,23.7,50.3,95.1,91.7,6.6,97.8,93.7,95.9,11.1,88.9,19,81,78.4,18.9,96.5,17.1,16.8,9.9,53.3,51.9,74.9,21.1,53.6,57.3,57.1,63.9,63.7,61.5,61.2,20,90.5,46.8,95.8,78.3,93.1,32.5,72.7,11.2,88.8,31.4,68.6,13.1,86.9,27.6,72.4,11.6,11.3,21.7,68.1,28,12.2,14.3,73.7,73.7,80.8,75.1,40.5,7.2,93.2,84,83.9,90.1,90,97.4,91.9,27,59.4,92.6,92.5,94.9,97.5,99.7,44.4,67.2,67.6,96.9,96.9,76,-40.5941,2.2059,5.0228,-10.8527,25.5474,-2.5184,-1.8947,-5.3763,-10.4294,28.7257,-0.8359,-7.8975,-27.2727,-2.2018,39.6694,75.8242,75.8242,251.8519,22.8956,-4.2353,980.7229,-1.4663,8.7786,-13.4752,18.5383,-35.0877,31.1688,-13.3663,39.7129,10.3359,11.9342,-1.5528,-2.5505,2.8391,-1.5756,0.7353,54.1667,-4.2026,58.3333,-7.9545,-43.2432,-1.5306,1.7857,63.1068,-40.3614,-2.2018,113.1313,-18.417,117.8707,157.6613,12.9944,44,0.9484,15.3166,7.6159,30.2326,-2.8446,110.7383,-19.389,24.7619,-2.905,60.4651,-12.5604,190,-10,3.7274,0.2181,12.9707,-3.8501,2.8,16.8,23.3,17.1,27.4,16.3,10.1,7.7,0.6,9.8,5.2,4.9,1.5,22,0.4,0.1,0.3,1.4,0,23.196656686431698
4.29,0,3956,6735,20.5,4,76.8,6.8,12.9,24.3,3.7,67.4,67.1,77,82.3,89.5,10.4,57.7,23,84.4,31.5,34.3,34.1,31.5,34.3,31.5,25.6,34.3,31.5,82.3,68.5,17.5,94.8,94.4,92.7,78,47.7,95.3,38.6,86.3,69.1,69.4,96,89.4,9.6,9.5,94.1,63.6,25.4,11.6,11.6,13.3,94.7,98,10.1,27.3,62.1,88.5,39.6,75,33.6,33.2,89.9,90.2,18.3,81.7,41.3,35.7,65,27.2,45.8,20.6,71.6,16,14.7,34.7,30.9,92.7,39.6,81,90.2,88.6,36.5,19,44.5,96.4,94.6,11.5,92.8,92.7,92.8,8.8,91.2,19.1,80.9,76.8,17,95.7,12,11.7,12.2,63.6,52.9,79.3,16,67.4,69.9,70.3,71.4,71.7,73,73.2,13,81.4,31.5,93.2,65.9,96.5,35.4,75,16.3,83.7,31.8,68.2,11.8,88.2,22.1,77.9,16,14.1,19.5,67.5,24.7,8.1,10.5,77,77,87.9,80.3,41.4,14.8,87.6,78,77.8,80.6,80.4,94,96.5,24,66.5,94.9,94.8,97.4,96.6,98.8,36.1,77.4,77.3,97.6,97.7,79.9,0.9709,8.6629,16.7513,-3.653,-3.8462,-0.5247,-0.3168,-0.10780000000000001,-10.7549,67.7184,-0.4149,-3.4557,-30.6569,0.9524,39.5604,27.4725,27.4725,174.8447,-4.5783,-9.6774,1262.1212,-0.7212,-2.9891,0,13.6508,-22.7053,28.9474,9.1195,-1.9048,9.0689,10.8886,-0.1036,0.1058,-1.3815,-0.2153,-0.7487,35.3846,-2.4599,70.5357,-8.8964,-24.1071,-1.0341,13.2075,-18.75,20.7921,0.9524,26.9841,8.3601,149.6429,191.4286,-2.2556,10.5263,-1.4799,2.0124,9.9379,87.3563,-8.3242,78.6517,-17.0316,8.2569,-1.0101,33.9394,-6.7066,90.4762,4.9645,-0.1063,1.9007,2.5641,-0.1026,5.3,24.5,9.7,20.5,21.3,22.9,5.3,0.9,1.6,15.7,2.5,4.4,1.2,13,1.1,0.3,0,3.8,0.1,9.452258892753962
2.92,0,2547,20919,20.1,3.6,74,8.6,10.5,22.2,0.2,71.4,69.4,80.3,86.7,94.1,7.8,52.6,26.8,82.4,36.4,34.9,28.7,36.4,34.9,26.7,30.5,34.9,26.7,80.4,78.1,17.7,92.5,94.9,92.4,84.1,47.6,93.9,44.4,84.6,64.3,64.3,96.5,88.4,8.8,7.6,92.9,61.7,27.4,14.9,14.9,16,90.5,94.5,14.3,33.2,59.1,83.8,40.9,73.1,31.3,35.2,90.6,90.7,22.9,77.1,38,32.9,58.7,22.3,50.7,15.6,75.5,16.5,18.3,33.9,26.7,93.7,40.9,79.8,88.4,85.5,33.6,20.2,46.1,96.3,94.6,11.2,92.3,89.7,91,10.9,89.1,22.1,77.9,76.9,20,95.9,11.9,11.7,12.9,61.7,49,77.1,17.8,71.1,65.2,65.5,70.7,71.2,73.7,74.3,18.6,83.6,36.4,94.2,71.3,96.1,31.6,65.6,18.2,81.8,34.6,65.4,14.8,85.2,25.2,74.8,19.3,16.2,21.7,67,31.1,4.8,9.4,76.9,76.9,87.9,80.1,48.4,16.9,89.3,77.3,76.8,80.8,80.4,96.5,96.6,23.5,68.8,95.1,95.1,97,96.4,99.4,38.8,73.9,74.1,96.4,96.3,80.6,-18.75,-3.3088,30.0971,-5.9361,-5.3476,-2.9381,-0.1053,0.2169,-13.0524,70.1058,0.4162,-4.1215,-47.9452,-0.9631,74.5223,2.7586,2.7586,189.9654,16.1932,-16.0858,1141.0959,-2.0619,-3.2353,-21.608,24.1776,-4.6243,34.5588,-14.1772,8.0972,16.7768,20.7627,0.8377,1.0684,-2.017,-1.3201,-1.7279,67.6923,-4.7059,100.9091,-12.4719,-15.2542,-0.1042,3.4783,0.8621,6.6116,-0.9631,41.2698,8.7156,123.2877,208.7336,1.6393,10.303,0.2128,-0.2797,5.3333,109.1954,-10.4053,101.1628,-21.0145,37.037,-4.4843,48.2353,-9.8795,42.963,26.1194,0.9414,0.7299,3.5242,-0.6148,3,18.6,14.7,23.7,23.6,14.4,4.8,1.5,1.3,14.4,3.5,3.6,2.2,19.8,0.5,0,0,2.7,0,21.572455959283776
2.29,0,3108,18432,26.6,9.6,65.8,11.5,16.1,20.9,1,67.4,67.1,77,82.3,89.5,10.4,57.7,23,84.4,31.5,34.3,34.1,31.5,34.3,31.5,25.6,34.3,31.5,82.3,68.5,17.5,94.8,94.4,92.7,78,47.7,95.3,38.6,86.3,69.1,69.4,96,89.4,9.6,9.5,94.1,63.6,25.4,11.6,11.6,13.3,94.7,98,10.1,27.3,62.1,88.5,39.6,75,33.6,33.2,89.9,90.2,18.3,81.7,41.3,35.7,65,27.2,45.8,20.6,71.6,16,14.7,34.7,30.9,92.7,39.6,81,90.2,88.6,36.5,19,44.5,96.4,94.6,11.5,92.8,92.7,92.8,8.8,91.2,19.1,80.9,76.8,17,95.7,12,11.7,12.2,63.6,52.9,79.3,16,67.4,69.9,70.3,71.4,71.7,73,73.2,13,81.4,31.5,93.2,65.9,96.5,35.4,75,16.3,83.7,31.8,68.2,11.8,88.2,22.1,77.9,16,14.1,19.5,67.5,24.7,8.1,10.5,77,77,87.9,80.3,41.4,14.8,87.6,78,77.8,80.6,80.4,94,96.5,24,66.5,94.9,94.8,97.4,96.6,98.8,36.1,77.4,77.3,97.6,97.7,79.9,0.9709,8.6629,16.7513,-3.653,-3.8462,-0.5247,-0.3168,-0.10780000000000001,-10.7549,67.7184,-0.4149,-3.4557,-30.6569,0.9524,39.5604,27.4725,27.4725,174.8447,-4.5783,-9.6774,1262.1212,-0.7212,-2.9891,0,13.6508,-22.7053,28.9474,9.1195,-1.9048,9.0689,10.8886,-0.1036,0.1058,-1.3815,-0.2153,-0.7487,35.3846,-2.4599,70.5357,-8.8964,-24.1071,-1.0341,13.2075,-18.75,20.7921,0.9524,26.9841,8.3601,149.6429,191.4286,-2.2556,10.5263,-1.4799,2.0124,9.9379,87.3563,-8.3242,78.6517,-17.0316,8.2569,-1.0101,33.9394,-6.7066,90.4762,4.9645,-0.1063,1.9007,2.5641,-0.1026,2.8,23,13.5,20.5,21.5,15.6,5.5,2.7,2.1,22.7,4.6,4.7,2.5,19.3,0.4,0.2,0,2.3,0,29.301829753381874
1.24,0,24410,117976,39.6,7.6,56.8,15.9,26.2,11.9,1.1,77.3,69.8,85,87.1,89.2,9.6,47.9,16.7,86,36.8,30.6,32.5,36.8,30.6,29.3,31.8,30.6,29.3,84.2,73.1,17,94.4,93.4,94.5,74,54.7,91.1,35.5,87.8,58.2,57.9,97.1,93.2,6,11.2,95.2,58.4,17.6,11.8,11.8,14.8,92.6,96.3,11.9,27.9,48.8,84,48.8,63.9,32.5,33.5,90.6,90.7,18.2,81.8,36.2,32.3,52.4,22,49.8,23.3,65.6,17.3,14,37.2,27.3,92.9,48.8,71.2,82.3,78.4,29.8,28.8,41.4,97.2,95.6,11.1,95.5,89.4,92.5,8.9,91.1,14.8,85.2,75.9,19.5,97.4,12.8,15.5,12.6,58.4,44.2,74.4,14.6,65.7,75.2,74.6,81.1,81,84.4,84.3,17.3,87.8,36.8,92.5,67.5,96.5,30.4,69.6,13.3,86.7,28.4,71.6,11,89,20.8,79.2,18.3,16,23.5,64.9,29.6,5.6,13,72.2,72.2,90.5,83.1,48.8,8,91,85.5,85.3,89.2,89.1,96.4,97.9,21.3,67.5,94.7,94.6,98.2,97.4,99.7,37.9,65.9,66.2,97,97,74.3,18.5185,7.1588,-15.6566,-5.2863,14.094,0.2123,-1.7876,3.2787,-8.8266,40.9201,0.7261,-1.7914,-13.1783,-1.6835,36.4341,14.5631,14.5631,178.1457,31.5364,1.8809,991.5663,1.1173,1.5723,3.0973,9.8827,-11.7347,-11.3924,7.8261,9.6386,13.5172,15.9763,1.3556,1.3786,-0.209,-6.0924,-3.1414,67.9245,-3.8015,54.1667,-5.7522,-17.0213,-0.5107,7.563,-1.2739,13.5135,-1.6835,48.9796,-2.2321,225.5411,309.596,-3.8889,8.2353,-2.734,-1.1713,0.9967,46.1538,-4.6205,65.1163,-13.5266,17.0213,-1.766,24.5509,-4.922,177.2727,-1.2346,0.2079,1.1364,12.1053,2.1852,6.9,24.9,21.6,12.6,27.9,16.2,5.3,5.6,2.7,29.1,6.7,4.6,6.6,12.3,0.4,0.2,0,2.5,0.1,101.84806406861925
1.46,0,3628,22049,23.5,17.1,59.1,10.9,17.7,18.5,0.6,67.4,67.1,77,82.3,89.5,10.4,57.7,23,84.4,31.5,34.3,34.1,31.5,34.3,31.5,25.6,34.3,31.5,82.3,68.5,17.5,94.8,94.4,92.7,78,47.7,95.3,38.6,86.3,69.1,69.4,96,89.4,9.6,9.5,94.1,63.6,25.4,11.6,11.6,13.3,94.7,98,10.1,27.3,62.1,88.5,39.6,75,33.6,33.2,89.9,90.2,18.3,81.7,41.3,35.7,65,27.2,45.8,20.6,71.6,16,14.7,34.7,30.9,92.7,39.6,81,90.2,88.6,36.5,19,44.5,96.4,94.6,11.5,92.8,92.7,92.8,8.8,91.2,19.1,80.9,76.8,17,95.7,12,11.7,12.2,63.6,52.9,79.3,16,67.4,69.9,70.3,71.4,71.7,73,73.2,13,81.4,31.5,93.2,65.9,96.5,35.4,75,16.3,83.7,31.8,68.2,11.8,88.2,22.1,77.9,16,14.1,19.5,67.5,24.7,8.1,10.5,77,77,87.9,80.3,41.4,14.8,87.6,78,77.8,80.6,80.4,94,96.5,24,66.5,94.9,94.8,97.4,96.6,98.8,36.1,77.4,77.3,97.6,97.7,79.9,0.9709,8.6629,16.7513,-3.653,-3.8462,-0.5247,-0.3168,-0.10780000000000001,-10.7549,67.7184,-0.4149,-3.4557,-30.6569,0.9524,39.5604,27.4725,27.4725,174.8447,-4.5783,-9.6774,1262.1212,-0.7212,-2.9891,0,13.6508,-22.7053,28.9474,9.1195,-1.9048,9.0689,10.8886,-0.1036,0.1058,-1.3815,-0.2153,-0.7487,35.3846,-2.4599,70.5357,-8.8964,-24.1071,-1.0341,13.2075,-18.75,20.7921,0.9524,26.9841,8.3601,149.6429,191.4286,-2.2556,10.5263,-1.4799,2.0124,9.9379,87.3563,-8.3242,78.6517,-17.0316,8.2569,-1.0101,33.9394,-6.7066,90.4762,4.9645,-0.1063,1.9007,2.5641,-0.1026,3.6,23.9,15.4,20.6,22.3,16.8,8.8,2.8,1.1,19.3,4.7,3.9,4.2,30.1,1,0.4,0.1,2.5,0.2,24.351972817142677
4.15,0,611,2745,38.6,0,70.9,11.7,18.1,22.4,1.6,69.4,67.2,78.8,91.4,89.2,6,41.7,23,80.5,46.8,31.5,21.7,46.8,31.5,20.9,34,31.5,20.9,83.8,74.3,17.2,92.9,93.2,88,86.5,49,89.7,39,87.6,59.6,59.3,94.9,86.3,10.2,13.6,91.8,53.3,16.9,16,16,16.8,91.5,92.7,16,35.4,66.2,85.5,36.5,65.7,40.7,34.1,89.7,89.9,24.8,75.2,33.6,28.5,53.1,33.3,27.5,24.4,66.5,11.1,20.2,35,29.2,96.1,36.5,76.3,85.4,81.6,25.9,23.7,50.3,95.1,91.7,6.6,97.8,93.7,95.9,11.1,88.9,19,81,78.4,18.9,96.5,17.1,16.8,9.9,53.3,51.9,74.9,21.1,53.6,57.3,57.1,63.9,63.7,61.5,61.2,20,90.5,46.8,95.8,78.3,93.1,32.5,72.7,11.2,88.8,31.4,68.6,13.1,86.9,27.6,72.4,11.6,11.3,21.7,68.1,28,12.2,14.3,73.7,73.7,80.8,75.1,40.5,7.2,93.2,84,83.9,90.1,90,97.4,91.9,27,59.4,92.6,92.5,94.9,97.5,99.7,44.4,67.2,67.6,96.9,96.9,76,-40.5941,2.2059,5.0228,-10.8527,25.5474,-2.5184,-1.8947,-5.3763,-10.4294,28.7257,-0.8359,-7.8975,-27.2727,-2.2018,39.6694,75.8242,75.8242,251.8519,22.8956,-4.2353,980.7229,-1.4663,8.7786,-13.4752,18.5383,-35.0877,31.1688,-13.3663,39.7129,10.3359,11.9342,-1.5528,-2.5505,2.8391,-1.5756,0.7353,54.1667,-4.2026,58.3333,-7.9545,-43.2432,-1.5306,1.7857,63.1068,-40.3614,-2.2018,113.1313,-18.417,117.8707,157.6613,12.9944,44,0.9484,15.3166,7.6159,30.2326,-2.8446,110.7383,-19.389,24.7619,-2.905,60.4651,-12.5604,190,-10,3.7274,0.2181,12.9707,-3.8501,5.9,12.3,14.9,16.7,29.3,15.3,12,7.9,0,11.2,7,4.3,1.6,13.3,0,0.9,0.5,4.7,0,2.9446047057785196
1.62,0,1629,12111,42.3,2.3,69.7,15,18.3,15.9,0.6,81.4,77.7,92.2,89.9,88.6,6.9,45.3,18.4,90.4,40.3,32.8,27,40.3,32.8,25.3,30.7,32.8,25.3,88.2,80.9,18.7,87.4,96,91.8,72,54.3,92.9,37.7,77.9,51,51,95.6,95,8.7,10.3,90.8,56.7,19.2,18,18,17.3,88.7,91.3,13.5,33.6,49.3,79.8,39.6,61,30.4,30.3,85.1,85.2,28.7,71.3,32,26.9,56,37.6,37.9,12.9,65.9,12.3,21.3,31.1,27.9,95.3,39.6,70.2,76.2,71.5,22.6,29.8,47.6,94.3,92.8,11.3,96.8,97.8,97.3,12.2,87.8,21.6,78.4,80.7,25.8,93,11.9,13.4,13,56.7,37.4,69.8,10.1,56.6,77.8,77.8,76.3,76.3,78,78,16.9,84.9,40.3,95,73,94.5,25.2,66,17.5,82.5,33.7,66.3,11.8,88.2,22.8,77.2,19,15.2,19.8,78.5,27.5,7.2,12.1,73.8,73.8,93,86,52.9,7.7,91.9,83,82.8,84.7,84.6,97.4,95.3,19.9,69.8,90.9,90.8,97.8,96.4,100,37.4,60.7,60.8,95.1,95.1,80.6,-11.5385,17.3575,-8,-0.3308,21.4286,-7.1201,0.3135,-0.2174,-20.1026,-1.354,0.3148,0.8493,-28.9655,7.5901,37.1429,9.0909,9.0909,197.7612,25.3165,-13.881,659.8214,1.2658,8.4677,-36.4532,12.0748,-19.0789,10.3627,-14.0884,33.4928,19.4357,24.3478,-1.9751,-0.8547,-0.1032,5.8442,2.529,0.8264,-0.1138,28.5714,-5.7692,10.2564,-3.6269,-20.6667,0,-12.7517,7.5901,6.3158,-6.2914,121.0227,146.9256,-33.2016,-3.3573,0.8493,-2.2758,-18.9711,54.8673,-6.9899,82.1622,-18.6503,-26.7081,5.1251,0.4405,-0.1294,272.549,2.6667,0.309,-1.9547,-3.8647,0.2049,3.6,19.4,24.6,21.3,19.6,16.3,5.3,3.5,2.1,19.7,4.5,6.9,13.2,31,2.3,0,0.7,3.2,0,11.64861664078799
2.12,52,51155,329582,36.2,7.4,63,11.2,13.9,33.4,0.9,69.4,67.2,78.8,91.4,89.2,6,41.7,23,80.5,46.8,31.5,21.7,46.8,31.5,20.9,34,31.5,20.9,83.8,74.3,17.2,92.9,93.2,88,86.5,49,89.7,39,87.6,59.6,59.3,94.9,86.3,10.2,13.6,91.8,53.3,16.9,16,16,16.8,91.5,92.7,16,35.4,66.2,85.5,36.5,65.7,40.7,34.1,89.7,89.9,24.8,75.2,33.6,28.5,53.1,33.3,27.5,24.4,66.5,11.1,20.2,35,29.2,96.1,36.5,76.3,85.4,81.6,25.9,23.7,50.3,95.1,91.7,6.6,97.8,93.7,95.9,11.1,88.9,19,81,78.4,18.9,96.5,17.1,16.8,9.9,53.3,51.9,74.9,21.1,53.6,57.3,57.1,63.9,63.7,61.5,61.2,20,90.5,46.8,95.8,78.3,93.1,32.5,72.7,11.2,88.8,31.4,68.6,13.1,86.9,27.6,72.4,11.6,11.3,21.7,68.1,28,12.2,14.3,73.7,73.7,80.8,75.1,40.5,7.2,93.2,84,83.9,90.1,90,97.4,91.9,27,59.4,92.6,92.5,94.9,97.5,99.7,44.4,67.2,67.6,96.9,96.9,76,-40.5941,2.2059,5.0228,-10.8527,25.5474,-2.5184,-1.8947,-5.3763,-10.4294,28.7257,-0.8359,-7.8975,-27.2727,-2.2018,39.6694,75.8242,75.8242,251.8519,22.8956,-4.2353,980.7229,-1.4663,8.7786,-13.4752,18.5383,-35.0877,31.1688,-13.3663,39.7129,10.3359,11.9342,-1.5528,-2.5505,2.8391,-1.5756,0.7353,54.1667,-4.2026,58.3333,-7.9545,-43.2432,-1.5306,1.7857,63.1068,-40.3614,-2.2018,113.1313,-18.417,117.8707,157.6613,12.9944,44,0.9484,15.3166,7.6159,30.2326,-2.8446,110.7383,-19.389,24.7619,-2.905,60.4651,-12.5604,190,-10,3.7274,0.2181,12.9707,-3.8501,4.6,30.8,11.7,12.7,23.6,12.9,6.7,1.7,14.6,4.7,3,5.6,4.2,14,2.3,0.2,0.1,2.5,0.2,368.0007944645888
5.12,2,1706,6326,41.2,1.8,61.9,13.7,12.9,26.8,0.2,69.4,67.2,78.8,91.4,89.2,6,41.7,23,80.5,46.8,31.5,21.7,46.8,31.5,20.9,34,31.5,20.9,83.8,74.3,17.2,92.9,93.2,88,86.5,49,89.7,39,87.6,59.6,59.3,94.9,86.3,10.2,13.6,91.8,53.3,16.9,16,16,16.8,91.5,92.7,16,35.4,66.2,85.5,36.5,65.7,40.7,34.1,89.7,89.9,24.8,75.2,33.6,28.5,53.1,33.3,27.5,24.4,66.5,11.1,20.2,35,29.2,96.1,36.5,76.3,85.4,81.6,25.9,23.7,50.3,95.1,91.7,6.6,97.8,93.7,95.9,11.1,88.9,19,81,78.4,18.9,96.5,17.1,16.8,9.9,53.3,51.9,74.9,21.1,53.6,57.3,57.1,63.9,63.7,61.5,61.2,20,90.5,46.8,95.8,78.3,93.1,32.5,72.7,11.2,88.8,31.4,68.6,13.1,86.9,27.6,72.4,11.6,11.3,21.7,68.1,28,12.2,14.3,73.7,73.7,80.8,75.1,40.5,7.2,93.2,84,83.9,90.1,90,97.4,91.9,27,59.4,92.6,92.5,94.9,97.5,99.7,44.4,67.2,67.6,96.9,96.9,76,-40.5941,2.2059,5.0228,-10.8527,25.5474,-2.5184,-1.8947,-5.3763,-10.4294,28.7257,-0.8359,-7.8975,-27.2727,-2.2018,39.6694,75.8242,75.8242,251.8519,22.8956,-4.2353,980.7229,-1.4663,8.7786,-13.4752,18.5383,-35.0877,31.1688,-13.3663,39.7129,10.3359,11.9342,-1.5528,-2.5505,2.8391,-1.5756,0.7353,54.1667,-4.2026,58.3333,-7.9545,-43.2432,-1.5306,1.7857,63.1068,-40.3614,-2.2018,113.1313,-18.417,117.8707,157.6613,12.9944,44,0.9484,15.3166,7.6159,30.2326,-2.8446,110.7383,-19.389,24.7619,-2.905,60.4651,-12.5604,190,-10,3.7274,0.2181,12.9707,-3.8501,3.6,22.3,18.6,15.8,27.3,19.7,5.8,3.1,1.7,4.3,1.2,4.2,1.1,17,0.2,0.1,0.2,2.1,0,7.09298899270426
1.58,0,2710,7489,26.2,15.5,59.2,10.5,12.9,18.4,1.6,67.4,67.1,77,82.3,89.5,10.4,57.7,23,84.4,31.5,34.3,34.1,31.5,34.3,31.5,25.6,34.3,31.5,82.3,68.5,17.5,94.8,94.4,92.7,78,47.7,95.3,38.6,86.3,69.1,69.4,96,89.4,9.6,9.5,94.1,63.6,25.4,11.6,11.6,13.3,94.7,98,10.1,27.3,62.1,88.5,39.6,75,33.6,33.2,89.9,90.2,18.3,81.7,41.3,35.7,65,27.2,45.8,20.6,71.6,16,14.7,34.7,30.9,92.7,39.6,81,90.2,88.6,36.5,19,44.5,96.4,94.6,11.5,92.8,92.7,92.8,8.8,91.2,19.1,80.9,76.8,17,95.7,12,11.7,12.2,63.6,52.9,79.3,16,67.4,69.9,70.3,71.4,71.7,73,73.2,13,81.4,31.5,93.2,65.9,96.5,35.4,75,16.3,83.7,31.8,68.2,11.8,88.2,22.1,77.9,16,14.1,19.5,67.5,24.7,8.1,10.5,77,77,87.9,80.3,41.4,14.8,87.6,78,77.8,80.6,80.4,94,96.5,24,66.5,94.9,94.8,97.4,96.6,98.8,36.1,77.4,77.3,97.6,97.7,79.9,0.9709,8.6629,16.7513,-3.653,-3.8462,-0.5247,-0.3168,-0.10780000000000001,-10.7549,67.7184,-0.4149,-3.4557,-30.6569,0.9524,39.5604,27.4725,27.4725,174.8447,-4.5783,-9.6774,1262.1212,-0.7212,-2.9891,0,13.6508,-22.7053,28.9474,9.1195,-1.9048,9.0689,10.8886,-0.1036,0.1058,-1.3815,-0.2153,-0.7487,35.3846,-2.4599,70.5357,-8.8964,-24.1071,-1.0341,13.2075,-18.75,20.7921,0.9524,26.9841,8.3601,149.6429,191.4286,-2.2556,10.5263,-1.4799,2.0124,9.9379,87.3563,-8.3242,78.6517,-17.0316,8.2569,-1.0101,33.9394,-6.7066,90.4762,4.9645,-0.1063,1.9007,2.5641,-0.1026,6.3,17,21.1,15.2,21.7,16.5,6.3,4.6,3.5,24.5,3.5,8.7,16.3,20.6,1.3,0.1,0,4.4,0.2,16.068572080030528
3.11,0,1125,270957,4.8,21.9,70.4,11.3,14.3,15.6,0.3,75.9,69.7,82,89.3,73.8,12.4,44.2,31.4,85.1,38.5,36.1,25.4,38.5,36.1,24.1,27.6,36.1,24.1,77.4,72,9.8,92,88.8,82.7,74.9,38.9,95.4,53.2,83.3,60.5,61.4,93,89.6,9,17.3,91.1,44.8,24.9,19.9,19.9,12.6,91,94.4,17.5,29,64.2,85.2,37.6,67.8,44.9,48.8,87.2,87.2,21,79,25.4,17.9,43.2,25.1,53.1,23.5,61.5,17.9,13.7,30.9,30.2,97.1,37.6,82.8,83.5,77,31.8,17.2,51,90.1,87.2,17,94.6,95.3,94.9,10.8,89.2,19.8,80.2,84,28.6,94.6,25.6,14.8,14.4,44.8,56.4,71.9,15.3,64.8,69.8,69.8,71,71,72.3,72.3,21.6,81.5,38.5,91.9,74.6,99.2,38.9,67.9,16,84,29.3,70.7,11.3,88.7,21.8,78.2,14.7,11,23.8,64.3,23.9,14.2,10.9,73.1,73.1,82.4,78.9,46.8,12.9,95.3,77.2,77.4,80.8,81,93.1,93.5,27.6,55.1,87.4,87.4,93.1,94,97,47.8,73,72.3,92.8,92.8,72.4,40.9091,16.0105,23.1373,-1.8454,-9.2593,2.3359,-3.792,-9.8146,-12.5,35.3468,-1.8987,-0.4444,-23.4513,-17.9487,55.625,60.4839,60.4839,160.5505,14.6341,-0.4435,1017.9487,-37.284,-46.0843,-34.903,23.494,17.7632,-17.9641,-9.1176,9.4203,6.6411,6.5007,-6.048,-6.3373,-2.9744,1.9251,-0.7322,10.2041,-1.1086,55.9055,-8.1329,-1.7182,-1.9689,52.381,7.2464,50,-17.9487,10.8696,-2.4096,101.7341,124.6835,2.8571,18.4615,-3.2632,17.4803,6.5753,35.5932,-4.7619,78.6585,-15.4306,-28.481,5.3444,-0.4566,0.128,157.8947,31.6327,-1.3771,0.1071,23.2143,-4.7083,10.7,18.7,13.3,27.1,17.2,22.3,4.9,1.2,0,28.9,3.1,4.9,1.1,23.6,0.6,0.7,0.1,1.6,0,711.3574552886557
3.11,3,1303,563,47.7,2.8,67.2,3.5,17.1,20.9,0,79.3,77.4,84.7,87.5,63.3,5.3,50.5,22.2,85.9,39.8,38.5,21.7,39.8,38.5,19.7,33.9,38.5,19.7,86.9,73.6,21,89.4,96.4,93,75.2,56.5,91,39.6,82,57.8,57.8,98.1,93.2,12.1,20,90.8,47.7,17.1,11.3,11.3,14,91,97.9,15.5,32.9,70.4,55.3,45.8,64.9,50.3,29.1,91.8,91.8,26.3,73.7,24.5,20.9,45.6,34.2,23.5,30.5,60.1,15.8,18.9,30.4,27.5,92.5,45.8,73.6,85.3,82.8,25.2,26.4,48.4,95.4,94.1,7.2,93.1,94.9,94.1,9.8,90.2,16.3,83.7,83.6,28.1,95.1,16.7,12.7,22,47.7,37.8,75.9,15.1,51.8,62.4,62.4,64.7,64.7,57,57,16.8,81.5,39.8,96.3,78.3,94.1,25.2,38.5,12,88,21.8,78.2,15.2,84.8,21.6,78.4,12.8,11.6,18.7,74.5,28.7,4.3,7,76.6,76.6,88.9,86.8,56.8,14.6,94.8,86.5,86.5,89.2,89.2,96.8,86.2,30.2,49.8,98.8,98.8,96.6,96.6,99.3,39.6,62.4,62.4,92.8,92.8,72.2,-61.5942,10.0218,-7.113,-1.2644,7.6923,-5.4968,5.3552,1.5284,-13.5021,-8.5443,1.9751,0.431,-6.1033,4.8352,-12.7551,11.8812,11.8812,153.6697,37.5375,11.7778,3300,-2.3904,-14.6939,-2.2436,14.4762,1.9355,41.0448,-19.7889,15.5462,14.3432,17.1146,-0.5214,0.5342,-0.2144,13.9256,5.6117,-25.7576,3.9171,2.5157,-0.4756,17.0833,-3.4518,-16.0804,-23.0303,40.1274,4.8352,11.0294,-13.2328,42.7918,72.9947,-4,-13.1004,4.902,4.9598,-11.8881,-16.0839,2.6838,-2.2422,0.6435,0,0,-5.2632,1.5544,4.918,25.8621,4.086,-5.586,27.9661,-0.3096,10.2,10.7,15.8,10.5,29.5,11.1,6.8,2.9,0,18.2,8.9,0,1.1,24.8,0.3,0,0,2.6,1.5,0.6153305368956598
3.75,0,700,14184,18.9,0.1,84.5,1.1,13.5,38.8,0.6,79.3,77.4,84.7,87.5,63.3,5.3,50.5,22.2,85.9,39.8,38.5,21.7,39.8,38.5,19.7,33.9,38.5,19.7,86.9,73.6,21,89.4,96.4,93,75.2,56.5,91,39.6,82,57.8,57.8,98.1,93.2,12.1,20,90.8,47.7,17.1,11.3,11.3,14,91,97.9,15.5,32.9,70.4,55.3,45.8,64.9,50.3,29.1,91.8,91.8,26.3,73.7,24.5,20.9,45.6,34.2,23.5,30.5,60.1,15.8,18.9,30.4,27.5,92.5,45.8,73.6,85.3,82.8,25.2,26.4,48.4,95.4,94.1,7.2,93.1,94.9,94.1,9.8,90.2,16.3,83.7,83.6,28.1,95.1,16.7,12.7,22,47.7,37.8,75.9,15.1,51.8,62.4,62.4,64.7,64.7,57,57,16.8,81.5,39.8,96.3,78.3,94.1,25.2,38.5,12,88,21.8,78.2,15.2,84.8,21.6,78.4,12.8,11.6,18.7,74.5,28.7,4.3,7,76.6,76.6,88.9,86.8,56.8,14.6,94.8,86.5,86.5,89.2,89.2,96.8,86.2,30.2,49.8,98.8,98.8,96.6,96.6,99.3,39.6,62.4,62.4,92.8,92.8,72.2,-61.5942,10.0218,-7.113,-1.2644,7.6923,-5.4968,5.3552,1.5284,-13.5021,-8.5443,1.9751,0.431,-6.1033,4.8352,-12.7551,11.8812,11.8812,153.6697,37.5375,11.7778,3300,-2.3904,-14.6939,-2.2436,14.4762,1.9355,41.0448,-19.7889,15.5462,14.3432,17.1146,-0.5214,0.5342,-0.2144,13.9256,5.6117,-25.7576,3.9171,2.5157,-0.4756,17.0833,-3.4518,-16.0804,-23.0303,40.1274,4.8352,11.0294,-13.2328,42.7918,72.9947,-4,-13.1004,4.902,4.9598,-11.8881,-16.0839,2.6838,-2.2422,0.6435,0,0,-5.2632,1.5544,4.918,25.8621,4.086,-5.586,27.9661,-0.3096,2.8,18.1,15.1,31.2,22.3,18.9,2.6,3.4,0.5,10,1,3.4,0.2,10.6,0.7,0,0,0.3,0,15.270732810932124
1.91,0,6951,10067,43.7,10.3,52.5,16.8,17.9,22.2,1.3,77.3,69.8,85,87.1,89.2,9.6,47.9,16.7,86,36.8,30.6,32.5,36.8,30.6,29.3,31.8,30.6,29.3,84.2,73.1,17,94.4,93.4,94.5,74,54.7,91.1,35.5,87.8,58.2,57.9,97.1,93.2,6,11.2,95.2,58.4,17.6,11.8,11.8,14.8,92.6,96.3,11.9,27.9,48.8,84,48.8,63.9,32.5,33.5,90.6,90.7,18.2,81.8,36.2,32.3,52.4,22,49.8,23.3,65.6,17.3,14,37.2,27.3,92.9,48.8,71.2,82.3,78.4,29.8,28.8,41.4,97.2,95.6,11.1,95.5,89.4,92.5,8.9,91.1,14.8,85.2,75.9,19.5,97.4,12.8,15.5,12.6,58.4,44.2,74.4,14.6,65.7,75.2,74.6,81.1,81,84.4,84.3,17.3,87.8,36.8,92.5,67.5,96.5,30.4,69.6,13.3,86.7,28.4,71.6,11,89,20.8,79.2,18.3,16,23.5,64.9,29.6,5.6,13,72.2,72.2,90.5,83.1,48.8,8,91,85.5,85.3,89.2,89.1,96.4,97.9,21.3,67.5,94.7,94.6,98.2,97.4,99.7,37.9,65.9,66.2,97,97,74.3,18.5185,7.1588,-15.6566,-5.2863,14.094,0.2123,-1.7876,3.2787,-8.8266,40.9201,0.7261,-1.7914,-13.1783,-1.6835,36.4341,14.5631,14.5631,178.1457,31.5364,1.8809,991.5663,1.1173,1.5723,3.0973,9.8827,-11.7347,-11.3924,7.8261,9.6386,13.5172,15.9763,1.3556,1.3786,-0.209,-6.0924,-3.1414,67.9245,-3.8015,54.1667,-5.7522,-17.0213,-0.5107,7.563,-1.2739,13.5135,-1.6835,48.9796,-2.2321,225.5411,309.596,-3.8889,8.2353,-2.734,-1.1713,0.9967,46.1538,-4.6205,65.1163,-13.5266,17.0213,-1.766,24.5509,-4.922,177.2727,-1.2346,0.2079,1.1364,12.1053,2.1852,6.7,26,18.5,17.4,25.8,17.4,8.3,3.5,5.3,12,3.7,6.6,1,24.6,1.7,0.1,0.2,2,0.7,9.209402577454583
0.39,0,13820,5154,94.8,0.2,17.2,20.1,23.4,14.3,1.7,71.4,69.4,80.3,86.7,94.1,7.8,52.6,26.8,82.4,36.4,34.9,28.7,36.4,34.9,26.7,30.5,34.9,26.7,80.4,78.1,17.7,92.5,94.9,92.4,84.1,47.6,93.9,44.4,84.6,64.3,64.3,96.5,88.4,8.8,7.6,92.9,61.7,27.4,14.9,14.9,16,90.5,94.5,14.3,33.2,59.1,83.8,40.9,73.1,31.3,35.2,90.6,90.7,22.9,77.1,38,32.9,58.7,22.3,50.7,15.6,75.5,16.5,18.3,33.9,26.7,93.7,40.9,79.8,88.4,85.5,33.6,20.2,46.1,96.3,94.6,11.2,92.3,89.7,91,10.9,89.1,22.1,77.9,76.9,20,95.9,11.9,11.7,12.9,61.7,49,77.1,17.8,71.1,65.2,65.5,70.7,71.2,73.7,74.3,18.6,83.6,36.4,94.2,71.3,96.1,31.6,65.6,18.2,81.8,34.6,65.4,14.8,85.2,25.2,74.8,19.3,16.2,21.7,67,31.1,4.8,9.4,76.9,76.9,87.9,80.1,48.4,16.9,89.3,77.3,76.8,80.8,80.4,96.5,96.6,23.5,68.8,95.1,95.1,97,96.4,99.4,38.8,73.9,74.1,96.4,96.3,80.6,-18.75,-3.3088,30.0971,-5.9361,-5.3476,-2.9381,-0.1053,0.2169,-13.0524,70.1058,0.4162,-4.1215,-47.9452,-0.9631,74.5223,2.7586,2.7586,189.9654,16.1932,-16.0858,1141.0959,-2.0619,-3.2353,-21.608,24.1776,-4.6243,34.5588,-14.1772,8.0972,16.7768,20.7627,0.8377,1.0684,-2.017,-1.3201,-1.7279,67.6923,-4.7059,100.9091,-12.4719,-15.2542,-0.1042,3.4783,0.8621,6.6116,-0.9631,41.2698,8.7156,123.2877,208.7336,1.6393,10.303,0.2128,-0.2797,5.3333,109.1954,-10.4053,101.1628,-21.0145,37.037,-4.4843,48.2353,-9.8795,42.963,26.1194,0.9414,0.7299,3.5242,-0.6148,7.1,27.9,35.4,11.8,31,12.1,14,22,6.6,13.1,10.7,7.8,0.5,26.1,0.3,1.7,0,0.1,0,4.0282224956329005
1.05,0,14942,56647,51.5,2.9,58.2,6.2,11.6,23.1,1.6,71.4,69.4,80.3,86.7,94.1,7.8,52.6,26.8,82.4,36.4,34.9,28.7,36.4,34.9,26.7,30.5,34.9,26.7,80.4,78.1,17.7,92.5,94.9,92.4,84.1,47.6,93.9,44.4,84.6,64.3,64.3,96.5,88.4,8.8,7.6,92.9,61.7,27.4,14.9,14.9,16,90.5,94.5,14.3,33.2,59.1,83.8,40.9,73.1,31.3,35.2,90.6,90.7,22.9,77.1,38,32.9,58.7,22.3,50.7,15.6,75.5,16.5,18.3,33.9,26.7,93.7,40.9,79.8,88.4,85.5,33.6,20.2,46.1,96.3,94.6,11.2,92.3,89.7,91,10.9,89.1,22.1,77.9,76.9,20,95.9,11.9,11.7,12.9,61.7,49,77.1,17.8,71.1,65.2,65.5,70.7,71.2,73.7,74.3,18.6,83.6,36.4,94.2,71.3,96.1,31.6,65.6,18.2,81.8,34.6,65.4,14.8,85.2,25.2,74.8,19.3,16.2,21.7,67,31.1,4.8,9.4,76.9,76.9,87.9,80.1,48.4,16.9,89.3,77.3,76.8,80.8,80.4,96.5,96.6,23.5,68.8,95.1,95.1,97,96.4,99.4,38.8,73.9,74.1,96.4,96.3,80.6,-18.75,-3.3088,30.0971,-5.9361,-5.3476,-2.9381,-0.1053,0.2169,-13.0524,70.1058,0.4162,-4.1215,-47.9452,-0.9631,74.5223,2.7586,2.7586,189.9654,16.1932,-16.0858,1141.0959,-2.0619,-3.2353,-21.608,24.1776,-4.6243,34.5588,-14.1772,8.0972,16.7768,20.7627,0.8377,1.0684,-2.017,-1.3201,-1.7279,67.6923,-4.7059,100.9091,-12.4719,-15.2542,-0.1042,3.4783,0.8621,6.6116,-0.9631,41.2698,8.7156,123.2877,208.7336,1.6393,10.303,0.2128,-0.2797,5.3333,109.1954,-10.4053,101.1628,-21.0145,37.037,-4.4843,48.2353,-9.8795,42.963,26.1194,0.9414,0.7299,3.5242,-0.6148,2.4,19.9,14,17,22.7,18.7,5.7,3.7,1.3,25.7,3.7,4.7,4.5,14.9,0.7,0.2,0,1.9,0.7,42.74083628308485
2.42,6,33445,184344,46,7.2,55.9,8.9,14.5,31,1.1,79.3,77.4,84.7,87.5,63.3,5.3,50.5,22.2,85.9,39.8,38.5,21.7,39.8,38.5,19.7,33.9,38.5,19.7,86.9,73.6,21,89.4,96.4,93,75.2,56.5,91,39.6,82,57.8,57.8,98.1,93.2,12.1,20,90.8,47.7,17.1,11.3,11.3,14,91,97.9,15.5,32.9,70.4,55.3,45.8,64.9,50.3,29.1,91.8,91.8,26.3,73.7,24.5,20.9,45.6,34.2,23.5,30.5,60.1,15.8,18.9,30.4,27.5,92.5,45.8,73.6,85.3,82.8,25.2,26.4,48.4,95.4,94.1,7.2,93.1,94.9,94.1,9.8,90.2,16.3,83.7,83.6,28.1,95.1,16.7,12.7,22,47.7,37.8,75.9,15.1,51.8,62.4,62.4,64.7,64.7,57,57,16.8,81.5,39.8,96.3,78.3,94.1,25.2,38.5,12,88,21.8,78.2,15.2,84.8,21.6,78.4,12.8,11.6,18.7,74.5,28.7,4.3,7,76.6,76.6,88.9,86.8,56.8,14.6,94.8,86.5,86.5,89.2,89.2,96.8,86.2,30.2,49.8,98.8,98.8,96.6,96.6,99.3,39.6,62.4,62.4,92.8,92.8,72.2,-61.5942,10.0218,-7.113,-1.2644,7.6923,-5.4968,5.3552,1.5284,-13.5021,-8.5443,1.9751,0.431,-6.1033,4.8352,-12.7551,11.8812,11.8812,153.6697,37.5375,11.7778,3300,-2.3904,-14.6939,-2.2436,14.4762,1.9355,41.0448,-19.7889,15.5462,14.3432,17.1146,-0.5214,0.5342,-0.2144,13.9256,5.6117,-25.7576,3.9171,2.5157,-0.4756,17.0833,-3.4518,-16.0804,-23.0303,40.1274,4.8352,11.0294,-13.2328,42.7918,72.9947,-4,-13.1004,4.902,4.9598,-11.8881,-16.0839,2.6838,-2.2422,0.6435,0,0,-5.2632,1.5544,4.918,25.8621,4.086,-5.586,27.9661,-0.3096,3.4,24,15.6,10.3,28.9,10.8,6.8,5.4,13.7,11.1,5,4.7,1.1,11.6,1.9,0.2,0,2.1,0.1,204.7454091421546
1.73,0,4276,26199,26,8.3,69.1,9.4,15.7,20.6,1,67.4,67.1,77,82.3,89.5,10.4,57.7,23,84.4,31.5,34.3,34.1,31.5,34.3,31.5,25.6,34.3,31.5,82.3,68.5,17.5,94.8,94.4,92.7,78,47.7,95.3,38.6,86.3,69.1,69.4,96,89.4,9.6,9.5,94.1,63.6,25.4,11.6,11.6,13.3,94.7,98,10.1,27.3,62.1,88.5,39.6,75,33.6,33.2,89.9,90.2,18.3,81.7,41.3,35.7,65,27.2,45.8,20.6,71.6,16,14.7,34.7,30.9,92.7,39.6,81,90.2,88.6,36.5,19,44.5,96.4,94.6,11.5,92.8,92.7,92.8,8.8,91.2,19.1,80.9,76.8,17,95.7,12,11.7,12.2,63.6,52.9,79.3,16,67.4,69.9,70.3,71.4,71.7,73,73.2,13,81.4,31.5,93.2,65.9,96.5,35.4,75,16.3,83.7,31.8,68.2,11.8,88.2,22.1,77.9,16,14.1,19.5,67.5,24.7,8.1,10.5,77,77,87.9,80.3,41.4,14.8,87.6,78,77.8,80.6,80.4,94,96.5,24,66.5,94.9,94.8,97.4,96.6,98.8,36.1,77.4,77.3,97.6,97.7,79.9,0.9709,8.6629,16.7513,-3.653,-3.8462,-0.5247,-0.3168,-0.10780000000000001,-10.7549,67.7184,-0.4149,-3.4557,-30.6569,0.9524,39.5604,27.4725,27.4725,174.8447,-4.5783,-9.6774,1262.1212,-0.7212,-2.9891,0,13.6508,-22.7053,28.9474,9.1195,-1.9048,9.0689,10.8886,-0.1036,0.1058,-1.3815,-0.2153,-0.7487,35.3846,-2.4599,70.5357,-8.8964,-24.1071,-1.0341,13.2075,-18.75,20.7921,0.9524,26.9841,8.3601,149.6429,191.4286,-2.2556,10.5263,-1.4799,2.0124,9.9379,87.3563,-8.3242,78.6517,-17.0316,8.2569,-1.0101,33.9394,-6.7066,90.4762,4.9645,-0.1063,1.9007,2.5641,-0.1026,5.8,20.3,14.2,20.7,23.4,15.8,4.8,3.6,1.7,15.4,4.6,4,2,19.7,0.4,0.1,0,2.1,0.1,25.777400784690727
0,0,767,4547,21,0.7,77,6.8,10.8,27.9,0.6,67.4,67.1,77,82.3,89.5,10.4,57.7,23,84.4,31.5,34.3,34.1,31.5,34.3,31.5,25.6,34.3,31.5,82.3,68.5,17.5,94.8,94.4,92.7,78,47.7,95.3,38.6,86.3,69.1,69.4,96,89.4,9.6,9.5,94.1,63.6,25.4,11.6,11.6,13.3,94.7,98,10.1,27.3,62.1,88.5,39.6,75,33.6,33.2,89.9,90.2,18.3,81.7,41.3,35.7,65,27.2,45.8,20.6,71.6,16,14.7,34.7,30.9,92.7,39.6,81,90.2,88.6,36.5,19,44.5,96.4,94.6,11.5,92.8,92.7,92.8,8.8,91.2,19.1,80.9,76.8,17,95.7,12,11.7,12.2,63.6,52.9,79.3,16,67.4,69.9,70.3,71.4,71.7,73,73.2,13,81.4,31.5,93.2,65.9,96.5,35.4,75,16.3,83.7,31.8,68.2,11.8,88.2,22.1,77.9,16,14.1,19.5,67.5,24.7,8.1,10.5,77,77,87.9,80.3,41.4,14.8,87.6,78,77.8,80.6,80.4,94,96.5,24,66.5,94.9,94.8,97.4,96.6,98.8,36.1,77.4,77.3,97.6,97.7,79.9,0.9709,8.6629,16.7513,-3.653,-3.8462,-0.5247,-0.3168,-0.10780000000000001,-10.7549,67.7184,-0.4149,-3.4557,-30.6569,0.9524,39.5604,27.4725,27.4725,174.8447,-4.5783,-9.6774,1262.1212,-0.7212,-2.9891,0,13.6508,-22.7053,28.9474,9.1195,-1.9048,9.0689,10.8886,-0.1036,0.1058,-1.3815,-0.2153,-0.7487,35.3846,-2.4599,70.5357,-8.8964,-24.1071,-1.0341,13.2075,-18.75,20.7921,0.9524,26.9841,8.3601,149.6429,191.4286,-2.2556,10.5263,-1.4799,2.0124,9.9379,87.3563,-8.3242,78.6517,-17.0316,8.2569,-1.0101,33.9394,-6.7066,90.4762,4.9645,-0.1063,1.9007,2.5641,-0.1026,2.3,19.3,12.1,28.1,18.8,16.1,9,1.8,0.2,11.4,1.6,1.6,3.7,15.9,0.3,0.1,0,3.8,0.2,6.077054822448629
7.25,0,3240,22362,12.3,0.1,89.8,11.6,14.5,18.9,0.4,77.2,67.3,81.9,96.4,73.7,12.8,37.5,31.4,86,44.5,25.6,30,44.5,25.6,28.7,33.6,25.6,28.7,85.2,85.1,10.6,87.8,93.7,85.7,81,48.2,98,45.6,88.6,63,62.7,92.4,90.7,9.5,11.3,90.3,53.2,24.7,15.5,15.5,17,88.6,93.6,19.6,40.8,58.2,88.7,38,70.1,37.1,44.7,90.2,90.3,27.4,72.6,37.4,32.4,49.1,22.4,38.4,18.7,69.5,7.4,18,34.1,31.1,94.2,38,86.2,91.4,87.6,31.7,13.8,54.6,93,90.6,9.8,97.9,95.4,96.7,11.2,88.8,20.6,79.4,90.5,31.9,92.7,20.1,7,19.3,53.2,44.5,70.8,14.6,67.9,62.6,63.1,66.8,67.3,68.2,68.8,20.9,82.9,44.5,89.9,70,98.5,38.5,73.7,17.3,82.7,29.8,70.2,17.7,82.3,25.1,74.9,12.7,10.6,29.7,74.5,27.6,11.9,9.8,79.3,79.3,82.6,77,52.8,13.8,94.8,85.8,85.7,87.5,87.4,95.4,96,25.7,63,94.5,94.8,93.7,95.9,100,50.2,70.2,70.2,98.1,98.1,86.1,0.7874,-1.0554,-0.6329,4.878,68.254,-6.9915,1.4069,4.5122,-8.7539,43.1818,1.7621,0.443,-27.5641,-1.2987,63.5762,0,0,185.209,63.7931,-13.7209,1027.5,-9.4431,-12.9032,-18.3406,8.9342,-44.3609,1.1236,18.8153,-0.9554,14.25,20.6612,-0.9585,5.4715,-0.2039,-3.3435,-1.7276,40,-3.4783,47.1429,-7.6744,-15.6085,-4.0373,45.6522,-54.5455,22.9299,-1.2987,-18.8889,-15.8612,80.4035,109.4044,36.6013,40.8228,-5.3684,1.3025,0.5222,60.1852,-7.287,81.7073,-16.0287,-5.3476,1.23,10.5727,-3.1048,-12.4138,-2.1277,3.8085,1.8028,-6.2044,-1.1603,5.1,21.3,12,21.6,22.7,19.8,5.5,0.9,0.8,15.2,1.4,4.6,1.8,20.7,0,0.5,0,2.4,0,24.021777887919153
1.02,0,1879,11994,11.2,22.4,62.8,14.6,12.7,16,0.8,75.9,69.7,82,89.3,73.8,12.4,44.2,31.4,85.1,38.5,36.1,25.4,38.5,36.1,24.1,27.6,36.1,24.1,77.4,72,9.8,92,88.8,82.7,74.9,38.9,95.4,53.2,83.3,60.5,61.4,93,89.6,9,17.3,91.1,44.8,24.9,19.9,19.9,12.6,91,94.4,17.5,29,64.2,85.2,37.6,67.8,44.9,48.8,87.2,87.2,21,79,25.4,17.9,43.2,25.1,53.1,23.5,61.5,17.9,13.7,30.9,30.2,97.1,37.6,82.8,83.5,77,31.8,17.2,51,90.1,87.2,17,94.6,95.3,94.9,10.8,89.2,19.8,80.2,84,28.6,94.6,25.6,14.8,14.4,44.8,56.4,71.9,15.3,64.8,69.8,69.8,71,71,72.3,72.3,21.6,81.5,38.5,91.9,74.6,99.2,38.9,67.9,16,84,29.3,70.7,11.3,88.7,21.8,78.2,14.7,11,23.8,64.3,23.9,14.2,10.9,73.1,73.1,82.4,78.9,46.8,12.9,95.3,77.2,77.4,80.8,81,93.1,93.5,27.6,55.1,87.4,87.4,93.1,94,97,47.8,73,72.3,92.8,92.8,72.4,40.9091,16.0105,23.1373,-1.8454,-9.2593,2.3359,-3.792,-9.8146,-12.5,35.3468,-1.8987,-0.4444,-23.4513,-17.9487,55.625,60.4839,60.4839,160.5505,14.6341,-0.4435,1017.9487,-37.284,-46.0843,-34.903,23.494,17.7632,-17.9641,-9.1176,9.4203,6.6411,6.5007,-6.048,-6.3373,-2.9744,1.9251,-0.7322,10.2041,-1.1086,55.9055,-8.1329,-1.7182,-1.9689,52.381,7.2464,50,-17.9487,10.8696,-2.4096,101.7341,124.6835,2.8571,18.4615,-3.2632,17.4803,6.5753,35.5932,-4.7619,78.6585,-15.4306,-28.481,5.3444,-0.4566,0.128,157.8947,31.6327,-1.3771,0.1071,23.2143,-4.7083,5.9,18.6,12.4,21.7,23,20.7,7.4,0.4,1.9,17.4,2.2,5.7,1.3,15.9,1,0.3,0,2.3,0.4,47.59729817461164
2.22,0,10396,64105,21.6,16.7,62,16.5,15.4,28.2,0.5,71.7,70.9,80.7,89.1,90.4,16.1,46.1,26.7,86.8,38.8,37.4,23.8,38.8,37.4,23.4,32.2,37.4,23.4,85.6,75.8,18.9,90,93.1,86.6,76.4,44.6,91.7,43,75.5,50.5,51.1,94.7,91.2,8.9,15.6,91.6,46.6,27.3,17.4,17.4,15.2,92.3,91.4,18.5,34.7,63.9,71.9,44.3,60.3,37.8,41.9,92.4,92.3,23.6,76.4,25.6,16.7,54.2,24.9,46.3,22.4,58.5,16,14.5,33.1,27.3,93.2,44.3,75.6,83.2,79.6,24.2,24.4,51.4,94.2,92,10.3,97.4,89.1,93.1,13.3,86.7,24.9,75.1,82.1,35.4,95.9,15.5,20,16.9,46.6,67,69.2,13.2,63.5,66.4,66.8,75.7,76,78.8,79.3,18.1,75.9,38.8,88.7,76.2,90.7,29.3,69.4,23.3,76.7,33.3,66.7,13.8,86.2,23.5,76.5,12.6,10,21,73.8,30.5,11.4,8.7,77.2,77.2,85.6,79.1,39.9,13.6,92.5,84.1,84.1,85.4,85.4,91.8,94.8,22,62.5,95.5,95.4,91,96.4,99.5,46.7,62.9,62.4,92.2,92.3,65.5,59.4059,21.6359,-11,-4.7201,48.8189,-1.4239,-0.7463,0.1156,-22.3251,8.6022,1.1752,-2.2508,-29.7297,-13.3829,72.7848,22.5352,22.5352,94.3243,38.8715,-16.3717,696.5517,-36.1596,-54.9865,-32.1212,15.1575,10.3448,-20.3297,-10.7817,17.6724,22.1733,36.0684,-1.875,0.8772,0.2058,0.225,-0.1073,62.1951,-5.5556,80.4348,-12.877,-2.7473,-0.6218,-13.8889,28.2051,79.7872,-13.3829,37.5,-10.0567,150.566,250.463,-19.1964,13.1195,-6.8277,8.3926,-26.0101,142.7083,-15.1549,103.0488,-20.2153,-2.1277,0.3492,-13.9194,5.227,77.4648,18.2609,-2.0277,1.7167,-3.9301,-4.2105,6.6,29.1,14.8,15.3,23.1,16.6,9.3,3.6,11,18.4,5.1,6,8,15.6,0.9,0.2,0.1,2.3,0.3,67.74112418418329
2.13,0,10623,55841,32.1,9.4,58.3,12.9,18.4,18.2,0.9,73.9,69.9,85.9,87,88.5,11,52.2,20.9,85,34,36.2,29.8,34,36.2,28.1,28.2,36.2,28.1,85.2,76,15.7,93.5,94.4,91.1,76.2,49,95.6,39.1,86,62.6,62.6,96.1,90.8,7,7.3,93.7,62.2,21.9,12.3,12.3,14.2,92.3,97.5,12.2,29.6,61.2,85.5,41.3,70,29.3,35.2,90.7,90.9,20.1,79.9,38.5,33.1,63.5,26,49.9,15.8,75.2,16.2,15.9,36.1,27.6,94.2,41.3,79.7,86.3,83.1,33.9,20.3,45.8,96.6,94.2,12.8,93.2,95.2,94.2,8.9,91.1,17.4,82.6,82.1,23.6,96,10.3,13.1,12.9,62.2,53.6,77,15.3,62.7,73.7,73.6,77.7,77.2,79.5,78.8,16.6,84.6,34,91.8,70.2,97.1,33.5,73.2,16,84,30.6,69.4,12.1,87.9,21.2,78.8,15.4,13.4,17.9,72.4,27.7,6.3,10.3,76.8,76.8,87.7,80.9,43.1,10.1,90.2,87.2,87.2,88.4,88.5,95.7,98,22,70.7,94.6,94.5,95.9,95.7,99.2,37.3,70.7,70.8,97,96.9,81.7,-5.9829,0.578,2.9557,-5.1339,-1.2579,-1.7857,0.4255,-1.1931,-11.7043,67.8284,-0.8256,-2.2605,-50,5.2453,48.9796,18.2692,18.2692,173.1629,9.5491,-20.1635,1033.75,-10.2564,-15.5612,-44.3662,25.1248,-1.2195,10.4167,12.8125,-15.0769,10.9254,12.6016,0.2075,-0.2119,-3.0177,2.9189,-0.2119,56.1404,-3.3934,72.2772,-8.1201,12.9187,-0.8264,-20.7692,-7.0922,8.4034,5.2453,37.8378,-2.3364,161.3475,246.875,-1.7751,10.0324,-1.5021,2.9326,10.1974,77.7778,-7.6923,97.4194,-17.8698,16.3462,-1.8973,32.5,-6.1905,73.0337,-3.8095,2.2436,1.1352,0,-0.6218,5.6,27.7,19.6,16.6,25.6,17.4,7.4,4.8,4,16.7,6.3,5.1,2.1,18.7,0.6,0.1,1.7,4.4,0.1,55.30445631812646
4.39,0,1750,11810,3.6,17.3,74.6,11.8,19.2,6.8,0.4,71.7,70.9,80.7,89.1,90.4,16.1,46.1,26.7,86.8,38.8,37.4,23.8,38.8,37.4,23.4,32.2,37.4,23.4,85.6,75.8,18.9,90,93.1,86.6,76.4,44.6,91.7,43,75.5,50.5,51.1,94.7,91.2,8.9,15.6,91.6,46.6,27.3,17.4,17.4,15.2,92.3,91.4,18.5,34.7,63.9,71.9,44.3,60.3,37.8,41.9,92.4,92.3,23.6,76.4,25.6,16.7,54.2,24.9,46.3,22.4,58.5,16,14.5,33.1,27.3,93.2,44.3,75.6,83.2,79.6,24.2,24.4,51.4,94.2,92,10.3,97.4,89.1,93.1,13.3,86.7,24.9,75.1,82.1,35.4,95.9,15.5,20,16.9,46.6,67,69.2,13.2,63.5,66.4,66.8,75.7,76,78.8,79.3,18.1,75.9,38.8,88.7,76.2,90.7,29.3,69.4,23.3,76.7,33.3,66.7,13.8,86.2,23.5,76.5,12.6,10,21,73.8,30.5,11.4,8.7,77.2,77.2,85.6,79.1,39.9,13.6,92.5,84.1,84.1,85.4,85.4,91.8,94.8,22,62.5,95.5,95.4,91,96.4,99.5,46.7,62.9,62.4,92.2,92.3,65.5,59.4059,21.6359,-11,-4.7201,48.8189,-1.4239,-0.7463,0.1156,-22.3251,8.6022,1.1752,-2.2508,-29.7297,-13.3829,72.7848,22.5352,22.5352,94.3243,38.8715,-16.3717,696.5517,-36.1596,-54.9865,-32.1212,15.1575,10.3448,-20.3297,-10.7817,17.6724,22.1733,36.0684,-1.875,0.8772,0.2058,0.225,-0.1073,62.1951,-5.5556,80.4348,-12.877,-2.7473,-0.6218,-13.8889,28.2051,79.7872,-13.3829,37.5,-10.0567,150.566,250.463,-19.1964,13.1195,-6.8277,8.3926,-26.0101,142.7083,-15.1549,103.0488,-20.2153,-2.1277,0.3492,-13.9194,5.227,77.4648,18.2609,-2.0277,1.7167,-3.9301,-4.2105,10.6,20.3,18.1,22.2,21.6,15.4,6.4,0,0.5,35.5,6,7.6,1.3,11.7,0.7,0.2,0.2,1.7,0.2,12.64891797609276
2.28,0,14455,14432,37.4,2.7,66.4,16.7,13.3,16,0.5,77.2,67.3,81.9,96.4,73.7,12.8,37.5,31.4,86,44.5,25.6,30,44.5,25.6,28.7,33.6,25.6,28.7,85.2,85.1,10.6,87.8,93.7,85.7,81,48.2,98,45.6,88.6,63,62.7,92.4,90.7,9.5,11.3,90.3,53.2,24.7,15.5,15.5,17,88.6,93.6,19.6,40.8,58.2,88.7,38,70.1,37.1,44.7,90.2,90.3,27.4,72.6,37.4,32.4,49.1,22.4,38.4,18.7,69.5,7.4,18,34.1,31.1,94.2,38,86.2,91.4,87.6,31.7,13.8,54.6,93,90.6,9.8,97.9,95.4,96.7,11.2,88.8,20.6,79.4,90.5,31.9,92.7,20.1,7,19.3,53.2,44.5,70.8,14.6,67.9,62.6,63.1,66.8,67.3,68.2,68.8,20.9,82.9,44.5,89.9,70,98.5,38.5,73.7,17.3,82.7,29.8,70.2,17.7,82.3,25.1,74.9,12.7,10.6,29.7,74.5,27.6,11.9,9.8,79.3,79.3,82.6,77,52.8,13.8,94.8,85.8,85.7,87.5,87.4,95.4,96,25.7,63,94.5,94.8,93.7,95.9,100,50.2,70.2,70.2,98.1,98.1,86.1,0.7874,-1.0554,-0.6329,4.878,68.254,-6.9915,1.4069,4.5122,-8.7539,43.1818,1.7621,0.443,-27.5641,-1.2987,63.5762,0,0,185.209,63.7931,-13.7209,1027.5,-9.4431,-12.9032,-18.3406,8.9342,-44.3609,1.1236,18.8153,-0.9554,14.25,20.6612,-0.9585,5.4715,-0.2039,-3.3435,-1.7276,40,-3.4783,47.1429,-7.6744,-15.6085,-4.0373,45.6522,-54.5455,22.9299,-1.2987,-18.8889,-15.8612,80.4035,109.4044,36.6013,40.8228,-5.3684,1.3025,0.5222,60.1852,-7.287,81.7073,-16.0287,-5.3476,1.23,10.5727,-3.1048,-12.4138,-2.1277,3.8085,1.8028,-6.2044,-1.1603,6.6,21.7,16.1,19.2,25.9,19.6,8.5,2.8,4.5,7.1,6.3,6.8,2,22.9,0.2,0.2,0,3.3,0,15.824617575527665
1.7,0,56536,359942,62.5,3.9,45.8,13.4,17.6,23.8,1.2,81.4,77.7,92.2,89.9,88.6,6.9,45.3,18.4,90.4,40.3,32.8,27,40.3,32.8,25.3,30.7,32.8,25.3,88.2,80.9,18.7,87.4,96,91.8,72,54.3,92.9,37.7,77.9,51,51,95.6,95,8.7,10.3,90.8,56.7,19.2,18,18,17.3,88.7,91.3,13.5,33.6,49.3,79.8,39.6,61,30.4,30.3,85.1,85.2,28.7,71.3,32,26.9,56,37.6,37.9,12.9,65.9,12.3,21.3,31.1,27.9,95.3,39.6,70.2,76.2,71.5,22.6,29.8,47.6,94.3,92.8,11.3,96.8,97.8,97.3,12.2,87.8,21.6,78.4,80.7,25.8,93,11.9,13.4,13,56.7,37.4,69.8,10.1,56.6,77.8,77.8,76.3,76.3,78,78,16.9,84.9,40.3,95,73,94.5,25.2,66,17.5,82.5,33.7,66.3,11.8,88.2,22.8,77.2,19,15.2,19.8,78.5,27.5,7.2,12.1,73.8,73.8,93,86,52.9,7.7,91.9,83,82.8,84.7,84.6,97.4,95.3,19.9,69.8,90.9,90.8,97.8,96.4,100,37.4,60.7,60.8,95.1,95.1,80.6,-11.5385,17.3575,-8,-0.3308,21.4286,-7.1201,0.3135,-0.2174,-20.1026,-1.354,0.3148,0.8493,-28.9655,7.5901,37.1429,9.0909,9.0909,197.7612,25.3165,-13.881,659.8214,1.2658,8.4677,-36.4532,12.0748,-19.0789,10.3627,-14.0884,33.4928,19.4357,24.3478,-1.9751,-0.8547,-0.1032,5.8442,2.529,0.8264,-0.1138,28.5714,-5.7692,10.2564,-3.6269,-20.6667,0,-12.7517,7.5901,6.3158,-6.2914,121.0227,146.9256,-33.2016,-3.3573,0.8493,-2.2758,-18.9711,54.8673,-6.9899,82.1622,-18.6503,-26.7081,5.1251,0.4405,-0.1294,272.549,2.6667,0.309,-1.9547,-3.8647,0.2049,5.7,29.4,15.5,15,24.1,13.1,8.4,2.6,11.6,3.5,3.7,7,2.4,13.9,2.1,0.1,0.1,1.2,0.2,428.8877631422855
1.33,0,1802,9759,56.8,0,67.6,7.4,25.6,20.7,0.1,69.4,67.2,78.8,91.4,89.2,6,41.7,23,80.5,46.8,31.5,21.7,46.8,31.5,20.9,34,31.5,20.9,83.8,74.3,17.2,92.9,93.2,88,86.5,49,89.7,39,87.6,59.6,59.3,94.9,86.3,10.2,13.6,91.8,53.3,16.9,16,16,16.8,91.5,92.7,16,35.4,66.2,85.5,36.5,65.7,40.7,34.1,89.7,89.9,24.8,75.2,33.6,28.5,53.1,33.3,27.5,24.4,66.5,11.1,20.2,35,29.2,96.1,36.5,76.3,85.4,81.6,25.9,23.7,50.3,95.1,91.7,6.6,97.8,93.7,95.9,11.1,88.9,19,81,78.4,18.9,96.5,17.1,16.8,9.9,53.3,51.9,74.9,21.1,53.6,57.3,57.1,63.9,63.7,61.5,61.2,20,90.5,46.8,95.8,78.3,93.1,32.5,72.7,11.2,88.8,31.4,68.6,13.1,86.9,27.6,72.4,11.6,11.3,21.7,68.1,28,12.2,14.3,73.7,73.7,80.8,75.1,40.5,7.2,93.2,84,83.9,90.1,90,97.4,91.9,27,59.4,92.6,92.5,94.9,97.5,99.7,44.4,67.2,67.6,96.9,96.9,76,-40.5941,2.2059,5.0228,-10.8527,25.5474,-2.5184,-1.8947,-5.3763,-10.4294,28.7257,-0.8359,-7.8975,-27.2727,-2.2018,39.6694,75.8242,75.8242,251.8519,22.8956,-4.2353,980.7229,-1.4663,8.7786,-13.4752,18.5383,-35.0877,31.1688,-13.3663,39.7129,10.3359,11.9342,-1.5528,-2.5505,2.8391,-1.5756,0.7353,54.1667,-4.2026,58.3333,-7.9545,-43.2432,-1.5306,1.7857,63.1068,-40.3614,-2.2018,113.1313,-18.417,117.8707,157.6613,12.9944,44,0.9484,15.3166,7.6159,30.2326,-2.8446,110.7383,-19.389,24.7619,-2.905,60.4651,-12.5604,190,-10,3.7274,0.2181,12.9707,-3.8501,1.5,19.2,23.7,10.7,30.3,14.3,13.4,15.3,6.7,14.9,8,3.3,0.7,12.5,0.5,0.7,0,1.8,0.1,10.634377630684568
4.62,0,844,1812,27.8,8.8,70.8,11.6,18.9,21.4,0.3,69.4,67.2,78.8,91.4,89.2,6,41.7,23,80.5,46.8,31.5,21.7,46.8,31.5,20.9,34,31.5,20.9,83.8,74.3,17.2,92.9,93.2,88,86.5,49,89.7,39,87.6,59.6,59.3,94.9,86.3,10.2,13.6,91.8,53.3,16.9,16,16,16.8,91.5,92.7,16,35.4,66.2,85.5,36.5,65.7,40.7,34.1,89.7,89.9,24.8,75.2,33.6,28.5,53.1,33.3,27.5,24.4,66.5,11.1,20.2,35,29.2,96.1,36.5,76.3,85.4,81.6,25.9,23.7,50.3,95.1,91.7,6.6,97.8,93.7,95.9,11.1,88.9,19,81,78.4,18.9,96.5,17.1,16.8,9.9,53.3,51.9,74.9,21.1,53.6,57.3,57.1,63.9,63.7,61.5,61.2,20,90.5,46.8,95.8,78.3,93.1,32.5,72.7,11.2,88.8,31.4,68.6,13.1,86.9,27.6,72.4,11.6,11.3,21.7,68.1,28,12.2,14.3,73.7,73.7,80.8,75.1,40.5,7.2,93.2,84,83.9,90.1,90,97.4,91.9,27,59.4,92.6,92.5,94.9,97.5,99.7,44.4,67.2,67.6,96.9,96.9,76,-40.5941,2.2059,5.0228,-10.8527,25.5474,-2.5184,-1.8947,-5.3763,-10.4294,28.7257,-0.8359,-7.8975,-27.2727,-2.2018,39.6694,75.8242,75.8242,251.8519,22.8956,-4.2353,980.7229,-1.4663,8.7786,-13.4752,18.5383,-35.0877,31.1688,-13.3663,39.7129,10.3359,11.9342,-1.5528,-2.5505,2.8391,-1.5756,0.7353,54.1667,-4.2026,58.3333,-7.9545,-43.2432,-1.5306,1.7857,63.1068,-40.3614,-2.2018,113.1313,-18.417,117.8707,157.6613,12.9944,44,0.9484,15.3166,7.6159,30.2326,-2.8446,110.7383,-19.389,24.7619,-2.905,60.4651,-12.5604,190,-10,3.7274,0.2181,12.9707,-3.8501,1.5,15.4,16.5,12.6,33.3,10.6,2,1.6,0.6,16.4,1.9,1.6,16.4,12.5,0.8,0,0,0.4,0,1.207579333790033
5.05,0,15015,85934,9.6,7.8,79.3,9.9,14.9,17.7,0.5,71.7,70.9,80.7,89.1,90.4,16.1,46.1,26.7,86.8,38.8,37.4,23.8,38.8,37.4,23.4,32.2,37.4,23.4,85.6,75.8,18.9,90,93.1,86.6,76.4,44.6,91.7,43,75.5,50.5,51.1,94.7,91.2,8.9,15.6,91.6,46.6,27.3,17.4,17.4,15.2,92.3,91.4,18.5,34.7,63.9,71.9,44.3,60.3,37.8,41.9,92.4,92.3,23.6,76.4,25.6,16.7,54.2,24.9,46.3,22.4,58.5,16,14.5,33.1,27.3,93.2,44.3,75.6,83.2,79.6,24.2,24.4,51.4,94.2,92,10.3,97.4,89.1,93.1,13.3,86.7,24.9,75.1,82.1,35.4,95.9,15.5,20,16.9,46.6,67,69.2,13.2,63.5,66.4,66.8,75.7,76,78.8,79.3,18.1,75.9,38.8,88.7,76.2,90.7,29.3,69.4,23.3,76.7,33.3,66.7,13.8,86.2,23.5,76.5,12.6,10,21,73.8,30.5,11.4,8.7,77.2,77.2,85.6,79.1,39.9,13.6,92.5,84.1,84.1,85.4,85.4,91.8,94.8,22,62.5,95.5,95.4,91,96.4,99.5,46.7,62.9,62.4,92.2,92.3,65.5,59.4059,21.6359,-11,-4.7201,48.8189,-1.4239,-0.7463,0.1156,-22.3251,8.6022,1.1752,-2.2508,-29.7297,-13.3829,72.7848,22.5352,22.5352,94.3243,38.8715,-16.3717,696.5517,-36.1596,-54.9865,-32.1212,15.1575,10.3448,-20.3297,-10.7817,17.6724,22.1733,36.0684,-1.875,0.8772,0.2058,0.225,-0.1073,62.1951,-5.5556,80.4348,-12.877,-2.7473,-0.6218,-13.8889,28.2051,79.7872,-13.3829,37.5,-10.0567,150.566,250.463,-19.1964,13.1195,-6.8277,8.3926,-26.0101,142.7083,-15.1549,103.0488,-20.2153,-2.1277,0.3492,-13.9194,5.227,77.4648,18.2609,-2.0277,1.7167,-3.9301,-4.2105,5.8,18.7,10.7,15.7,25,16.7,6,1.6,5.1,16.9,2.5,5.3,0.9,9.4,0.6,0.2,0.1,3,0.1,257.4527020064744
3.68,0,4717,29927,20.6,2.4,79,12,18.2,17.8,1,73.9,69.9,85.9,87,88.5,11,52.2,20.9,85,34,36.2,29.8,34,36.2,28.1,28.2,36.2,28.1,85.2,76,15.7,93.5,94.4,91.1,76.2,49,95.6,39.1,86,62.6,62.6,96.1,90.8,7,7.3,93.7,62.2,21.9,12.3,12.3,14.2,92.3,97.5,12.2,29.6,61.2,85.5,41.3,70,29.3,35.2,90.7,90.9,20.1,79.9,38.5,33.1,63.5,26,49.9,15.8,75.2,16.2,15.9,36.1,27.6,94.2,41.3,79.7,86.3,83.1,33.9,20.3,45.8,96.6,94.2,12.8,93.2,95.2,94.2,8.9,91.1,17.4,82.6,82.1,23.6,96,10.3,13.1,12.9,62.2,53.6,77,15.3,62.7,73.7,73.6,77.7,77.2,79.5,78.8,16.6,84.6,34,91.8,70.2,97.1,33.5,73.2,16,84,30.6,69.4,12.1,87.9,21.2,78.8,15.4,13.4,17.9,72.4,27.7,6.3,10.3,76.8,76.8,87.7,80.9,43.1,10.1,90.2,87.2,87.2,88.4,88.5,95.7,98,22,70.7,94.6,94.5,95.9,95.7,99.2,37.3,70.7,70.8,97,96.9,81.7,-5.9829,0.578,2.9557,-5.1339,-1.2579,-1.7857,0.4255,-1.1931,-11.7043,67.8284,-0.8256,-2.2605,-50,5.2453,48.9796,18.2692,18.2692,173.1629,9.5491,-20.1635,1033.75,-10.2564,-15.5612,-44.3662,25.1248,-1.2195,10.4167,12.8125,-15.0769,10.9254,12.6016,0.2075,-0.2119,-3.0177,2.9189,-0.2119,56.1404,-3.3934,72.2772,-8.1201,12.9187,-0.8264,-20.7692,-7.0922,8.4034,5.2453,37.8378,-2.3364,161.3475,246.875,-1.7751,10.0324,-1.5021,2.9326,10.1974,77.7778,-7.6923,97.4194,-17.8698,16.3462,-1.8973,32.5,-6.1905,73.0337,-3.8095,2.2436,1.1352,0,-0.6218,7.3,25.1,12.5,19.8,23.2,16.5,4.6,1.7,3.6,17,2.9,4,1,14,1,0.2,0,2.2,0.4,31.41781783465594
4.34,0,3981,22889,10.4,11.3,72.7,8.6,17,17,0.6,75.9,69.7,82,89.3,73.8,12.4,44.2,31.4,85.1,38.5,36.1,25.4,38.5,36.1,24.1,27.6,36.1,24.1,77.4,72,9.8,92,88.8,82.7,74.9,38.9,95.4,53.2,83.3,60.5,61.4,93,89.6,9,17.3,91.1,44.8,24.9,19.9,19.9,12.6,91,94.4,17.5,29,64.2,85.2,37.6,67.8,44.9,48.8,87.2,87.2,21,79,25.4,17.9,43.2,25.1,53.1,23.5,61.5,17.9,13.7,30.9,30.2,97.1,37.6,82.8,83.5,77,31.8,17.2,51,90.1,87.2,17,94.6,95.3,94.9,10.8,89.2,19.8,80.2,84,28.6,94.6,25.6,14.8,14.4,44.8,56.4,71.9,15.3,64.8,69.8,69.8,71,71,72.3,72.3,21.6,81.5,38.5,91.9,74.6,99.2,38.9,67.9,16,84,29.3,70.7,11.3,88.7,21.8,78.2,14.7,11,23.8,64.3,23.9,14.2,10.9,73.1,73.1,82.4,78.9,46.8,12.9,95.3,77.2,77.4,80.8,81,93.1,93.5,27.6,55.1,87.4,87.4,93.1,94,97,47.8,73,72.3,92.8,92.8,72.4,40.9091,16.0105,23.1373,-1.8454,-9.2593,2.3359,-3.792,-9.8146,-12.5,35.3468,-1.8987,-0.4444,-23.4513,-17.9487,55.625,60.4839,60.4839,160.5505,14.6341,-0.4435,1017.9487,-37.284,-46.0843,-34.903,23.494,17.7632,-17.9641,-9.1176,9.4203,6.6411,6.5007,-6.048,-6.3373,-2.9744,1.9251,-0.7322,10.2041,-1.1086,55.9055,-8.1329,-1.7182,-1.9689,52.381,7.2464,50,-17.9487,10.8696,-2.4096,101.7341,124.6835,2.8571,18.4615,-3.2632,17.4803,6.5753,35.5932,-4.7619,78.6585,-15.4306,-28.481,5.3444,-0.4566,0.128,157.8947,31.6327,-1.3771,0.1071,23.2143,-4.7083,2.9,21.8,16.3,20.2,23.1,16.8,5.5,1.5,1.9,24.6,3.3,3.1,2,17.6,0.5,0.1,0,5.1,0.2,28.210829356808595
5.9,0,26953,179074,14.7,1.3,83.2,6.1,13.2,32.3,1.1,73.9,69.9,85.9,87,88.5,11,52.2,20.9,85,34,36.2,29.8,34,36.2,28.1,28.2,36.2,28.1,85.2,76,15.7,93.5,94.4,91.1,76.2,49,95.6,39.1,86,62.6,62.6,96.1,90.8,7,7.3,93.7,62.2,21.9,12.3,12.3,14.2,92.3,97.5,12.2,29.6,61.2,85.5,41.3,70,29.3,35.2,90.7,90.9,20.1,79.9,38.5,33.1,63.5,26,49.9,15.8,75.2,16.2,15.9,36.1,27.6,94.2,41.3,79.7,86.3,83.1,33.9,20.3,45.8,96.6,94.2,12.8,93.2,95.2,94.2,8.9,91.1,17.4,82.6,82.1,23.6,96,10.3,13.1,12.9,62.2,53.6,77,15.3,62.7,73.7,73.6,77.7,77.2,79.5,78.8,16.6,84.6,34,91.8,70.2,97.1,33.5,73.2,16,84,30.6,69.4,12.1,87.9,21.2,78.8,15.4,13.4,17.9,72.4,27.7,6.3,10.3,76.8,76.8,87.7,80.9,43.1,10.1,90.2,87.2,87.2,88.4,88.5,95.7,98,22,70.7,94.6,94.5,95.9,95.7,99.2,37.3,70.7,70.8,97,96.9,81.7,-5.9829,0.578,2.9557,-5.1339,-1.2579,-1.7857,0.4255,-1.1931,-11.7043,67.8284,-0.8256,-2.2605,-50,5.2453,48.9796,18.2692,18.2692,173.1629,9.5491,-20.1635,1033.75,-10.2564,-15.5612,-44.3662,25.1248,-1.2195,10.4167,12.8125,-15.0769,10.9254,12.6016,0.2075,-0.2119,-3.0177,2.9189,-0.2119,56.1404,-3.3934,72.2772,-8.1201,12.9187,-0.8264,-20.7692,-7.0922,8.4034,5.2453,37.8378,-2.3364,161.3475,246.875,-1.7751,10.0324,-1.5021,2.9326,10.1974,77.7778,-7.6923,97.4194,-17.8698,16.3462,-1.8973,32.5,-6.1905,73.0337,-3.8095,2.2436,1.1352,0,-0.6218,3.9,19,9.7,15.7,24.6,12.3,3.4,1.6,2.7,14.9,2.1,2.8,1.2,9,0.8,0.2,0.1,2.8,0.2,198.15216658449415
1.07,5,2164,9288,66.7,0.3,64,8.9,24.1,16.9,0.2,69.4,67.2,78.8,91.4,89.2,6,41.7,23,80.5,46.8,31.5,21.7,46.8,31.5,20.9,34,31.5,20.9,83.8,74.3,17.2,92.9,93.2,88,86.5,49,89.7,39,87.6,59.6,59.3,94.9,86.3,10.2,13.6,91.8,53.3,16.9,16,16,16.8,91.5,92.7,16,35.4,66.2,85.5,36.5,65.7,40.7,34.1,89.7,89.9,24.8,75.2,33.6,28.5,53.1,33.3,27.5,24.4,66.5,11.1,20.2,35,29.2,96.1,36.5,76.3,85.4,81.6,25.9,23.7,50.3,95.1,91.7,6.6,97.8,93.7,95.9,11.1,88.9,19,81,78.4,18.9,96.5,17.1,16.8,9.9,53.3,51.9,74.9,21.1,53.6,57.3,57.1,63.9,63.7,61.5,61.2,20,90.5,46.8,95.8,78.3,93.1,32.5,72.7,11.2,88.8,31.4,68.6,13.1,86.9,27.6,72.4,11.6,11.3,21.7,68.1,28,12.2,14.3,73.7,73.7,80.8,75.1,40.5,7.2,93.2,84,83.9,90.1,90,97.4,91.9,27,59.4,92.6,92.5,94.9,97.5,99.7,44.4,67.2,67.6,96.9,96.9,76,-40.5941,2.2059,5.0228,-10.8527,25.5474,-2.5184,-1.8947,-5.3763,-10.4294,28.7257,-0.8359,-7.8975,-27.2727,-2.2018,39.6694,75.8242,75.8242,251.8519,22.8956,-4.2353,980.7229,-1.4663,8.7786,-13.4752,18.5383,-35.0877,31.1688,-13.3663,39.7129,10.3359,11.9342,-1.5528,-2.5505,2.8391,-1.5756,0.7353,54.1667,-4.2026,58.3333,-7.9545,-43.2432,-1.5306,1.7857,63.1068,-40.3614,-2.2018,113.1313,-18.417,117.8707,157.6613,12.9944,44,0.9484,15.3166,7.6159,30.2326,-2.8446,110.7383,-19.389,24.7619,-2.905,60.4651,-12.5604,190,-10,3.7274,0.2181,12.9707,-3.8501,2.1,18.9,28.9,15.3,27.6,11.6,6.4,11,3.4,9.4,4.9,1.9,0.8,14.8,0,0.3,0,1.5,0.2,10.544702526635115
3.39,0,14033,15744,71.3,4.6,50.2,15.3,16.5,14.1,0.4,79.3,77.4,84.7,87.5,63.3,5.3,50.5,22.2,85.9,39.8,38.5,21.7,39.8,38.5,19.7,33.9,38.5,19.7,86.9,73.6,21,89.4,96.4,93,75.2,56.5,91,39.6,82,57.8,57.8,98.1,93.2,12.1,20,90.8,47.7,17.1,11.3,11.3,14,91,97.9,15.5,32.9,70.4,55.3,45.8,64.9,50.3,29.1,91.8,91.8,26.3,73.7,24.5,20.9,45.6,34.2,23.5,30.5,60.1,15.8,18.9,30.4,27.5,92.5,45.8,73.6,85.3,82.8,25.2,26.4,48.4,95.4,94.1,7.2,93.1,94.9,94.1,9.8,90.2,16.3,83.7,83.6,28.1,95.1,16.7,12.7,22,47.7,37.8,75.9,15.1,51.8,62.4,62.4,64.7,64.7,57,57,16.8,81.5,39.8,96.3,78.3,94.1,25.2,38.5,12,88,21.8,78.2,15.2,84.8,21.6,78.4,12.8,11.6,18.7,74.5,28.7,4.3,7,76.6,76.6,88.9,86.8,56.8,14.6,94.8,86.5,86.5,89.2,89.2,96.8,86.2,30.2,49.8,98.8,98.8,96.6,96.6,99.3,39.6,62.4,62.4,92.8,92.8,72.2,-61.5942,10.0218,-7.113,-1.2644,7.6923,-5.4968,5.3552,1.5284,-13.5021,-8.5443,1.9751,0.431,-6.1033,4.8352,-12.7551,11.8812,11.8812,153.6697,37.5375,11.7778,3300,-2.3904,-14.6939,-2.2436,14.4762,1.9355,41.0448,-19.7889,15.5462,14.3432,17.1146,-0.5214,0.5342,-0.2144,13.9256,5.6117,-25.7576,3.9171,2.5157,-0.4756,17.0833,-3.4518,-16.0804,-23.0303,40.1274,4.8352,11.0294,-13.2328,42.7918,72.9947,-4,-13.1004,4.902,4.9598,-11.8881,-16.0839,2.6838,-2.2422,0.6435,0,0,-5.2632,1.5544,4.918,25.8621,4.086,-5.586,27.9661,-0.3096,1.2,21.3,24.1,13.6,24.6,8.5,8.2,4,3.3,20.2,2.4,8.5,15.2,25.4,1.3,0.1,0.2,0.8,0,3.3049020032811227
1.96,0,7045,54730,15.3,7.7,74.5,14.8,14.4,16.2,0.8,71.7,70.9,80.7,89.1,90.4,16.1,46.1,26.7,86.8,38.8,37.4,23.8,38.8,37.4,23.4,32.2,37.4,23.4,85.6,75.8,18.9,90,93.1,86.6,76.4,44.6,91.7,43,75.5,50.5,51.1,94.7,91.2,8.9,15.6,91.6,46.6,27.3,17.4,17.4,15.2,92.3,91.4,18.5,34.7,63.9,71.9,44.3,60.3,37.8,41.9,92.4,92.3,23.6,76.4,25.6,16.7,54.2,24.9,46.3,22.4,58.5,16,14.5,33.1,27.3,93.2,44.3,75.6,83.2,79.6,24.2,24.4,51.4,94.2,92,10.3,97.4,89.1,93.1,13.3,86.7,24.9,75.1,82.1,35.4,95.9,15.5,20,16.9,46.6,67,69.2,13.2,63.5,66.4,66.8,75.7,76,78.8,79.3,18.1,75.9,38.8,88.7,76.2,90.7,29.3,69.4,23.3,76.7,33.3,66.7,13.8,86.2,23.5,76.5,12.6,10,21,73.8,30.5,11.4,8.7,77.2,77.2,85.6,79.1,39.9,13.6,92.5,84.1,84.1,85.4,85.4,91.8,94.8,22,62.5,95.5,95.4,91,96.4,99.5,46.7,62.9,62.4,92.2,92.3,65.5,59.4059,21.6359,-11,-4.7201,48.8189,-1.4239,-0.7463,0.1156,-22.3251,8.6022,1.1752,-2.2508,-29.7297,-13.3829,72.7848,22.5352,22.5352,94.3243,38.8715,-16.3717,696.5517,-36.1596,-54.9865,-32.1212,15.1575,10.3448,-20.3297,-10.7817,17.6724,22.1733,36.0684,-1.875,0.8772,0.2058,0.225,-0.1073,62.1951,-5.5556,80.4348,-12.877,-2.7473,-0.6218,-13.8889,28.2051,79.7872,-13.3829,37.5,-10.0567,150.566,250.463,-19.1964,13.1195,-6.8277,8.3926,-26.0101,142.7083,-15.1549,103.0488,-20.2153,-2.1277,0.3492,-13.9194,5.227,77.4648,18.2609,-2.0277,1.7167,-3.9301,-4.2105,9.3,22.2,18.6,18.8,20.1,24.2,6.6,2,1.7,22.6,6,3.6,7.3,17.1,0.6,1.1,0,3.6,0,51.77644971457272
2.3,1,32725,117502,39.3,10.6,55.8,14.6,19.3,18.6,1.5,69.4,67.2,78.8,91.4,89.2,6,41.7,23,80.5,46.8,31.5,21.7,46.8,31.5,20.9,34,31.5,20.9,83.8,74.3,17.2,92.9,93.2,88,86.5,49,89.7,39,87.6,59.6,59.3,94.9,86.3,10.2,13.6,91.8,53.3,16.9,16,16,16.8,91.5,92.7,16,35.4,66.2,85.5,36.5,65.7,40.7,34.1,89.7,89.9,24.8,75.2,33.6,28.5,53.1,33.3,27.5,24.4,66.5,11.1,20.2,35,29.2,96.1,36.5,76.3,85.4,81.6,25.9,23.7,50.3,95.1,91.7,6.6,97.8,93.7,95.9,11.1,88.9,19,81,78.4,18.9,96.5,17.1,16.8,9.9,53.3,51.9,74.9,21.1,53.6,57.3,57.1,63.9,63.7,61.5,61.2,20,90.5,46.8,95.8,78.3,93.1,32.5,72.7,11.2,88.8,31.4,68.6,13.1,86.9,27.6,72.4,11.6,11.3,21.7,68.1,28,12.2,14.3,73.7,73.7,80.8,75.1,40.5,7.2,93.2,84,83.9,90.1,90,97.4,91.9,27,59.4,92.6,92.5,94.9,97.5,99.7,44.4,67.2,67.6,96.9,96.9,76,-40.5941,2.2059,5.0228,-10.8527,25.5474,-2.5184,-1.8947,-5.3763,-10.4294,28.7257,-0.8359,-7.8975,-27.2727,-2.2018,39.6694,75.8242,75.8242,251.8519,22.8956,-4.2353,980.7229,-1.4663,8.7786,-13.4752,18.5383,-35.0877,31.1688,-13.3663,39.7129,10.3359,11.9342,-1.5528,-2.5505,2.8391,-1.5756,0.7353,54.1667,-4.2026,58.3333,-7.9545,-43.2432,-1.5306,1.7857,63.1068,-40.3614,-2.2018,113.1313,-18.417,117.8707,157.6613,12.9944,44,0.9484,15.3166,7.6159,30.2326,-2.8446,110.7383,-19.389,24.7619,-2.905,60.4651,-12.5604,190,-10,3.7274,0.2181,12.9707,-3.8501,3.7,31.5,22.8,13.5,26.9,13.2,8.5,6.6,11.7,8.1,4.6,8.6,5.8,16.8,5.1,0.4,0,2.1,0,129.35201449193414
0.55,0,1279,6187,79.5,0.7,45.2,24.7,33.6,28,1.2,76.1,73.3,82.8,87.3,90.7,5.8,49.7,24.4,88,36.3,39,24.8,36.3,39,23.2,30.9,39,23.2,87.9,82.3,12.7,91,94,93.1,66.3,49.2,92.3,39.1,86.3,64.3,61.7,96.9,92.1,10.9,12.5,92.5,50.3,23.1,18,18,19,89.4,91.8,22.6,40.5,47.3,82.5,39.3,68.5,33,36.3,87.5,88.1,25.3,74.7,41.1,31.9,66.1,28.5,41.6,17.9,62.1,12.8,20.9,35.1,26.8,91.4,39.3,75.6,84.6,79.9,24.7,24.4,50.9,95.9,94.6,13.2,98.6,93.9,96.1,12.7,87.3,22.4,77.6,76.7,19.2,94.6,12.7,21,14.1,50.3,56.7,70.4,12,60.1,66.8,62.4,73.2,67.1,82.7,73.9,19.9,83.4,36.3,94.9,75.2,92.1,32.6,60.5,16.4,83.6,27.2,72.8,14,86,25.2,74.8,19.1,15.4,23.2,72.9,30.7,7.4,10.5,73.1,73.1,89.7,80.2,53.3,13.6,91.3,83.3,82.3,86.6,84.9,98.7,97.6,20.5,67,92.1,91.7,97.7,95.4,99.1,41.4,70.5,73.5,95.7,95.5,80.3,11.5385,-5.5133,16.1905,-1.676,-34.1969,-5.2083,-1.3641,1.7486,-8.7738,18.854,1.2539,-1.1803,-14.966,-5.6285,44.375,11.8012,11.8012,221.0117,7.0845,-14.9485,525,21.2389,4.2484,7.8313,-0.321,19.6262,3.4653,-13.5468,17.5439,23.5036,26.6244,0.209,1.3934,4.5599,4.102,4.0043,60.7595,-5.2117000000000004,42.6752,-7.9478,-7.2464,-2.4742,-11.1888,77.9661,-16.0714,-5.6285,7.1429,-5.3543,112.7389,152.4138,-21.6535,2.2535,-0.8359,6.3649,5.1613,36.6667,-5,27.6995,-7.4968,14.7541,-2.0501,25.3731,-6.383,315.2174,12.3967,0.5092,-0.9137,-15.2893,0.2051,12.3,28.2,38.4,22.8,29.9,15.2,4.4,18.1,1.8,13.2,8.9,13.9,0.1,29.6,0,0.7,0,1.3,0,1.6048243192631686
3.67,1,11565,151067,24.6,3.5,74.3,7.4,11,33.7,0.9,69.4,67.2,78.8,91.4,89.2,6,41.7,23,80.5,46.8,31.5,21.7,46.8,31.5,20.9,34,31.5,20.9,83.8,74.3,17.2,92.9,93.2,88,86.5,49,89.7,39,87.6,59.6,59.3,94.9,86.3,10.2,13.6,91.8,53.3,16.9,16,16,16.8,91.5,92.7,16,35.4,66.2,85.5,36.5,65.7,40.7,34.1,89.7,89.9,24.8,75.2,33.6,28.5,53.1,33.3,27.5,24.4,66.5,11.1,20.2,35,29.2,96.1,36.5,76.3,85.4,81.6,25.9,23.7,50.3,95.1,91.7,6.6,97.8,93.7,95.9,11.1,88.9,19,81,78.4,18.9,96.5,17.1,16.8,9.9,53.3,51.9,74.9,21.1,53.6,57.3,57.1,63.9,63.7,61.5,61.2,20,90.5,46.8,95.8,78.3,93.1,32.5,72.7,11.2,88.8,31.4,68.6,13.1,86.9,27.6,72.4,11.6,11.3,21.7,68.1,28,12.2,14.3,73.7,73.7,80.8,75.1,40.5,7.2,93.2,84,83.9,90.1,90,97.4,91.9,27,59.4,92.6,92.5,94.9,97.5,99.7,44.4,67.2,67.6,96.9,96.9,76,-40.5941,2.2059,5.0228,-10.8527,25.5474,-2.5184,-1.8947,-5.3763,-10.4294,28.7257,-0.8359,-7.8975,-27.2727,-2.2018,39.6694,75.8242,75.8242,251.8519,22.8956,-4.2353,980.7229,-1.4663,8.7786,-13.4752,18.5383,-35.0877,31.1688,-13.3663,39.7129,10.3359,11.9342,-1.5528,-2.5505,2.8391,-1.5756,0.7353,54.1667,-4.2026,58.3333,-7.9545,-43.2432,-1.5306,1.7857,63.1068,-40.3614,-2.2018,113.1313,-18.417,117.8707,157.6613,12.9944,44,0.9484,15.3166,7.6159,30.2326,-2.8446,110.7383,-19.389,24.7619,-2.905,60.4651,-12.5604,190,-10,3.7274,0.2181,12.9707,-3.8501,2.8,22.7,6.1,15.4,23.9,10.6,7.1,0.8,11.6,6.6,2.4,2.8,1.9,8.6,1.7,0.2,0.1,2.9,0.4,165.51476749408525
0.7,0,855,3414,68.7,5.8,38.2,6.4,19,13.6,0.3,79.3,77.4,84.7,87.5,63.3,5.3,50.5,22.2,85.9,39.8,38.5,21.7,39.8,38.5,19.7,33.9,38.5,19.7,86.9,73.6,21,89.4,96.4,93,75.2,56.5,91,39.6,82,57.8,57.8,98.1,93.2,12.1,20,90.8,47.7,17.1,11.3,11.3,14,91,97.9,15.5,32.9,70.4,55.3,45.8,64.9,50.3,29.1,91.8,91.8,26.3,73.7,24.5,20.9,45.6,34.2,23.5,30.5,60.1,15.8,18.9,30.4,27.5,92.5,45.8,73.6,85.3,82.8,25.2,26.4,48.4,95.4,94.1,7.2,93.1,94.9,94.1,9.8,90.2,16.3,83.7,83.6,28.1,95.1,16.7,12.7,22,47.7,37.8,75.9,15.1,51.8,62.4,62.4,64.7,64.7,57,57,16.8,81.5,39.8,96.3,78.3,94.1,25.2,38.5,12,88,21.8,78.2,15.2,84.8,21.6,78.4,12.8,11.6,18.7,74.5,28.7,4.3,7,76.6,76.6,88.9,86.8,56.8,14.6,94.8,86.5,86.5,89.2,89.2,96.8,86.2,30.2,49.8,98.8,98.8,96.6,96.6,99.3,39.6,62.4,62.4,92.8,92.8,72.2,-61.5942,10.0218,-7.113,-1.2644,7.6923,-5.4968,5.3552,1.5284,-13.5021,-8.5443,1.9751,0.431,-6.1033,4.8352,-12.7551,11.8812,11.8812,153.6697,37.5375,11.7778,3300,-2.3904,-14.6939,-2.2436,14.4762,1.9355,41.0448,-19.7889,15.5462,14.3432,17.1146,-0.5214,0.5342,-0.2144,13.9256,5.6117,-25.7576,3.9171,2.5157,-0.4756,17.0833,-3.4518,-16.0804,-23.0303,40.1274,4.8352,11.0294,-13.2328,42.7918,72.9947,-4,-13.1004,4.902,4.9598,-11.8881,-16.0839,2.6838,-2.2422,0.6435,0,0,-5.2632,1.5544,4.918,25.8621,4.086,-5.586,27.9661,-0.3096,8.7,13.9,11.9,8.4,30.3,5.1,5.9,2.1,0,23.5,4.2,0.7,0.7,15.6,2.7,0,0,2,0,2.904757017328437
1.75,0,1976,11793,7.5,16.3,74.9,12.7,16.5,15.4,0.8,75.9,69.7,82,89.3,73.8,12.4,44.2,31.4,85.1,38.5,36.1,25.4,38.5,36.1,24.1,27.6,36.1,24.1,77.4,72,9.8,92,88.8,82.7,74.9,38.9,95.4,53.2,83.3,60.5,61.4,93,89.6,9,17.3,91.1,44.8,24.9,19.9,19.9,12.6,91,94.4,17.5,29,64.2,85.2,37.6,67.8,44.9,48.8,87.2,87.2,21,79,25.4,17.9,43.2,25.1,53.1,23.5,61.5,17.9,13.7,30.9,30.2,97.1,37.6,82.8,83.5,77,31.8,17.2,51,90.1,87.2,17,94.6,95.3,94.9,10.8,89.2,19.8,80.2,84,28.6,94.6,25.6,14.8,14.4,44.8,56.4,71.9,15.3,64.8,69.8,69.8,71,71,72.3,72.3,21.6,81.5,38.5,91.9,74.6,99.2,38.9,67.9,16,84,29.3,70.7,11.3,88.7,21.8,78.2,14.7,11,23.8,64.3,23.9,14.2,10.9,73.1,73.1,82.4,78.9,46.8,12.9,95.3,77.2,77.4,80.8,81,93.1,93.5,27.6,55.1,87.4,87.4,93.1,94,97,47.8,73,72.3,92.8,92.8,72.4,40.9091,16.0105,23.1373,-1.8454,-9.2593,2.3359,-3.792,-9.8146,-12.5,35.3468,-1.8987,-0.4444,-23.4513,-17.9487,55.625,60.4839,60.4839,160.5505,14.6341,-0.4435,1017.9487,-37.284,-46.0843,-34.903,23.494,17.7632,-17.9641,-9.1176,9.4203,6.6411,6.5007,-6.048,-6.3373,-2.9744,1.9251,-0.7322,10.2041,-1.1086,55.9055,-8.1329,-1.7182,-1.9689,52.381,7.2464,50,-17.9487,10.8696,-2.4096,101.7341,124.6835,2.8571,18.4615,-3.2632,17.4803,6.5753,35.5932,-4.7619,78.6585,-15.4306,-28.481,5.3444,-0.4566,0.128,157.8947,31.6327,-1.3771,0.1071,23.2143,-4.7083,3.8,22.6,14.9,25.9,20.1,16.8,4.1,1.7,3.3,15.3,1.9,3.4,1.6,31.9,0.3,0.8,0,2.1,0.2,11.297111145548065
1.88,2,3065,15034,85.3,1.8,38.8,13.3,17.5,7.4,1.6,79.3,77.4,84.7,87.5,63.3,5.3,50.5,22.2,85.9,39.8,38.5,21.7,39.8,38.5,19.7,33.9,38.5,19.7,86.9,73.6,21,89.4,96.4,93,75.2,56.5,91,39.6,82,57.8,57.8,98.1,93.2,12.1,20,90.8,47.7,17.1,11.3,11.3,14,91,97.9,15.5,32.9,70.4,55.3,45.8,64.9,50.3,29.1,91.8,91.8,26.3,73.7,24.5,20.9,45.6,34.2,23.5,30.5,60.1,15.8,18.9,30.4,27.5,92.5,45.8,73.6,85.3,82.8,25.2,26.4,48.4,95.4,94.1,7.2,93.1,94.9,94.1,9.8,90.2,16.3,83.7,83.6,28.1,95.1,16.7,12.7,22,47.7,37.8,75.9,15.1,51.8,62.4,62.4,64.7,64.7,57,57,16.8,81.5,39.8,96.3,78.3,94.1,25.2,38.5,12,88,21.8,78.2,15.2,84.8,21.6,78.4,12.8,11.6,18.7,74.5,28.7,4.3,7,76.6,76.6,88.9,86.8,56.8,14.6,94.8,86.5,86.5,89.2,89.2,96.8,86.2,30.2,49.8,98.8,98.8,96.6,96.6,99.3,39.6,62.4,62.4,92.8,92.8,72.2,-61.5942,10.0218,-7.113,-1.2644,7.6923,-5.4968,5.3552,1.5284,-13.5021,-8.5443,1.9751,0.431,-6.1033,4.8352,-12.7551,11.8812,11.8812,153.6697,37.5375,11.7778,3300,-2.3904,-14.6939,-2.2436,14.4762,1.9355,41.0448,-19.7889,15.5462,14.3432,17.1146,-0.5214,0.5342,-0.2144,13.9256,5.6117,-25.7576,3.9171,2.5157,-0.4756,17.0833,-3.4518,-16.0804,-23.0303,40.1274,4.8352,11.0294,-13.2328,42.7918,72.9947,-4,-13.1004,4.902,4.9598,-11.8881,-16.0839,2.6838,-2.2422,0.6435,0,0,-5.2632,1.5544,4.918,25.8621,4.086,-5.586,27.9661,-0.3096,7,20.3,29.2,12.4,23.2,11,11.7,11.8,4.5,11.6,7.2,5,8.2,29.3,1.1,0.1,0.2,0.4,1.5,5.7047397940560085
3.31,0,1197,6848,50.4,7.2,56.6,13.8,16.1,14,0.1,81.4,77.7,92.2,89.9,88.6,6.9,45.3,18.4,90.4,40.3,32.8,27,40.3,32.8,25.3,30.7,32.8,25.3,88.2,80.9,18.7,87.4,96,91.8,72,54.3,92.9,37.7,77.9,51,51,95.6,95,8.7,10.3,90.8,56.7,19.2,18,18,17.3,88.7,91.3,13.5,33.6,49.3,79.8,39.6,61,30.4,30.3,85.1,85.2,28.7,71.3,32,26.9,56,37.6,37.9,12.9,65.9,12.3,21.3,31.1,27.9,95.3,39.6,70.2,76.2,71.5,22.6,29.8,47.6,94.3,92.8,11.3,96.8,97.8,97.3,12.2,87.8,21.6,78.4,80.7,25.8,93,11.9,13.4,13,56.7,37.4,69.8,10.1,56.6,77.8,77.8,76.3,76.3,78,78,16.9,84.9,40.3,95,73,94.5,25.2,66,17.5,82.5,33.7,66.3,11.8,88.2,22.8,77.2,19,15.2,19.8,78.5,27.5,7.2,12.1,73.8,73.8,93,86,52.9,7.7,91.9,83,82.8,84.7,84.6,97.4,95.3,19.9,69.8,90.9,90.8,97.8,96.4,100,37.4,60.7,60.8,95.1,95.1,80.6,-11.5385,17.3575,-8,-0.3308,21.4286,-7.1201,0.3135,-0.2174,-20.1026,-1.354,0.3148,0.8493,-28.9655,7.5901,37.1429,9.0909,9.0909,197.7612,25.3165,-13.881,659.8214,1.2658,8.4677,-36.4532,12.0748,-19.0789,10.3627,-14.0884,33.4928,19.4357,24.3478,-1.9751,-0.8547,-0.1032,5.8442,2.529,0.8264,-0.1138,28.5714,-5.7692,10.2564,-3.6269,-20.6667,0,-12.7517,7.5901,6.3158,-6.2914,121.0227,146.9256,-33.2016,-3.3573,0.8493,-2.2758,-18.9711,54.8673,-6.9899,82.1622,-18.6503,-26.7081,5.1251,0.4405,-0.1294,272.549,2.6667,0.309,-1.9547,-3.8647,0.2049,5.6,25.5,16.2,22.3,22.6,23.7,8.9,1.2,0.7,12.9,2.6,9.5,2.3,24.4,0.2,0.1,0,1.3,0.3,8.8879182939607
1.38,0,3408,17653,22.2,17.2,61.5,9.6,11.3,22,1.3,67.4,67.1,77,82.3,89.5,10.4,57.7,23,84.4,31.5,34.3,34.1,31.5,34.3,31.5,25.6,34.3,31.5,82.3,68.5,17.5,94.8,94.4,92.7,78,47.7,95.3,38.6,86.3,69.1,69.4,96,89.4,9.6,9.5,94.1,63.6,25.4,11.6,11.6,13.3,94.7,98,10.1,27.3,62.1,88.5,39.6,75,33.6,33.2,89.9,90.2,18.3,81.7,41.3,35.7,65,27.2,45.8,20.6,71.6,16,14.7,34.7,30.9,92.7,39.6,81,90.2,88.6,36.5,19,44.5,96.4,94.6,11.5,92.8,92.7,92.8,8.8,91.2,19.1,80.9,76.8,17,95.7,12,11.7,12.2,63.6,52.9,79.3,16,67.4,69.9,70.3,71.4,71.7,73,73.2,13,81.4,31.5,93.2,65.9,96.5,35.4,75,16.3,83.7,31.8,68.2,11.8,88.2,22.1,77.9,16,14.1,19.5,67.5,24.7,8.1,10.5,77,77,87.9,80.3,41.4,14.8,87.6,78,77.8,80.6,80.4,94,96.5,24,66.5,94.9,94.8,97.4,96.6,98.8,36.1,77.4,77.3,97.6,97.7,79.9,0.9709,8.6629,16.7513,-3.653,-3.8462,-0.5247,-0.3168,-0.10780000000000001,-10.7549,67.7184,-0.4149,-3.4557,-30.6569,0.9524,39.5604,27.4725,27.4725,174.8447,-4.5783,-9.6774,1262.1212,-0.7212,-2.9891,0,13.6508,-22.7053,28.9474,9.1195,-1.9048,9.0689,10.8886,-0.1036,0.1058,-1.3815,-0.2153,-0.7487,35.3846,-2.4599,70.5357,-8.8964,-24.1071,-1.0341,13.2075,-18.75,20.7921,0.9524,26.9841,8.3601,149.6429,191.4286,-2.2556,10.5263,-1.4799,2.0124,9.9379,87.3563,-8.3242,78.6517,-17.0316,8.2569,-1.0101,33.9394,-6.7066,90.4762,4.9645,-0.1063,1.9007,2.5641,-0.1026,8.7,17.8,14.7,20.3,23.8,18.7,7.3,1.6,0.4,18.3,4.1,7.9,1.2,19.4,0.2,0.1,0.1,1.6,0,20.643058636790318
5.35,1,29269,135364,20.8,9.3,67.6,3.3,8.7,44.5,1.3,73.9,69.9,85.9,87,88.5,11,52.2,20.9,85,34,36.2,29.8,34,36.2,28.1,28.2,36.2,28.1,85.2,76,15.7,93.5,94.4,91.1,76.2,49,95.6,39.1,86,62.6,62.6,96.1,90.8,7,7.3,93.7,62.2,21.9,12.3,12.3,14.2,92.3,97.5,12.2,29.6,61.2,85.5,41.3,70,29.3,35.2,90.7,90.9,20.1,79.9,38.5,33.1,63.5,26,49.9,15.8,75.2,16.2,15.9,36.1,27.6,94.2,41.3,79.7,86.3,83.1,33.9,20.3,45.8,96.6,94.2,12.8,93.2,95.2,94.2,8.9,91.1,17.4,82.6,82.1,23.6,96,10.3,13.1,12.9,62.2,53.6,77,15.3,62.7,73.7,73.6,77.7,77.2,79.5,78.8,16.6,84.6,34,91.8,70.2,97.1,33.5,73.2,16,84,30.6,69.4,12.1,87.9,21.2,78.8,15.4,13.4,17.9,72.4,27.7,6.3,10.3,76.8,76.8,87.7,80.9,43.1,10.1,90.2,87.2,87.2,88.4,88.5,95.7,98,22,70.7,94.6,94.5,95.9,95.7,99.2,37.3,70.7,70.8,97,96.9,81.7,-5.9829,0.578,2.9557,-5.1339,-1.2579,-1.7857,0.4255,-1.1931,-11.7043,67.8284,-0.8256,-2.2605,-50,5.2453,48.9796,18.2692,18.2692,173.1629,9.5491,-20.1635,1033.75,-10.2564,-15.5612,-44.3662,25.1248,-1.2195,10.4167,12.8125,-15.0769,10.9254,12.6016,0.2075,-0.2119,-3.0177,2.9189,-0.2119,56.1404,-3.3934,72.2772,-8.1201,12.9187,-0.8264,-20.7692,-7.0922,8.4034,5.2453,37.8378,-2.3364,161.3475,246.875,-1.7751,10.0324,-1.5021,2.9326,10.1974,77.7778,-7.6923,97.4194,-17.8698,16.3462,-1.8973,32.5,-6.1905,73.0337,-3.8095,2.2436,1.1352,0,-0.6218,3.9,16,5.7,12.4,26.6,7.7,5.4,1.3,5.2,3.6,1.9,1.8,0.6,3.4,3.2,0.1,0.1,2.5,0.4,1064.1095662835417
2.83,0,7717,53498,19.1,13.2,65.6,10.3,13.7,17.5,0.8,75.9,69.7,82,89.3,73.8,12.4,44.2,31.4,85.1,38.5,36.1,25.4,38.5,36.1,24.1,27.6,36.1,24.1,77.4,72,9.8,92,88.8,82.7,74.9,38.9,95.4,53.2,83.3,60.5,61.4,93,89.6,9,17.3,91.1,44.8,24.9,19.9,19.9,12.6,91,94.4,17.5,29,64.2,85.2,37.6,67.8,44.9,48.8,87.2,87.2,21,79,25.4,17.9,43.2,25.1,53.1,23.5,61.5,17.9,13.7,30.9,30.2,97.1,37.6,82.8,83.5,77,31.8,17.2,51,90.1,87.2,17,94.6,95.3,94.9,10.8,89.2,19.8,80.2,84,28.6,94.6,25.6,14.8,14.4,44.8,56.4,71.9,15.3,64.8,69.8,69.8,71,71,72.3,72.3,21.6,81.5,38.5,91.9,74.6,99.2,38.9,67.9,16,84,29.3,70.7,11.3,88.7,21.8,78.2,14.7,11,23.8,64.3,23.9,14.2,10.9,73.1,73.1,82.4,78.9,46.8,12.9,95.3,77.2,77.4,80.8,81,93.1,93.5,27.6,55.1,87.4,87.4,93.1,94,97,47.8,73,72.3,92.8,92.8,72.4,40.9091,16.0105,23.1373,-1.8454,-9.2593,2.3359,-3.792,-9.8146,-12.5,35.3468,-1.8987,-0.4444,-23.4513,-17.9487,55.625,60.4839,60.4839,160.5505,14.6341,-0.4435,1017.9487,-37.284,-46.0843,-34.903,23.494,17.7632,-17.9641,-9.1176,9.4203,6.6411,6.5007,-6.048,-6.3373,-2.9744,1.9251,-0.7322,10.2041,-1.1086,55.9055,-8.1329,-1.7182,-1.9689,52.381,7.2464,50,-17.9487,10.8696,-2.4096,101.7341,124.6835,2.8571,18.4615,-3.2632,17.4803,6.5753,35.5932,-4.7619,78.6585,-15.4306,-28.481,5.3444,-0.4566,0.128,157.8947,31.6327,-1.3771,0.1071,23.2143,-4.7083,5.5,19.6,15.8,16.8,22.4,15.4,6.8,2.5,1.4,18.9,2.8,3.9,9.4,26.2,0.4,0.1,0.1,3.5,0,57.88585457477881
5.11,0,1426,9984,1.6,6.8,85.7,6.5,12.8,14.3,0.3,71.7,70.9,80.7,89.1,90.4,16.1,46.1,26.7,86.8,38.8,37.4,23.8,38.8,37.4,23.4,32.2,37.4,23.4,85.6,75.8,18.9,90,93.1,86.6,76.4,44.6,91.7,43,75.5,50.5,51.1,94.7,91.2,8.9,15.6,91.6,46.6,27.3,17.4,17.4,15.2,92.3,91.4,18.5,34.7,63.9,71.9,44.3,60.3,37.8,41.9,92.4,92.3,23.6,76.4,25.6,16.7,54.2,24.9,46.3,22.4,58.5,16,14.5,33.1,27.3,93.2,44.3,75.6,83.2,79.6,24.2,24.4,51.4,94.2,92,10.3,97.4,89.1,93.1,13.3,86.7,24.9,75.1,82.1,35.4,95.9,15.5,20,16.9,46.6,67,69.2,13.2,63.5,66.4,66.8,75.7,76,78.8,79.3,18.1,75.9,38.8,88.7,76.2,90.7,29.3,69.4,23.3,76.7,33.3,66.7,13.8,86.2,23.5,76.5,12.6,10,21,73.8,30.5,11.4,8.7,77.2,77.2,85.6,79.1,39.9,13.6,92.5,84.1,84.1,85.4,85.4,91.8,94.8,22,62.5,95.5,95.4,91,96.4,99.5,46.7,62.9,62.4,92.2,92.3,65.5,59.4059,21.6359,-11,-4.7201,48.8189,-1.4239,-0.7463,0.1156,-22.3251,8.6022,1.1752,-2.2508,-29.7297,-13.3829,72.7848,22.5352,22.5352,94.3243,38.8715,-16.3717,696.5517,-36.1596,-54.9865,-32.1212,15.1575,10.3448,-20.3297,-10.7817,17.6724,22.1733,36.0684,-1.875,0.8772,0.2058,0.225,-0.1073,62.1951,-5.5556,80.4348,-12.877,-2.7473,-0.6218,-13.8889,28.2051,79.7872,-13.3829,37.5,-10.0567,150.566,250.463,-19.1964,13.1195,-6.8277,8.3926,-26.0101,142.7083,-15.1549,103.0488,-20.2153,-2.1277,0.3492,-13.9194,5.227,77.4648,18.2609,-2.0277,1.7167,-3.9301,-4.2105,8.4,22.4,13.1,30,17.6,26.3,5,0,0,36.9,0.9,4.5,1.1,14.5,1.3,0.2,0.4,3.1,1,20.304653677189243
3.48,0,974,7887,8.3,21.5,69.4,17,19.4,13.8,0.1,71.7,70.9,80.7,89.1,90.4,16.1,46.1,26.7,86.8,38.8,37.4,23.8,38.8,37.4,23.4,32.2,37.4,23.4,85.6,75.8,18.9,90,93.1,86.6,76.4,44.6,91.7,43,75.5,50.5,51.1,94.7,91.2,8.9,15.6,91.6,46.6,27.3,17.4,17.4,15.2,92.3,91.4,18.5,34.7,63.9,71.9,44.3,60.3,37.8,41.9,92.4,92.3,23.6,76.4,25.6,16.7,54.2,24.9,46.3,22.4,58.5,16,14.5,33.1,27.3,93.2,44.3,75.6,83.2,79.6,24.2,24.4,51.4,94.2,92,10.3,97.4,89.1,93.1,13.3,86.7,24.9,75.1,82.1,35.4,95.9,15.5,20,16.9,46.6,67,69.2,13.2,63.5,66.4,66.8,75.7,76,78.8,79.3,18.1,75.9,38.8,88.7,76.2,90.7,29.3,69.4,23.3,76.7,33.3,66.7,13.8,86.2,23.5,76.5,12.6,10,21,73.8,30.5,11.4,8.7,77.2,77.2,85.6,79.1,39.9,13.6,92.5,84.1,84.1,85.4,85.4,91.8,94.8,22,62.5,95.5,95.4,91,96.4,99.5,46.7,62.9,62.4,92.2,92.3,65.5,59.4059,21.6359,-11,-4.7201,48.8189,-1.4239,-0.7463,0.1156,-22.3251,8.6022,1.1752,-2.2508,-29.7297,-13.3829,72.7848,22.5352,22.5352,94.3243,38.8715,-16.3717,696.5517,-36.1596,-54.9865,-32.1212,15.1575,10.3448,-20.3297,-10.7817,17.6724,22.1733,36.0684,-1.875,0.8772,0.2058,0.225,-0.1073,62.1951,-5.5556,80.4348,-12.877,-2.7473,-0.6218,-13.8889,28.2051,79.7872,-13.3829,37.5,-10.0567,150.566,250.463,-19.1964,13.1195,-6.8277,8.3926,-26.0101,142.7083,-15.1549,103.0488,-20.2153,-2.1277,0.3492,-13.9194,5.227,77.4648,18.2609,-2.0277,1.7167,-3.9301,-4.2105,10.3,22.5,17.7,28.2,19.6,24.7,4.9,2.6,1.8,31.9,2.9,11.7,3.1,23.3,0,0.7,0,0.2,0,14.862659501580408
2.64,0,3553,28777,19.2,8.8,72.5,16.1,17.7,16.2,1.6,71.7,70.9,80.7,89.1,90.4,16.1,46.1,26.7,86.8,38.8,37.4,23.8,38.8,37.4,23.4,32.2,37.4,23.4,85.6,75.8,18.9,90,93.1,86.6,76.4,44.6,91.7,43,75.5,50.5,51.1,94.7,91.2,8.9,15.6,91.6,46.6,27.3,17.4,17.4,15.2,92.3,91.4,18.5,34.7,63.9,71.9,44.3,60.3,37.8,41.9,92.4,92.3,23.6,76.4,25.6,16.7,54.2,24.9,46.3,22.4,58.5,16,14.5,33.1,27.3,93.2,44.3,75.6,83.2,79.6,24.2,24.4,51.4,94.2,92,10.3,97.4,89.1,93.1,13.3,86.7,24.9,75.1,82.1,35.4,95.9,15.5,20,16.9,46.6,67,69.2,13.2,63.5,66.4,66.8,75.7,76,78.8,79.3,18.1,75.9,38.8,88.7,76.2,90.7,29.3,69.4,23.3,76.7,33.3,66.7,13.8,86.2,23.5,76.5,12.6,10,21,73.8,30.5,11.4,8.7,77.2,77.2,85.6,79.1,39.9,13.6,92.5,84.1,84.1,85.4,85.4,91.8,94.8,22,62.5,95.5,95.4,91,96.4,99.5,46.7,62.9,62.4,92.2,92.3,65.5,59.4059,21.6359,-11,-4.7201,48.8189,-1.4239,-0.7463,0.1156,-22.3251,8.6022,1.1752,-2.2508,-29.7297,-13.3829,72.7848,22.5352,22.5352,94.3243,38.8715,-16.3717,696.5517,-36.1596,-54.9865,-32.1212,15.1575,10.3448,-20.3297,-10.7817,17.6724,22.1733,36.0684,-1.875,0.8772,0.2058,0.225,-0.1073,62.1951,-5.5556,80.4348,-12.877,-2.7473,-0.6218,-13.8889,28.2051,79.7872,-13.3829,37.5,-10.0567,150.566,250.463,-19.1964,13.1195,-6.8277,8.3926,-26.0101,142.7083,-15.1549,103.0488,-20.2153,-2.1277,0.3492,-13.9194,5.227,77.4648,18.2609,-2.0277,1.7167,-3.9301,-4.2105,7.1,24,14.4,21.8,21.2,21.8,4.2,3.2,0.3,24.2,7.6,3.2,0.5,17.7,0.1,0,0.1,3.1,0,50.553135153378946
1.55,0,13848,71946,56.5,1.5,55.8,11.8,18.7,17.5,1.1,81.4,77.7,92.2,89.9,88.6,6.9,45.3,18.4,90.4,40.3,32.8,27,40.3,32.8,25.3,30.7,32.8,25.3,88.2,80.9,18.7,87.4,96,91.8,72,54.3,92.9,37.7,77.9,51,51,95.6,95,8.7,10.3,90.8,56.7,19.2,18,18,17.3,88.7,91.3,13.5,33.6,49.3,79.8,39.6,61,30.4,30.3,85.1,85.2,28.7,71.3,32,26.9,56,37.6,37.9,12.9,65.9,12.3,21.3,31.1,27.9,95.3,39.6,70.2,76.2,71.5,22.6,29.8,47.6,94.3,92.8,11.3,96.8,97.8,97.3,12.2,87.8,21.6,78.4,80.7,25.8,93,11.9,13.4,13,56.7,37.4,69.8,10.1,56.6,77.8,77.8,76.3,76.3,78,78,16.9,84.9,40.3,95,73,94.5,25.2,66,17.5,82.5,33.7,66.3,11.8,88.2,22.8,77.2,19,15.2,19.8,78.5,27.5,7.2,12.1,73.8,73.8,93,86,52.9,7.7,91.9,83,82.8,84.7,84.6,97.4,95.3,19.9,69.8,90.9,90.8,97.8,96.4,100,37.4,60.7,60.8,95.1,95.1,80.6,-11.5385,17.3575,-8,-0.3308,21.4286,-7.1201,0.3135,-0.2174,-20.1026,-1.354,0.3148,0.8493,-28.9655,7.5901,37.1429,9.0909,9.0909,197.7612,25.3165,-13.881,659.8214,1.2658,8.4677,-36.4532,12.0748,-19.0789,10.3627,-14.0884,33.4928,19.4357,24.3478,-1.9751,-0.8547,-0.1032,5.8442,2.529,0.8264,-0.1138,28.5714,-5.7692,10.2564,-3.6269,-20.6667,0,-12.7517,7.5901,6.3158,-6.2914,121.0227,146.9256,-33.2016,-3.3573,0.8493,-2.2758,-18.9711,54.8673,-6.9899,82.1622,-18.6503,-26.7081,5.1251,0.4405,-0.1294,272.549,2.6667,0.309,-1.9547,-3.8647,0.2049,4.4,23.8,17.7,15.1,26.3,19.1,8.5,2.5,4.6,9.1,6,6.7,1,20.2,0.9,0,0.2,1.7,0.2,103.77013843014035
4.64,0,981,5626,30.7,2.5,72.5,10.8,27,24,1.3,67.4,67.1,77,82.3,89.5,10.4,57.7,23,84.4,31.5,34.3,34.1,31.5,34.3,31.5,25.6,34.3,31.5,82.3,68.5,17.5,94.8,94.4,92.7,78,47.7,95.3,38.6,86.3,69.1,69.4,96,89.4,9.6,9.5,94.1,63.6,25.4,11.6,11.6,13.3,94.7,98,10.1,27.3,62.1,88.5,39.6,75,33.6,33.2,89.9,90.2,18.3,81.7,41.3,35.7,65,27.2,45.8,20.6,71.6,16,14.7,34.7,30.9,92.7,39.6,81,90.2,88.6,36.5,19,44.5,96.4,94.6,11.5,92.8,92.7,92.8,8.8,91.2,19.1,80.9,76.8,17,95.7,12,11.7,12.2,63.6,52.9,79.3,16,67.4,69.9,70.3,71.4,71.7,73,73.2,13,81.4,31.5,93.2,65.9,96.5,35.4,75,16.3,83.7,31.8,68.2,11.8,88.2,22.1,77.9,16,14.1,19.5,67.5,24.7,8.1,10.5,77,77,87.9,80.3,41.4,14.8,87.6,78,77.8,80.6,80.4,94,96.5,24,66.5,94.9,94.8,97.4,96.6,98.8,36.1,77.4,77.3,97.6,97.7,79.9,0.9709,8.6629,16.7513,-3.653,-3.8462,-0.5247,-0.3168,-0.10780000000000001,-10.7549,67.7184,-0.4149,-3.4557,-30.6569,0.9524,39.5604,27.4725,27.4725,174.8447,-4.5783,-9.6774,1262.1212,-0.7212,-2.9891,0,13.6508,-22.7053,28.9474,9.1195,-1.9048,9.0689,10.8886,-0.1036,0.1058,-1.3815,-0.2153,-0.7487,35.3846,-2.4599,70.5357,-8.8964,-24.1071,-1.0341,13.2075,-18.75,20.7921,0.9524,26.9841,8.3601,149.6429,191.4286,-2.2556,10.5263,-1.4799,2.0124,9.9379,87.3563,-8.3242,78.6517,-17.0316,8.2569,-1.0101,33.9394,-6.7066,90.4762,4.9645,-0.1063,1.9007,2.5641,-0.1026,3.8,20.5,14.2,22.7,19.3,19,3.3,2.8,0,9.5,2.8,2,11,13.2,0.2,0.1,0.2,4.4,0,4.955463672451256
0.76,0,415,2238,53.2,0.5,48.8,8.5,22.8,18.4,0,79.3,77.4,84.7,87.5,63.3,5.3,50.5,22.2,85.9,39.8,38.5,21.7,39.8,38.5,19.7,33.9,38.5,19.7,86.9,73.6,21,89.4,96.4,93,75.2,56.5,91,39.6,82,57.8,57.8,98.1,93.2,12.1,20,90.8,47.7,17.1,11.3,11.3,14,91,97.9,15.5,32.9,70.4,55.3,45.8,64.9,50.3,29.1,91.8,91.8,26.3,73.7,24.5,20.9,45.6,34.2,23.5,30.5,60.1,15.8,18.9,30.4,27.5,92.5,45.8,73.6,85.3,82.8,25.2,26.4,48.4,95.4,94.1,7.2,93.1,94.9,94.1,9.8,90.2,16.3,83.7,83.6,28.1,95.1,16.7,12.7,22,47.7,37.8,75.9,15.1,51.8,62.4,62.4,64.7,64.7,57,57,16.8,81.5,39.8,96.3,78.3,94.1,25.2,38.5,12,88,21.8,78.2,15.2,84.8,21.6,78.4,12.8,11.6,18.7,74.5,28.7,4.3,7,76.6,76.6,88.9,86.8,56.8,14.6,94.8,86.5,86.5,89.2,89.2,96.8,86.2,30.2,49.8,98.8,98.8,96.6,96.6,99.3,39.6,62.4,62.4,92.8,92.8,72.2,-61.5942,10.0218,-7.113,-1.2644,7.6923,-5.4968,5.3552,1.5284,-13.5021,-8.5443,1.9751,0.431,-6.1033,4.8352,-12.7551,11.8812,11.8812,153.6697,37.5375,11.7778,3300,-2.3904,-14.6939,-2.2436,14.4762,1.9355,41.0448,-19.7889,15.5462,14.3432,17.1146,-0.5214,0.5342,-0.2144,13.9256,5.6117,-25.7576,3.9171,2.5157,-0.4756,17.0833,-3.4518,-16.0804,-23.0303,40.1274,4.8352,11.0294,-13.2328,42.7918,72.9947,-4,-13.1004,4.902,4.9598,-11.8881,-16.0839,2.6838,-2.2422,0.6435,0,0,-5.2632,1.5544,4.918,25.8621,4.086,-5.586,27.9661,-0.3096,6.9,16.4,18,25.6,24.2,12.7,1.7,4.7,0.1,14.2,1.7,4.1,0.3,32.4,0,0,0.3,1.1,0,1.707561380800703
1.24,0,2859,16044,43.3,3.3,64.5,9.5,16.8,13,0.7,77.2,67.3,81.9,96.4,73.7,12.8,37.5,31.4,86,44.5,25.6,30,44.5,25.6,28.7,33.6,25.6,28.7,85.2,85.1,10.6,87.8,93.7,85.7,81,48.2,98,45.6,88.6,63,62.7,92.4,90.7,9.5,11.3,90.3,53.2,24.7,15.5,15.5,17,88.6,93.6,19.6,40.8,58.2,88.7,38,70.1,37.1,44.7,90.2,90.3,27.4,72.6,37.4,32.4,49.1,22.4,38.4,18.7,69.5,7.4,18,34.1,31.1,94.2,38,86.2,91.4,87.6,31.7,13.8,54.6,93,90.6,9.8,97.9,95.4,96.7,11.2,88.8,20.6,79.4,90.5,31.9,92.7,20.1,7,19.3,53.2,44.5,70.8,14.6,67.9,62.6,63.1,66.8,67.3,68.2,68.8,20.9,82.9,44.5,89.9,70,98.5,38.5,73.7,17.3,82.7,29.8,70.2,17.7,82.3,25.1,74.9,12.7,10.6,29.7,74.5,27.6,11.9,9.8,79.3,79.3,82.6,77,52.8,13.8,94.8,85.8,85.7,87.5,87.4,95.4,96,25.7,63,94.5,94.8,93.7,95.9,100,50.2,70.2,70.2,98.1,98.1,86.1,0.7874,-1.0554,-0.6329,4.878,68.254,-6.9915,1.4069,4.5122,-8.7539,43.1818,1.7621,0.443,-27.5641,-1.2987,63.5762,0,0,185.209,63.7931,-13.7209,1027.5,-9.4431,-12.9032,-18.3406,8.9342,-44.3609,1.1236,18.8153,-0.9554,14.25,20.6612,-0.9585,5.4715,-0.2039,-3.3435,-1.7276,40,-3.4783,47.1429,-7.6744,-15.6085,-4.0373,45.6522,-54.5455,22.9299,-1.2987,-18.8889,-15.8612,80.4035,109.4044,36.6013,40.8228,-5.3684,1.3025,0.5222,60.1852,-7.287,81.7073,-16.0287,-5.3476,1.23,10.5727,-3.1048,-12.4138,-2.1277,3.8085,1.8028,-6.2044,-1.1603,2.2,14.1,15.6,15,25.3,15.4,3.2,2.9,1,7.3,2.6,0.9,11.5,15.6,0.6,0.7,0,1.8,0.6,17.719481088631657
3.79,0,589,2938,12.9,0.9,83.7,5.9,13.4,34.1,0.3,77.2,67.3,81.9,96.4,73.7,12.8,37.5,31.4,86,44.5,25.6,30,44.5,25.6,28.7,33.6,25.6,28.7,85.2,85.1,10.6,87.8,93.7,85.7,81,48.2,98,45.6,88.6,63,62.7,92.4,90.7,9.5,11.3,90.3,53.2,24.7,15.5,15.5,17,88.6,93.6,19.6,40.8,58.2,88.7,38,70.1,37.1,44.7,90.2,90.3,27.4,72.6,37.4,32.4,49.1,22.4,38.4,18.7,69.5,7.4,18,34.1,31.1,94.2,38,86.2,91.4,87.6,31.7,13.8,54.6,93,90.6,9.8,97.9,95.4,96.7,11.2,88.8,20.6,79.4,90.5,31.9,92.7,20.1,7,19.3,53.2,44.5,70.8,14.6,67.9,62.6,63.1,66.8,67.3,68.2,68.8,20.9,82.9,44.5,89.9,70,98.5,38.5,73.7,17.3,82.7,29.8,70.2,17.7,82.3,25.1,74.9,12.7,10.6,29.7,74.5,27.6,11.9,9.8,79.3,79.3,82.6,77,52.8,13.8,94.8,85.8,85.7,87.5,87.4,95.4,96,25.7,63,94.5,94.8,93.7,95.9,100,50.2,70.2,70.2,98.1,98.1,86.1,0.7874,-1.0554,-0.6329,4.878,68.254,-6.9915,1.4069,4.5122,-8.7539,43.1818,1.7621,0.443,-27.5641,-1.2987,63.5762,0,0,185.209,63.7931,-13.7209,1027.5,-9.4431,-12.9032,-18.3406,8.9342,-44.3609,1.1236,18.8153,-0.9554,14.25,20.6612,-0.9585,5.4715,-0.2039,-3.3435,-1.7276,40,-3.4783,47.1429,-7.6744,-15.6085,-4.0373,45.6522,-54.5455,22.9299,-1.2987,-18.8889,-15.8612,80.4035,109.4044,36.6013,40.8228,-5.3684,1.3025,0.5222,60.1852,-7.287,81.7073,-16.0287,-5.3476,1.23,10.5727,-3.1048,-12.4138,-2.1277,3.8085,1.8028,-6.2044,-1.1603,7.2,20.7,6.5,19.7,23.8,17.6,2.9,0,0.3,9,4.9,5.6,1.4,13.7,0.2,0,0,2.2,0,3.2134386504937047
2.74,0,5174,24094,19.9,15.1,64.2,17.2,20.9,15.1,0.4,71.7,70.9,80.7,89.1,90.4,16.1,46.1,26.7,86.8,38.8,37.4,23.8,38.8,37.4,23.4,32.2,37.4,23.4,85.6,75.8,18.9,90,93.1,86.6,76.4,44.6,91.7,43,75.5,50.5,51.1,94.7,91.2,8.9,15.6,91.6,46.6,27.3,17.4,17.4,15.2,92.3,91.4,18.5,34.7,63.9,71.9,44.3,60.3,37.8,41.9,92.4,92.3,23.6,76.4,25.6,16.7,54.2,24.9,46.3,22.4,58.5,16,14.5,33.1,27.3,93.2,44.3,75.6,83.2,79.6,24.2,24.4,51.4,94.2,92,10.3,97.4,89.1,93.1,13.3,86.7,24.9,75.1,82.1,35.4,95.9,15.5,20,16.9,46.6,67,69.2,13.2,63.5,66.4,66.8,75.7,76,78.8,79.3,18.1,75.9,38.8,88.7,76.2,90.7,29.3,69.4,23.3,76.7,33.3,66.7,13.8,86.2,23.5,76.5,12.6,10,21,73.8,30.5,11.4,8.7,77.2,77.2,85.6,79.1,39.9,13.6,92.5,84.1,84.1,85.4,85.4,91.8,94.8,22,62.5,95.5,95.4,91,96.4,99.5,46.7,62.9,62.4,92.2,92.3,65.5,59.4059,21.6359,-11,-4.7201,48.8189,-1.4239,-0.7463,0.1156,-22.3251,8.6022,1.1752,-2.2508,-29.7297,-13.3829,72.7848,22.5352,22.5352,94.3243,38.8715,-16.3717,696.5517,-36.1596,-54.9865,-32.1212,15.1575,10.3448,-20.3297,-10.7817,17.6724,22.1733,36.0684,-1.875,0.8772,0.2058,0.225,-0.1073,62.1951,-5.5556,80.4348,-12.877,-2.7473,-0.6218,-13.8889,28.2051,79.7872,-13.3829,37.5,-10.0567,150.566,250.463,-19.1964,13.1195,-6.8277,8.3926,-26.0101,142.7083,-15.1549,103.0488,-20.2153,-2.1277,0.3492,-13.9194,5.227,77.4648,18.2609,-2.0277,1.7167,-3.9301,-4.2105,4,18.8,18.3,17.8,26,15.4,7.1,3.6,2.1,32.2,6.5,6.3,0.8,22,0.5,0.3,0.7,2.8,0.1,30.284487389414565
2.81,0,669,2773,46.6,0.1,57.4,9.3,16.3,30.2,0.2,69.4,67.2,78.8,91.4,89.2,6,41.7,23,80.5,46.8,31.5,21.7,46.8,31.5,20.9,34,31.5,20.9,83.8,74.3,17.2,92.9,93.2,88,86.5,49,89.7,39,87.6,59.6,59.3,94.9,86.3,10.2,13.6,91.8,53.3,16.9,16,16,16.8,91.5,92.7,16,35.4,66.2,85.5,36.5,65.7,40.7,34.1,89.7,89.9,24.8,75.2,33.6,28.5,53.1,33.3,27.5,24.4,66.5,11.1,20.2,35,29.2,96.1,36.5,76.3,85.4,81.6,25.9,23.7,50.3,95.1,91.7,6.6,97.8,93.7,95.9,11.1,88.9,19,81,78.4,18.9,96.5,17.1,16.8,9.9,53.3,51.9,74.9,21.1,53.6,57.3,57.1,63.9,63.7,61.5,61.2,20,90.5,46.8,95.8,78.3,93.1,32.5,72.7,11.2,88.8,31.4,68.6,13.1,86.9,27.6,72.4,11.6,11.3,21.7,68.1,28,12.2,14.3,73.7,73.7,80.8,75.1,40.5,7.2,93.2,84,83.9,90.1,90,97.4,91.9,27,59.4,92.6,92.5,94.9,97.5,99.7,44.4,67.2,67.6,96.9,96.9,76,-40.5941,2.2059,5.0228,-10.8527,25.5474,-2.5184,-1.8947,-5.3763,-10.4294,28.7257,-0.8359,-7.8975,-27.2727,-2.2018,39.6694,75.8242,75.8242,251.8519,22.8956,-4.2353,980.7229,-1.4663,8.7786,-13.4752,18.5383,-35.0877,31.1688,-13.3663,39.7129,10.3359,11.9342,-1.5528,-2.5505,2.8391,-1.5756,0.7353,54.1667,-4.2026,58.3333,-7.9545,-43.2432,-1.5306,1.7857,63.1068,-40.3614,-2.2018,113.1313,-18.417,117.8707,157.6613,12.9944,44,0.9484,15.3166,7.6159,30.2326,-2.8446,110.7383,-19.389,24.7619,-2.905,60.4651,-12.5604,190,-10,3.7274,0.2181,12.9707,-3.8501,1.5,19.8,27.9,16.3,23.3,18.9,7.6,4.1,2.5,8.8,3.6,1.1,1.4,14.4,1,0,0,1.1,0.1,3.0047917241749356
4.48,0,40442,245101,20.9,16.3,66.5,7.7,16.9,28.6,1.4,75.9,69.7,82,89.3,73.8,12.4,44.2,31.4,85.1,38.5,36.1,25.4,38.5,36.1,24.1,27.6,36.1,24.1,77.4,72,9.8,92,88.8,82.7,74.9,38.9,95.4,53.2,83.3,60.5,61.4,93,89.6,9,17.3,91.1,44.8,24.9,19.9,19.9,12.6,91,94.4,17.5,29,64.2,85.2,37.6,67.8,44.9,48.8,87.2,87.2,21,79,25.4,17.9,43.2,25.1,53.1,23.5,61.5,17.9,13.7,30.9,30.2,97.1,37.6,82.8,83.5,77,31.8,17.2,51,90.1,87.2,17,94.6,95.3,94.9,10.8,89.2,19.8,80.2,84,28.6,94.6,25.6,14.8,14.4,44.8,56.4,71.9,15.3,64.8,69.8,69.8,71,71,72.3,72.3,21.6,81.5,38.5,91.9,74.6,99.2,38.9,67.9,16,84,29.3,70.7,11.3,88.7,21.8,78.2,14.7,11,23.8,64.3,23.9,14.2,10.9,73.1,73.1,82.4,78.9,46.8,12.9,95.3,77.2,77.4,80.8,81,93.1,93.5,27.6,55.1,87.4,87.4,93.1,94,97,47.8,73,72.3,92.8,92.8,72.4,40.9091,16.0105,23.1373,-1.8454,-9.2593,2.3359,-3.792,-9.8146,-12.5,35.3468,-1.8987,-0.4444,-23.4513,-17.9487,55.625,60.4839,60.4839,160.5505,14.6341,-0.4435,1017.9487,-37.284,-46.0843,-34.903,23.494,17.7632,-17.9641,-9.1176,9.4203,6.6411,6.5007,-6.048,-6.3373,-2.9744,1.9251,-0.7322,10.2041,-1.1086,55.9055,-8.1329,-1.7182,-1.9689,52.381,7.2464,50,-17.9487,10.8696,-2.4096,101.7341,124.6835,2.8571,18.4615,-3.2632,17.4803,6.5753,35.5932,-4.7619,78.6585,-15.4306,-28.481,5.3444,-0.4566,0.128,157.8947,31.6327,-1.3771,0.1071,23.2143,-4.7083,4.7,24.4,12.4,17,24.2,12.4,7,3.8,7.3,10.6,3.2,4.3,2.7,12.8,1.6,0.1,0.1,2.3,0.2,265.9883020052948
0.06,0,15488,66763,97.2,0.4,32.9,31,28.9,13.6,1.5,81.4,77.7,92.2,89.9,88.6,6.9,45.3,18.4,90.4,40.3,32.8,27,40.3,32.8,25.3,30.7,32.8,25.3,88.2,80.9,18.7,87.4,96,91.8,72,54.3,92.9,37.7,77.9,51,51,95.6,95,8.7,10.3,90.8,56.7,19.2,18,18,17.3,88.7,91.3,13.5,33.6,49.3,79.8,39.6,61,30.4,30.3,85.1,85.2,28.7,71.3,32,26.9,56,37.6,37.9,12.9,65.9,12.3,21.3,31.1,27.9,95.3,39.6,70.2,76.2,71.5,22.6,29.8,47.6,94.3,92.8,11.3,96.8,97.8,97.3,12.2,87.8,21.6,78.4,80.7,25.8,93,11.9,13.4,13,56.7,37.4,69.8,10.1,56.6,77.8,77.8,76.3,76.3,78,78,16.9,84.9,40.3,95,73,94.5,25.2,66,17.5,82.5,33.7,66.3,11.8,88.2,22.8,77.2,19,15.2,19.8,78.5,27.5,7.2,12.1,73.8,73.8,93,86,52.9,7.7,91.9,83,82.8,84.7,84.6,97.4,95.3,19.9,69.8,90.9,90.8,97.8,96.4,100,37.4,60.7,60.8,95.1,95.1,80.6,-11.5385,17.3575,-8,-0.3308,21.4286,-7.1201,0.3135,-0.2174,-20.1026,-1.354,0.3148,0.8493,-28.9655,7.5901,37.1429,9.0909,9.0909,197.7612,25.3165,-13.881,659.8214,1.2658,8.4677,-36.4532,12.0748,-19.0789,10.3627,-14.0884,33.4928,19.4357,24.3478,-1.9751,-0.8547,-0.1032,5.8442,2.529,0.8264,-0.1138,28.5714,-5.7692,10.2564,-3.6269,-20.6667,0,-12.7517,7.5901,6.3158,-6.2914,121.0227,146.9256,-33.2016,-3.3573,0.8493,-2.2758,-18.9711,54.8673,-6.9899,82.1622,-18.6503,-26.7081,5.1251,0.4405,-0.1294,272.549,2.6667,0.309,-1.9547,-3.8647,0.2049,11.5,24.7,39.1,11.5,32.6,15.5,15.9,22.7,2.2,9.8,10.2,10.7,0.9,32.9,0.1,0,0,0.2,0.3,54.58156481598214
5.5,0,1374,9210,25.1,3.1,78.2,12,13.8,17.2,0.4,77.2,67.3,81.9,96.4,73.7,12.8,37.5,31.4,86,44.5,25.6,30,44.5,25.6,28.7,33.6,25.6,28.7,85.2,85.1,10.6,87.8,93.7,85.7,81,48.2,98,45.6,88.6,63,62.7,92.4,90.7,9.5,11.3,90.3,53.2,24.7,15.5,15.5,17,88.6,93.6,19.6,40.8,58.2,88.7,38,70.1,37.1,44.7,90.2,90.3,27.4,72.6,37.4,32.4,49.1,22.4,38.4,18.7,69.5,7.4,18,34.1,31.1,94.2,38,86.2,91.4,87.6,31.7,13.8,54.6,93,90.6,9.8,97.9,95.4,96.7,11.2,88.8,20.6,79.4,90.5,31.9,92.7,20.1,7,19.3,53.2,44.5,70.8,14.6,67.9,62.6,63.1,66.8,67.3,68.2,68.8,20.9,82.9,44.5,89.9,70,98.5,38.5,73.7,17.3,82.7,29.8,70.2,17.7,82.3,25.1,74.9,12.7,10.6,29.7,74.5,27.6,11.9,9.8,79.3,79.3,82.6,77,52.8,13.8,94.8,85.8,85.7,87.5,87.4,95.4,96,25.7,63,94.5,94.8,93.7,95.9,100,50.2,70.2,70.2,98.1,98.1,86.1,0.7874,-1.0554,-0.6329,4.878,68.254,-6.9915,1.4069,4.5122,-8.7539,43.1818,1.7621,0.443,-27.5641,-1.2987,63.5762,0,0,185.209,63.7931,-13.7209,1027.5,-9.4431,-12.9032,-18.3406,8.9342,-44.3609,1.1236,18.8153,-0.9554,14.25,20.6612,-0.9585,5.4715,-0.2039,-3.3435,-1.7276,40,-3.4783,47.1429,-7.6744,-15.6085,-4.0373,45.6522,-54.5455,22.9299,-1.2987,-18.8889,-15.8612,80.4035,109.4044,36.6013,40.8228,-5.3684,1.3025,0.5222,60.1852,-7.287,81.7073,-16.0287,-5.3476,1.23,10.5727,-3.1048,-12.4138,-2.1277,3.8085,1.8028,-6.2044,-1.1603,8.6,29.1,16.7,19.6,22,18,7.6,3.2,7.6,11.7,2.2,9.3,4.8,16.2,1,0,0,1.9,0.4,10.270755104773162
5.03,0,355,1350,35.7,0.1,72.5,1.2,26.4,24.5,0.2,79.3,77.4,84.7,87.5,63.3,5.3,50.5,22.2,85.9,39.8,38.5,21.7,39.8,38.5,19.7,33.9,38.5,19.7,86.9,73.6,21,89.4,96.4,93,75.2,56.5,91,39.6,82,57.8,57.8,98.1,93.2,12.1,20,90.8,47.7,17.1,11.3,11.3,14,91,97.9,15.5,32.9,70.4,55.3,45.8,64.9,50.3,29.1,91.8,91.8,26.3,73.7,24.5,20.9,45.6,34.2,23.5,30.5,60.1,15.8,18.9,30.4,27.5,92.5,45.8,73.6,85.3,82.8,25.2,26.4,48.4,95.4,94.1,7.2,93.1,94.9,94.1,9.8,90.2,16.3,83.7,83.6,28.1,95.1,16.7,12.7,22,47.7,37.8,75.9,15.1,51.8,62.4,62.4,64.7,64.7,57,57,16.8,81.5,39.8,96.3,78.3,94.1,25.2,38.5,12,88,21.8,78.2,15.2,84.8,21.6,78.4,12.8,11.6,18.7,74.5,28.7,4.3,7,76.6,76.6,88.9,86.8,56.8,14.6,94.8,86.5,86.5,89.2,89.2,96.8,86.2,30.2,49.8,98.8,98.8,96.6,96.6,99.3,39.6,62.4,62.4,92.8,92.8,72.2,-61.5942,10.0218,-7.113,-1.2644,7.6923,-5.4968,5.3552,1.5284,-13.5021,-8.5443,1.9751,0.431,-6.1033,4.8352,-12.7551,11.8812,11.8812,153.6697,37.5375,11.7778,3300,-2.3904,-14.6939,-2.2436,14.4762,1.9355,41.0448,-19.7889,15.5462,14.3432,17.1146,-0.5214,0.5342,-0.2144,13.9256,5.6117,-25.7576,3.9171,2.5157,-0.4756,17.0833,-3.4518,-16.0804,-23.0303,40.1274,4.8352,11.0294,-13.2328,42.7918,72.9947,-4,-13.1004,4.902,4.9598,-11.8881,-16.0839,2.6838,-2.2422,0.6435,0,0,-5.2632,1.5544,4.918,25.8621,4.086,-5.586,27.9661,-0.3096,0,6.9,9.9,13.1,34.6,8,3.8,2.4,0,18.2,0,0,2.6,11.5,0.2,0.1,0,0.4,0,1.4619108153120488
0.57,0,181,1237,20,0.4,88.7,7.4,12.7,16.9,0,77.2,67.3,81.9,96.4,73.7,12.8,37.5,31.4,86,44.5,25.6,30,44.5,25.6,28.7,33.6,25.6,28.7,85.2,85.1,10.6,87.8,93.7,85.7,81,48.2,98,45.6,88.6,63,62.7,92.4,90.7,9.5,11.3,90.3,53.2,24.7,15.5,15.5,17,88.6,93.6,19.6,40.8,58.2,88.7,38,70.1,37.1,44.7,90.2,90.3,27.4,72.6,37.4,32.4,49.1,22.4,38.4,18.7,69.5,7.4,18,34.1,31.1,94.2,38,86.2,91.4,87.6,31.7,13.8,54.6,93,90.6,9.8,97.9,95.4,96.7,11.2,88.8,20.6,79.4,90.5,31.9,92.7,20.1,7,19.3,53.2,44.5,70.8,14.6,67.9,62.6,63.1,66.8,67.3,68.2,68.8,20.9,82.9,44.5,89.9,70,98.5,38.5,73.7,17.3,82.7,29.8,70.2,17.7,82.3,25.1,74.9,12.7,10.6,29.7,74.5,27.6,11.9,9.8,79.3,79.3,82.6,77,52.8,13.8,94.8,85.8,85.7,87.5,87.4,95.4,96,25.7,63,94.5,94.8,93.7,95.9,100,50.2,70.2,70.2,98.1,98.1,86.1,0.7874,-1.0554,-0.6329,4.878,68.254,-6.9915,1.4069,4.5122,-8.7539,43.1818,1.7621,0.443,-27.5641,-1.2987,63.5762,0,0,185.209,63.7931,-13.7209,1027.5,-9.4431,-12.9032,-18.3406,8.9342,-44.3609,1.1236,18.8153,-0.9554,14.25,20.6612,-0.9585,5.4715,-0.2039,-3.3435,-1.7276,40,-3.4783,47.1429,-7.6744,-15.6085,-4.0373,45.6522,-54.5455,22.9299,-1.2987,-18.8889,-15.8612,80.4035,109.4044,36.6013,40.8228,-5.3684,1.3025,0.5222,60.1852,-7.287,81.7073,-16.0287,-5.3476,1.23,10.5727,-3.1048,-12.4138,-2.1277,3.8085,1.8028,-6.2044,-1.1603,1.8,14.4,19.1,20.3,27.7,14.5,1.3,0.1,0,15.6,1.1,2.4,3.2,14.9,0,0,0,0.9,0,1.3499765565286703
2.27,0,643,3350,63.4,0.1,45.4,3.2,15.8,18.3,0.4,79.3,77.4,84.7,87.5,63.3,5.3,50.5,22.2,85.9,39.8,38.5,21.7,39.8,38.5,19.7,33.9,38.5,19.7,86.9,73.6,21,89.4,96.4,93,75.2,56.5,91,39.6,82,57.8,57.8,98.1,93.2,12.1,20,90.8,47.7,17.1,11.3,11.3,14,91,97.9,15.5,32.9,70.4,55.3,45.8,64.9,50.3,29.1,91.8,91.8,26.3,73.7,24.5,20.9,45.6,34.2,23.5,30.5,60.1,15.8,18.9,30.4,27.5,92.5,45.8,73.6,85.3,82.8,25.2,26.4,48.4,95.4,94.1,7.2,93.1,94.9,94.1,9.8,90.2,16.3,83.7,83.6,28.1,95.1,16.7,12.7,22,47.7,37.8,75.9,15.1,51.8,62.4,62.4,64.7,64.7,57,57,16.8,81.5,39.8,96.3,78.3,94.1,25.2,38.5,12,88,21.8,78.2,15.2,84.8,21.6,78.4,12.8,11.6,18.7,74.5,28.7,4.3,7,76.6,76.6,88.9,86.8,56.8,14.6,94.8,86.5,86.5,89.2,89.2,96.8,86.2,30.2,49.8,98.8,98.8,96.6,96.6,99.3,39.6,62.4,62.4,92.8,92.8,72.2,-61.5942,10.0218,-7.113,-1.2644,7.6923,-5.4968,5.3552,1.5284,-13.5021,-8.5443,1.9751,0.431,-6.1033,4.8352,-12.7551,11.8812,11.8812,153.6697,37.5375,11.7778,3300,-2.3904,-14.6939,-2.2436,14.4762,1.9355,41.0448,-19.7889,15.5462,14.3432,17.1146,-0.5214,0.5342,-0.2144,13.9256,5.6117,-25.7576,3.9171,2.5157,-0.4756,17.0833,-3.4518,-16.0804,-23.0303,40.1274,4.8352,11.0294,-13.2328,42.7918,72.9947,-4,-13.1004,4.902,4.9598,-11.8881,-16.0839,2.6838,-2.2422,0.6435,0,0,-5.2632,1.5544,4.918,25.8621,4.086,-5.586,27.9661,-0.3096,4.7,16.9,20,13.2,32.4,6.4,16.7,4.4,2.7,18.5,10.5,2.5,0.7,35.4,0,0.4,0.2,0.8,0.2,2.3040926927582586
1.69,0,1316,6790,46.3,7.8,59.5,23,23.3,15.5,0.1,69.4,67.2,78.8,91.4,89.2,6,41.7,23,80.5,46.8,31.5,21.7,46.8,31.5,20.9,34,31.5,20.9,83.8,74.3,17.2,92.9,93.2,88,86.5,49,89.7,39,87.6,59.6,59.3,94.9,86.3,10.2,13.6,91.8,53.3,16.9,16,16,16.8,91.5,92.7,16,35.4,66.2,85.5,36.5,65.7,40.7,34.1,89.7,89.9,24.8,75.2,33.6,28.5,53.1,33.3,27.5,24.4,66.5,11.1,20.2,35,29.2,96.1,36.5,76.3,85.4,81.6,25.9,23.7,50.3,95.1,91.7,6.6,97.8,93.7,95.9,11.1,88.9,19,81,78.4,18.9,96.5,17.1,16.8,9.9,53.3,51.9,74.9,21.1,53.6,57.3,57.1,63.9,63.7,61.5,61.2,20,90.5,46.8,95.8,78.3,93.1,32.5,72.7,11.2,88.8,31.4,68.6,13.1,86.9,27.6,72.4,11.6,11.3,21.7,68.1,28,12.2,14.3,73.7,73.7,80.8,75.1,40.5,7.2,93.2,84,83.9,90.1,90,97.4,91.9,27,59.4,92.6,92.5,94.9,97.5,99.7,44.4,67.2,67.6,96.9,96.9,76,-40.5941,2.2059,5.0228,-10.8527,25.5474,-2.5184,-1.8947,-5.3763,-10.4294,28.7257,-0.8359,-7.8975,-27.2727,-2.2018,39.6694,75.8242,75.8242,251.8519,22.8956,-4.2353,980.7229,-1.4663,8.7786,-13.4752,18.5383,-35.0877,31.1688,-13.3663,39.7129,10.3359,11.9342,-1.5528,-2.5505,2.8391,-1.5756,0.7353,54.1667,-4.2026,58.3333,-7.9545,-43.2432,-1.5306,1.7857,63.1068,-40.3614,-2.2018,113.1313,-18.417,117.8707,157.6613,12.9944,44,0.9484,15.3166,7.6159,30.2326,-2.8446,110.7383,-19.389,24.7619,-2.905,60.4651,-12.5604,190,-10,3.7274,0.2181,12.9707,-3.8501,5.2,23.2,22.1,17.3,25,16.1,4.4,5.3,0.6,5.5,2.9,8.1,9.2,28.6,0.1,0.2,0,2.5,1.7,7.6278489946119015
3.3,0,336474,2245229,30.3,17.7,48.2,8.2,16.7,34.8,1.9,73.9,69.9,85.9,87,88.5,11,52.2,20.9,85,34,36.2,29.8,34,36.2,28.1,28.2,36.2,28.1,85.2,76,15.7,93.5,94.4,91.1,76.2,49,95.6,39.1,86,62.6,62.6,96.1,90.8,7,7.3,93.7,62.2,21.9,12.3,12.3,14.2,92.3,97.5,12.2,29.6,61.2,85.5,41.3,70,29.3,35.2,90.7,90.9,20.1,79.9,38.5,33.1,63.5,26,49.9,15.8,75.2,16.2,15.9,36.1,27.6,94.2,41.3,79.7,86.3,83.1,33.9,20.3,45.8,96.6,94.2,12.8,93.2,95.2,94.2,8.9,91.1,17.4,82.6,82.1,23.6,96,10.3,13.1,12.9,62.2,53.6,77,15.3,62.7,73.7,73.6,77.7,77.2,79.5,78.8,16.6,84.6,34,91.8,70.2,97.1,33.5,73.2,16,84,30.6,69.4,12.1,87.9,21.2,78.8,15.4,13.4,17.9,72.4,27.7,6.3,10.3,76.8,76.8,87.7,80.9,43.1,10.1,90.2,87.2,87.2,88.4,88.5,95.7,98,22,70.7,94.6,94.5,95.9,95.7,99.2,37.3,70.7,70.8,97,96.9,81.7,-5.9829,0.578,2.9557,-5.1339,-1.2579,-1.7857,0.4255,-1.1931,-11.7043,67.8284,-0.8256,-2.2605,-50,5.2453,48.9796,18.2692,18.2692,173.1629,9.5491,-20.1635,1033.75,-10.2564,-15.5612,-44.3662,25.1248,-1.2195,10.4167,12.8125,-15.0769,10.9254,12.6016,0.2075,-0.2119,-3.0177,2.9189,-0.2119,56.1404,-3.3934,72.2772,-8.1201,12.9187,-0.8264,-20.7692,-7.0922,8.4034,5.2453,37.8378,-2.3364,161.3475,246.875,-1.7751,10.0324,-1.5021,2.9326,10.1974,77.7778,-7.6923,97.4194,-17.8698,16.3462,-1.8973,32.5,-6.1905,73.0337,-3.8095,2.2436,1.1352,0,-0.6218,4.9,28.9,12.9,11.7,25.8,9.8,7.4,5.3,16.9,2,4.1,4.4,1.3,7.9,5.7,0.2,0.2,3,0.4,2594.8938215677053
2.61,0,39617,149153,25.1,8.1,67.2,10.6,14.1,29.3,1.3,77.2,67.3,81.9,96.4,73.7,12.8,37.5,31.4,86,44.5,25.6,30,44.5,25.6,28.7,33.6,25.6,28.7,85.2,85.1,10.6,87.8,93.7,85.7,81,48.2,98,45.6,88.6,63,62.7,92.4,90.7,9.5,11.3,90.3,53.2,24.7,15.5,15.5,17,88.6,93.6,19.6,40.8,58.2,88.7,38,70.1,37.1,44.7,90.2,90.3,27.4,72.6,37.4,32.4,49.1,22.4,38.4,18.7,69.5,7.4,18,34.1,31.1,94.2,38,86.2,91.4,87.6,31.7,13.8,54.6,93,90.6,9.8,97.9,95.4,96.7,11.2,88.8,20.6,79.4,90.5,31.9,92.7,20.1,7,19.3,53.2,44.5,70.8,14.6,67.9,62.6,63.1,66.8,67.3,68.2,68.8,20.9,82.9,44.5,89.9,70,98.5,38.5,73.7,17.3,82.7,29.8,70.2,17.7,82.3,25.1,74.9,12.7,10.6,29.7,74.5,27.6,11.9,9.8,79.3,79.3,82.6,77,52.8,13.8,94.8,85.8,85.7,87.5,87.4,95.4,96,25.7,63,94.5,94.8,93.7,95.9,100,50.2,70.2,70.2,98.1,98.1,86.1,0.7874,-1.0554,-0.6329,4.878,68.254,-6.9915,1.4069,4.5122,-8.7539,43.1818,1.7621,0.443,-27.5641,-1.2987,63.5762,0,0,185.209,63.7931,-13.7209,1027.5,-9.4431,-12.9032,-18.3406,8.9342,-44.3609,1.1236,18.8153,-0.9554,14.25,20.6612,-0.9585,5.4715,-0.2039,-3.3435,-1.7276,40,-3.4783,47.1429,-7.6744,-15.6085,-4.0373,45.6522,-54.5455,22.9299,-1.2987,-18.8889,-15.8612,80.4035,109.4044,36.6013,40.8228,-5.3684,1.3025,0.5222,60.1852,-7.287,81.7073,-16.0287,-5.3476,1.23,10.5727,-3.1048,-12.4138,-2.1277,3.8085,1.8028,-6.2044,-1.1603,2.4,28.2,10,14.6,24.5,14.7,6.6,2,9.5,4.9,2.5,4.6,4.8,11.4,2.2,0.1,0,2.6,0.6,162.91331414546084
0,0,114,737,40.1,0,69.8,3.2,15.2,26.9,0,79.3,77.4,84.7,87.5,63.3,5.3,50.5,22.2,85.9,39.8,38.5,21.7,39.8,38.5,19.7,33.9,38.5,19.7,86.9,73.6,21,89.4,96.4,93,75.2,56.5,91,39.6,82,57.8,57.8,98.1,93.2,12.1,20,90.8,47.7,17.1,11.3,11.3,14,91,97.9,15.5,32.9,70.4,55.3,45.8,64.9,50.3,29.1,91.8,91.8,26.3,73.7,24.5,20.9,45.6,34.2,23.5,30.5,60.1,15.8,18.9,30.4,27.5,92.5,45.8,73.6,85.3,82.8,25.2,26.4,48.4,95.4,94.1,7.2,93.1,94.9,94.1,9.8,90.2,16.3,83.7,83.6,28.1,95.1,16.7,12.7,22,47.7,37.8,75.9,15.1,51.8,62.4,62.4,64.7,64.7,57,57,16.8,81.5,39.8,96.3,78.3,94.1,25.2,38.5,12,88,21.8,78.2,15.2,84.8,21.6,78.4,12.8,11.6,18.7,74.5,28.7,4.3,7,76.6,76.6,88.9,86.8,56.8,14.6,94.8,86.5,86.5,89.2,89.2,96.8,86.2,30.2,49.8,98.8,98.8,96.6,96.6,99.3,39.6,62.4,62.4,92.8,92.8,72.2,-61.5942,10.0218,-7.113,-1.2644,7.6923,-5.4968,5.3552,1.5284,-13.5021,-8.5443,1.9751,0.431,-6.1033,4.8352,-12.7551,11.8812,11.8812,153.6697,37.5375,11.7778,3300,-2.3904,-14.6939,-2.2436,14.4762,1.9355,41.0448,-19.7889,15.5462,14.3432,17.1146,-0.5214,0.5342,-0.2144,13.9256,5.6117,-25.7576,3.9171,2.5157,-0.4756,17.0833,-3.4518,-16.0804,-23.0303,40.1274,4.8352,11.0294,-13.2328,42.7918,72.9947,-4,-13.1004,4.902,4.9598,-11.8881,-16.0839,2.6838,-2.2422,0.6435,0,0,-5.2632,1.5544,4.918,25.8621,4.086,-5.586,27.9661,-0.3096,0,17.9,6.3,34.2,12.5,26.7,2.5,1.5,0,5,0.7,3.2,0,25.7,0,0,0,0,0,0.31255877789895997
6.95,0,322,1587,10.3,0,88.8,19.2,20.6,22.4,0,77.2,67.3,81.9,96.4,73.7,12.8,37.5,31.4,86,44.5,25.6,30,44.5,25.6,28.7,33.6,25.6,28.7,85.2,85.1,10.6,87.8,93.7,85.7,81,48.2,98,45.6,88.6,63,62.7,92.4,90.7,9.5,11.3,90.3,53.2,24.7,15.5,15.5,17,88.6,93.6,19.6,40.8,58.2,88.7,38,70.1,37.1,44.7,90.2,90.3,27.4,72.6,37.4,32.4,49.1,22.4,38.4,18.7,69.5,7.4,18,34.1,31.1,94.2,38,86.2,91.4,87.6,31.7,13.8,54.6,93,90.6,9.8,97.9,95.4,96.7,11.2,88.8,20.6,79.4,90.5,31.9,92.7,20.1,7,19.3,53.2,44.5,70.8,14.6,67.9,62.6,63.1,66.8,67.3,68.2,68.8,20.9,82.9,44.5,89.9,70,98.5,38.5,73.7,17.3,82.7,29.8,70.2,17.7,82.3,25.1,74.9,12.7,10.6,29.7,74.5,27.6,11.9,9.8,79.3,79.3,82.6,77,52.8,13.8,94.8,85.8,85.7,87.5,87.4,95.4,96,25.7,63,94.5,94.8,93.7,95.9,100,50.2,70.2,70.2,98.1,98.1,86.1,0.7874,-1.0554,-0.6329,4.878,68.254,-6.9915,1.4069,4.5122,-8.7539,43.1818,1.7621,0.443,-27.5641,-1.2987,63.5762,0,0,185.209,63.7931,-13.7209,1027.5,-9.4431,-12.9032,-18.3406,8.9342,-44.3609,1.1236,18.8153,-0.9554,14.25,20.6612,-0.9585,5.4715,-0.2039,-3.3435,-1.7276,40,-3.4783,47.1429,-7.6744,-15.6085,-4.0373,45.6522,-54.5455,22.9299,-1.2987,-18.8889,-15.8612,80.4035,109.4044,36.6013,40.8228,-5.3684,1.3025,0.5222,60.1852,-7.287,81.7073,-16.0287,-5.3476,1.23,10.5727,-3.1048,-12.4138,-2.1277,3.8085,1.8028,-6.2044,-1.1603,2.5,12.4,9.8,25.5,18.3,14.9,2.7,0.9,0.5,12.2,1.1,2.5,0,16.7,0.4,0,0,2.2,0,1.7390792408802518
1.51,0,6972,31626,45,10.3,53.5,13.9,21.5,16.3,0.6,75.9,69.7,82,89.3,73.8,12.4,44.2,31.4,85.1,38.5,36.1,25.4,38.5,36.1,24.1,27.6,36.1,24.1,77.4,72,9.8,92,88.8,82.7,74.9,38.9,95.4,53.2,83.3,60.5,61.4,93,89.6,9,17.3,91.1,44.8,24.9,19.9,19.9,12.6,91,94.4,17.5,29,64.2,85.2,37.6,67.8,44.9,48.8,87.2,87.2,21,79,25.4,17.9,43.2,25.1,53.1,23.5,61.5,17.9,13.7,30.9,30.2,97.1,37.6,82.8,83.5,77,31.8,17.2,51,90.1,87.2,17,94.6,95.3,94.9,10.8,89.2,19.8,80.2,84,28.6,94.6,25.6,14.8,14.4,44.8,56.4,71.9,15.3,64.8,69.8,69.8,71,71,72.3,72.3,21.6,81.5,38.5,91.9,74.6,99.2,38.9,67.9,16,84,29.3,70.7,11.3,88.7,21.8,78.2,14.7,11,23.8,64.3,23.9,14.2,10.9,73.1,73.1,82.4,78.9,46.8,12.9,95.3,77.2,77.4,80.8,81,93.1,93.5,27.6,55.1,87.4,87.4,93.1,94,97,47.8,73,72.3,92.8,92.8,72.4,40.9091,16.0105,23.1373,-1.8454,-9.2593,2.3359,-3.792,-9.8146,-12.5,35.3468,-1.8987,-0.4444,-23.4513,-17.9487,55.625,60.4839,60.4839,160.5505,14.6341,-0.4435,1017.9487,-37.284,-46.0843,-34.903,23.494,17.7632,-17.9641,-9.1176,9.4203,6.6411,6.5007,-6.048,-6.3373,-2.9744,1.9251,-0.7322,10.2041,-1.1086,55.9055,-8.1329,-1.7182,-1.9689,52.381,7.2464,50,-17.9487,10.8696,-2.4096,101.7341,124.6835,2.8571,18.4615,-3.2632,17.4803,6.5753,35.5932,-4.7619,78.6585,-15.4306,-28.481,5.3444,-0.4566,0.128,157.8947,31.6327,-1.3771,0.1071,23.2143,-4.7083,4,23.7,22.4,14.5,28.8,13,9.7,9.6,4.1,15,9.6,4.7,0.8,17.1,1.3,0.2,0,1.2,0.2,77.83888469268614
3.01,0,193926,1395906,32.6,8.2,54.9,7.1,12.1,56.6,2.1,67.4,67.1,77,82.3,89.5,10.4,57.7,23,84.4,31.5,34.3,34.1,31.5,34.3,31.5,25.6,34.3,31.5,82.3,68.5,17.5,94.8,94.4,92.7,78,47.7,95.3,38.6,86.3,69.1,69.4,96,89.4,9.6,9.5,94.1,63.6,25.4,11.6,11.6,13.3,94.7,98,10.1,27.3,62.1,88.5,39.6,75,33.6,33.2,89.9,90.2,18.3,81.7,41.3,35.7,65,27.2,45.8,20.6,71.6,16,14.7,34.7,30.9,92.7,39.6,81,90.2,88.6,36.5,19,44.5,96.4,94.6,11.5,92.8,92.7,92.8,8.8,91.2,19.1,80.9,76.8,17,95.7,12,11.7,12.2,63.6,52.9,79.3,16,67.4,69.9,70.3,71.4,71.7,73,73.2,13,81.4,31.5,93.2,65.9,96.5,35.4,75,16.3,83.7,31.8,68.2,11.8,88.2,22.1,77.9,16,14.1,19.5,67.5,24.7,8.1,10.5,77,77,87.9,80.3,41.4,14.8,87.6,78,77.8,80.6,80.4,94,96.5,24,66.5,94.9,94.8,97.4,96.6,98.8,36.1,77.4,77.3,97.6,97.7,79.9,0.9709,8.6629,16.7513,-3.653,-3.8462,-0.5247,-0.3168,-0.10780000000000001,-10.7549,67.7184,-0.4149,-3.4557,-30.6569,0.9524,39.5604,27.4725,27.4725,174.8447,-4.5783,-9.6774,1262.1212,-0.7212,-2.9891,0,13.6508,-22.7053,28.9474,9.1195,-1.9048,9.0689,10.8886,-0.1036,0.1058,-1.3815,-0.2153,-0.7487,35.3846,-2.4599,70.5357,-8.8964,-24.1071,-1.0341,13.2075,-18.75,20.7921,0.9524,26.9841,8.3601,149.6429,191.4286,-2.2556,10.5263,-1.4799,2.0124,9.9379,87.3563,-8.3242,78.6517,-17.0316,8.2569,-1.0101,33.9394,-6.7066,90.4762,4.9645,-0.1063,1.9007,2.5641,-0.1026,4.2,28.1,9.2,10.4,20.7,9,5.1,5.1,28.7,3.1,4.1,5.5,2.1,7.4,7.1,0.1,0,3.5,0.4,1403.9167547588954
2.08,0,2257,14510,11.2,8.1,78.8,12.8,16,16.8,0.8,71.7,70.9,80.7,89.1,90.4,16.1,46.1,26.7,86.8,38.8,37.4,23.8,38.8,37.4,23.4,32.2,37.4,23.4,85.6,75.8,18.9,90,93.1,86.6,76.4,44.6,91.7,43,75.5,50.5,51.1,94.7,91.2,8.9,15.6,91.6,46.6,27.3,17.4,17.4,15.2,92.3,91.4,18.5,34.7,63.9,71.9,44.3,60.3,37.8,41.9,92.4,92.3,23.6,76.4,25.6,16.7,54.2,24.9,46.3,22.4,58.5,16,14.5,33.1,27.3,93.2,44.3,75.6,83.2,79.6,24.2,24.4,51.4,94.2,92,10.3,97.4,89.1,93.1,13.3,86.7,24.9,75.1,82.1,35.4,95.9,15.5,20,16.9,46.6,67,69.2,13.2,63.5,66.4,66.8,75.7,76,78.8,79.3,18.1,75.9,38.8,88.7,76.2,90.7,29.3,69.4,23.3,76.7,33.3,66.7,13.8,86.2,23.5,76.5,12.6,10,21,73.8,30.5,11.4,8.7,77.2,77.2,85.6,79.1,39.9,13.6,92.5,84.1,84.1,85.4,85.4,91.8,94.8,22,62.5,95.5,95.4,91,96.4,99.5,46.7,62.9,62.4,92.2,92.3,65.5,59.4059,21.6359,-11,-4.7201,48.8189,-1.4239,-0.7463,0.1156,-22.3251,8.6022,1.1752,-2.2508,-29.7297,-13.3829,72.7848,22.5352,22.5352,94.3243,38.8715,-16.3717,696.5517,-36.1596,-54.9865,-32.1212,15.1575,10.3448,-20.3297,-10.7817,17.6724,22.1733,36.0684,-1.875,0.8772,0.2058,0.225,-0.1073,62.1951,-5.5556,80.4348,-12.877,-2.7473,-0.6218,-13.8889,28.2051,79.7872,-13.3829,37.5,-10.0567,150.566,250.463,-19.1964,13.1195,-6.8277,8.3926,-26.0101,142.7083,-15.1549,103.0488,-20.2153,-2.1277,0.3492,-13.9194,5.227,77.4648,18.2609,-2.0277,1.7167,-3.9301,-4.2105,7,21.6,13.6,26.4,19.7,23.2,8.4,1.6,0.3,35.7,4,9.7,1.1,18.8,0.1,0,0,2.8,0,20.913968194996837
3.08,0,3382,20574,8.4,10.7,77.9,11.1,15.7,12.4,0.6,71.7,70.9,80.7,89.1,90.4,16.1,46.1,26.7,86.8,38.8,37.4,23.8,38.8,37.4,23.4,32.2,37.4,23.4,85.6,75.8,18.9,90,93.1,86.6,76.4,44.6,91.7,43,75.5,50.5,51.1,94.7,91.2,8.9,15.6,91.6,46.6,27.3,17.4,17.4,15.2,92.3,91.4,18.5,34.7,63.9,71.9,44.3,60.3,37.8,41.9,92.4,92.3,23.6,76.4,25.6,16.7,54.2,24.9,46.3,22.4,58.5,16,14.5,33.1,27.3,93.2,44.3,75.6,83.2,79.6,24.2,24.4,51.4,94.2,92,10.3,97.4,89.1,93.1,13.3,86.7,24.9,75.1,82.1,35.4,95.9,15.5,20,16.9,46.6,67,69.2,13.2,63.5,66.4,66.8,75.7,76,78.8,79.3,18.1,75.9,38.8,88.7,76.2,90.7,29.3,69.4,23.3,76.7,33.3,66.7,13.8,86.2,23.5,76.5,12.6,10,21,73.8,30.5,11.4,8.7,77.2,77.2,85.6,79.1,39.9,13.6,92.5,84.1,84.1,85.4,85.4,91.8,94.8,22,62.5,95.5,95.4,91,96.4,99.5,46.7,62.9,62.4,92.2,92.3,65.5,59.4059,21.6359,-11,-4.7201,48.8189,-1.4239,-0.7463,0.1156,-22.3251,8.6022,1.1752,-2.2508,-29.7297,-13.3829,72.7848,22.5352,22.5352,94.3243,38.8715,-16.3717,696.5517,-36.1596,-54.9865,-32.1212,15.1575,10.3448,-20.3297,-10.7817,17.6724,22.1733,36.0684,-1.875,0.8772,0.2058,0.225,-0.1073,62.1951,-5.5556,80.4348,-12.877,-2.7473,-0.6218,-13.8889,28.2051,79.7872,-13.3829,37.5,-10.0567,150.566,250.463,-19.1964,13.1195,-6.8277,8.3926,-26.0101,142.7083,-15.1549,103.0488,-20.2153,-2.1277,0.3492,-13.9194,5.227,77.4648,18.2609,-2.0277,1.7167,-3.9301,-4.2105,12.6,18.4,17.4,22.1,19.1,25.2,6.4,1.2,2.2,18.1,2.8,7,10.7,17.9,0.7,0.2,0,2.8,0.3,22.256852738626677
5,5,7416,44174,10.4,7.2,79.3,10.1,13.8,18.2,0.9,75.9,69.7,82,89.3,73.8,12.4,44.2,31.4,85.1,38.5,36.1,25.4,38.5,36.1,24.1,27.6,36.1,24.1,77.4,72,9.8,92,88.8,82.7,74.9,38.9,95.4,53.2,83.3,60.5,61.4,93,89.6,9,17.3,91.1,44.8,24.9,19.9,19.9,12.6,91,94.4,17.5,29,64.2,85.2,37.6,67.8,44.9,48.8,87.2,87.2,21,79,25.4,17.9,43.2,25.1,53.1,23.5,61.5,17.9,13.7,30.9,30.2,97.1,37.6,82.8,83.5,77,31.8,17.2,51,90.1,87.2,17,94.6,95.3,94.9,10.8,89.2,19.8,80.2,84,28.6,94.6,25.6,14.8,14.4,44.8,56.4,71.9,15.3,64.8,69.8,69.8,71,71,72.3,72.3,21.6,81.5,38.5,91.9,74.6,99.2,38.9,67.9,16,84,29.3,70.7,11.3,88.7,21.8,78.2,14.7,11,23.8,64.3,23.9,14.2,10.9,73.1,73.1,82.4,78.9,46.8,12.9,95.3,77.2,77.4,80.8,81,93.1,93.5,27.6,55.1,87.4,87.4,93.1,94,97,47.8,73,72.3,92.8,92.8,72.4,40.9091,16.0105,23.1373,-1.8454,-9.2593,2.3359,-3.792,-9.8146,-12.5,35.3468,-1.8987,-0.4444,-23.4513,-17.9487,55.625,60.4839,60.4839,160.5505,14.6341,-0.4435,1017.9487,-37.284,-46.0843,-34.903,23.494,17.7632,-17.9641,-9.1176,9.4203,6.6411,6.5007,-6.048,-6.3373,-2.9744,1.9251,-0.7322,10.2041,-1.1086,55.9055,-8.1329,-1.7182,-1.9689,52.381,7.2464,50,-17.9487,10.8696,-2.4096,101.7341,124.6835,2.8571,18.4615,-3.2632,17.4803,6.5753,35.5932,-4.7619,78.6585,-15.4306,-28.481,5.3444,-0.4566,0.128,157.8947,31.6327,-1.3771,0.1071,23.2143,-4.7083,4.3,19.8,13.4,18.3,23.8,20,4.8,1,0.5,20.3,2.4,3.9,1.2,13,0.5,0.1,0.1,3.3,0.2,75.77280670431975
2.01,0,5085,24344,70.9,0.3,58.7,20.8,18.7,19.8,1.1,71.4,69.4,80.3,86.7,94.1,7.8,52.6,26.8,82.4,36.4,34.9,28.7,36.4,34.9,26.7,30.5,34.9,26.7,80.4,78.1,17.7,92.5,94.9,92.4,84.1,47.6,93.9,44.4,84.6,64.3,64.3,96.5,88.4,8.8,7.6,92.9,61.7,27.4,14.9,14.9,16,90.5,94.5,14.3,33.2,59.1,83.8,40.9,73.1,31.3,35.2,90.6,90.7,22.9,77.1,38,32.9,58.7,22.3,50.7,15.6,75.5,16.5,18.3,33.9,26.7,93.7,40.9,79.8,88.4,85.5,33.6,20.2,46.1,96.3,94.6,11.2,92.3,89.7,91,10.9,89.1,22.1,77.9,76.9,20,95.9,11.9,11.7,12.9,61.7,49,77.1,17.8,71.1,65.2,65.5,70.7,71.2,73.7,74.3,18.6,83.6,36.4,94.2,71.3,96.1,31.6,65.6,18.2,81.8,34.6,65.4,14.8,85.2,25.2,74.8,19.3,16.2,21.7,67,31.1,4.8,9.4,76.9,76.9,87.9,80.1,48.4,16.9,89.3,77.3,76.8,80.8,80.4,96.5,96.6,23.5,68.8,95.1,95.1,97,96.4,99.4,38.8,73.9,74.1,96.4,96.3,80.6,-18.75,-3.3088,30.0971,-5.9361,-5.3476,-2.9381,-0.1053,0.2169,-13.0524,70.1058,0.4162,-4.1215,-47.9452,-0.9631,74.5223,2.7586,2.7586,189.9654,16.1932,-16.0858,1141.0959,-2.0619,-3.2353,-21.608,24.1776,-4.6243,34.5588,-14.1772,8.0972,16.7768,20.7627,0.8377,1.0684,-2.017,-1.3201,-1.7279,67.6923,-4.7059,100.9091,-12.4719,-15.2542,-0.1042,3.4783,0.8621,6.6116,-0.9631,41.2698,8.7156,123.2877,208.7336,1.6393,10.303,0.2128,-0.2797,5.3333,109.1954,-10.4053,101.1628,-21.0145,37.037,-4.4843,48.2353,-9.8795,42.963,26.1194,0.9414,0.7299,3.5242,-0.6148,3.2,26.2,23.9,16.3,26.1,19.6,12.1,7.1,3,14.5,4.7,7.2,2.9,20.7,1.3,0.1,0,1.1,0.1,15.686364915365047
0.53,0,9943,48163,81.2,1.4,49,13.7,17.5,22.5,1.8,71.4,69.4,80.3,86.7,94.1,7.8,52.6,26.8,82.4,36.4,34.9,28.7,36.4,34.9,26.7,30.5,34.9,26.7,80.4,78.1,17.7,92.5,94.9,92.4,84.1,47.6,93.9,44.4,84.6,64.3,64.3,96.5,88.4,8.8,7.6,92.9,61.7,27.4,14.9,14.9,16,90.5,94.5,14.3,33.2,59.1,83.8,40.9,73.1,31.3,35.2,90.6,90.7,22.9,77.1,38,32.9,58.7,22.3,50.7,15.6,75.5,16.5,18.3,33.9,26.7,93.7,40.9,79.8,88.4,85.5,33.6,20.2,46.1,96.3,94.6,11.2,92.3,89.7,91,10.9,89.1,22.1,77.9,76.9,20,95.9,11.9,11.7,12.9,61.7,49,77.1,17.8,71.1,65.2,65.5,70.7,71.2,73.7,74.3,18.6,83.6,36.4,94.2,71.3,96.1,31.6,65.6,18.2,81.8,34.6,65.4,14.8,85.2,25.2,74.8,19.3,16.2,21.7,67,31.1,4.8,9.4,76.9,76.9,87.9,80.1,48.4,16.9,89.3,77.3,76.8,80.8,80.4,96.5,96.6,23.5,68.8,95.1,95.1,97,96.4,99.4,38.8,73.9,74.1,96.4,96.3,80.6,-18.75,-3.3088,30.0971,-5.9361,-5.3476,-2.9381,-0.1053,0.2169,-13.0524,70.1058,0.4162,-4.1215,-47.9452,-0.9631,74.5223,2.7586,2.7586,189.9654,16.1932,-16.0858,1141.0959,-2.0619,-3.2353,-21.608,24.1776,-4.6243,34.5588,-14.1772,8.0972,16.7768,20.7627,0.8377,1.0684,-2.017,-1.3201,-1.7279,67.6923,-4.7059,100.9091,-12.4719,-15.2542,-0.1042,3.4783,0.8621,6.6116,-0.9631,41.2698,8.7156,123.2877,208.7336,1.6393,10.303,0.2128,-0.2797,5.3333,109.1954,-10.4053,101.1628,-21.0145,37.037,-4.4843,48.2353,-9.8795,42.963,26.1194,0.9414,0.7299,3.5242,-0.6148,3.4,22.5,26.5,13.9,28,13.7,10.1,12.4,5.3,9.2,11.2,4.8,4,28.5,0.6,0.1,0,1,0.2,15.315375323141929
4.71,0,10738,65449,13.4,2.3,84.3,8.3,18.4,19.8,0.6,75.9,69.7,82,89.3,73.8,12.4,44.2,31.4,85.1,38.5,36.1,25.4,38.5,36.1,24.1,27.6,36.1,24.1,77.4,72,9.8,92,88.8,82.7,74.9,38.9,95.4,53.2,83.3,60.5,61.4,93,89.6,9,17.3,91.1,44.8,24.9,19.9,19.9,12.6,91,94.4,17.5,29,64.2,85.2,37.6,67.8,44.9,48.8,87.2,87.2,21,79,25.4,17.9,43.2,25.1,53.1,23.5,61.5,17.9,13.7,30.9,30.2,97.1,37.6,82.8,83.5,77,31.8,17.2,51,90.1,87.2,17,94.6,95.3,94.9,10.8,89.2,19.8,80.2,84,28.6,94.6,25.6,14.8,14.4,44.8,56.4,71.9,15.3,64.8,69.8,69.8,71,71,72.3,72.3,21.6,81.5,38.5,91.9,74.6,99.2,38.9,67.9,16,84,29.3,70.7,11.3,88.7,21.8,78.2,14.7,11,23.8,64.3,23.9,14.2,10.9,73.1,73.1,82.4,78.9,46.8,12.9,95.3,77.2,77.4,80.8,81,93.1,93.5,27.6,55.1,87.4,87.4,93.1,94,97,47.8,73,72.3,92.8,92.8,72.4,40.9091,16.0105,23.1373,-1.8454,-9.2593,2.3359,-3.792,-9.8146,-12.5,35.3468,-1.8987,-0.4444,-23.4513,-17.9487,55.625,60.4839,60.4839,160.5505,14.6341,-0.4435,1017.9487,-37.284,-46.0843,-34.903,23.494,17.7632,-17.9641,-9.1176,9.4203,6.6411,6.5007,-6.048,-6.3373,-2.9744,1.9251,-0.7322,10.2041,-1.1086,55.9055,-8.1329,-1.7182,-1.9689,52.381,7.2464,50,-17.9487,10.8696,-2.4096,101.7341,124.6835,2.8571,18.4615,-3.2632,17.4803,6.5753,35.5932,-4.7619,78.6585,-15.4306,-28.481,5.3444,-0.4566,0.128,157.8947,31.6327,-1.3771,0.1071,23.2143,-4.7083,3.1,23,14,20.1,22.8,15.3,5.5,1.5,0.9,20.4,3.2,2.9,1,18.7,0.5,0.4,0,1.8,0.1,77.67770711380392
2.68,0,2338,11762,56.2,6.6,60.3,12.8,18.9,12.4,1.2,79.3,77.4,84.7,87.5,63.3,5.3,50.5,22.2,85.9,39.8,38.5,21.7,39.8,38.5,19.7,33.9,38.5,19.7,86.9,73.6,21,89.4,96.4,93,75.2,56.5,91,39.6,82,57.8,57.8,98.1,93.2,12.1,20,90.8,47.7,17.1,11.3,11.3,14,91,97.9,15.5,32.9,70.4,55.3,45.8,64.9,50.3,29.1,91.8,91.8,26.3,73.7,24.5,20.9,45.6,34.2,23.5,30.5,60.1,15.8,18.9,30.4,27.5,92.5,45.8,73.6,85.3,82.8,25.2,26.4,48.4,95.4,94.1,7.2,93.1,94.9,94.1,9.8,90.2,16.3,83.7,83.6,28.1,95.1,16.7,12.7,22,47.7,37.8,75.9,15.1,51.8,62.4,62.4,64.7,64.7,57,57,16.8,81.5,39.8,96.3,78.3,94.1,25.2,38.5,12,88,21.8,78.2,15.2,84.8,21.6,78.4,12.8,11.6,18.7,74.5,28.7,4.3,7,76.6,76.6,88.9,86.8,56.8,14.6,94.8,86.5,86.5,89.2,89.2,96.8,86.2,30.2,49.8,98.8,98.8,96.6,96.6,99.3,39.6,62.4,62.4,92.8,92.8,72.2,-61.5942,10.0218,-7.113,-1.2644,7.6923,-5.4968,5.3552,1.5284,-13.5021,-8.5443,1.9751,0.431,-6.1033,4.8352,-12.7551,11.8812,11.8812,153.6697,37.5375,11.7778,3300,-2.3904,-14.6939,-2.2436,14.4762,1.9355,41.0448,-19.7889,15.5462,14.3432,17.1146,-0.5214,0.5342,-0.2144,13.9256,5.6117,-25.7576,3.9171,2.5157,-0.4756,17.0833,-3.4518,-16.0804,-23.0303,40.1274,4.8352,11.0294,-13.2328,42.7918,72.9947,-4,-13.1004,4.902,4.9598,-11.8881,-16.0839,2.6838,-2.2422,0.6435,0,0,-5.2632,1.5544,4.918,25.8621,4.086,-5.586,27.9661,-0.3096,5.5,15.9,19.8,13.4,29,12.9,7.7,4.8,2.9,14.8,3,3.9,1,23,0.7,0.1,0,0.9,0,14.076073269698895
2.75,0,5495,38024,18.5,14.2,66.8,9.2,14.5,30.7,0.4,67.4,67.1,77,82.3,89.5,10.4,57.7,23,84.4,31.5,34.3,34.1,31.5,34.3,31.5,25.6,34.3,31.5,82.3,68.5,17.5,94.8,94.4,92.7,78,47.7,95.3,38.6,86.3,69.1,69.4,96,89.4,9.6,9.5,94.1,63.6,25.4,11.6,11.6,13.3,94.7,98,10.1,27.3,62.1,88.5,39.6,75,33.6,33.2,89.9,90.2,18.3,81.7,41.3,35.7,65,27.2,45.8,20.6,71.6,16,14.7,34.7,30.9,92.7,39.6,81,90.2,88.6,36.5,19,44.5,96.4,94.6,11.5,92.8,92.7,92.8,8.8,91.2,19.1,80.9,76.8,17,95.7,12,11.7,12.2,63.6,52.9,79.3,16,67.4,69.9,70.3,71.4,71.7,73,73.2,13,81.4,31.5,93.2,65.9,96.5,35.4,75,16.3,83.7,31.8,68.2,11.8,88.2,22.1,77.9,16,14.1,19.5,67.5,24.7,8.1,10.5,77,77,87.9,80.3,41.4,14.8,87.6,78,77.8,80.6,80.4,94,96.5,24,66.5,94.9,94.8,97.4,96.6,98.8,36.1,77.4,77.3,97.6,97.7,79.9,0.9709,8.6629,16.7513,-3.653,-3.8462,-0.5247,-0.3168,-0.10780000000000001,-10.7549,67.7184,-0.4149,-3.4557,-30.6569,0.9524,39.5604,27.4725,27.4725,174.8447,-4.5783,-9.6774,1262.1212,-0.7212,-2.9891,0,13.6508,-22.7053,28.9474,9.1195,-1.9048,9.0689,10.8886,-0.1036,0.1058,-1.3815,-0.2153,-0.7487,35.3846,-2.4599,70.5357,-8.8964,-24.1071,-1.0341,13.2075,-18.75,20.7921,0.9524,26.9841,8.3601,149.6429,191.4286,-2.2556,10.5263,-1.4799,2.0124,9.9379,87.3563,-8.3242,78.6517,-17.0316,8.2569,-1.0101,33.9394,-6.7066,90.4762,4.9645,-0.1063,1.9007,2.5641,-0.1026,2.7,23.3,10.3,21.7,21.4,14.2,3.7,1.9,6.1,11,2,6,6.7,18.5,0.7,0.1,0,1.6,0.2,62.9334460366639
1.04,0,7729,42154,42,11.4,57.4,10.7,14.2,20.7,0.7,77.3,69.8,85,87.1,89.2,9.6,47.9,16.7,86,36.8,30.6,32.5,36.8,30.6,29.3,31.8,30.6,29.3,84.2,73.1,17,94.4,93.4,94.5,74,54.7,91.1,35.5,87.8,58.2,57.9,97.1,93.2,6,11.2,95.2,58.4,17.6,11.8,11.8,14.8,92.6,96.3,11.9,27.9,48.8,84,48.8,63.9,32.5,33.5,90.6,90.7,18.2,81.8,36.2,32.3,52.4,22,49.8,23.3,65.6,17.3,14,37.2,27.3,92.9,48.8,71.2,82.3,78.4,29.8,28.8,41.4,97.2,95.6,11.1,95.5,89.4,92.5,8.9,91.1,14.8,85.2,75.9,19.5,97.4,12.8,15.5,12.6,58.4,44.2,74.4,14.6,65.7,75.2,74.6,81.1,81,84.4,84.3,17.3,87.8,36.8,92.5,67.5,96.5,30.4,69.6,13.3,86.7,28.4,71.6,11,89,20.8,79.2,18.3,16,23.5,64.9,29.6,5.6,13,72.2,72.2,90.5,83.1,48.8,8,91,85.5,85.3,89.2,89.1,96.4,97.9,21.3,67.5,94.7,94.6,98.2,97.4,99.7,37.9,65.9,66.2,97,97,74.3,18.5185,7.1588,-15.6566,-5.2863,14.094,0.2123,-1.7876,3.2787,-8.8266,40.9201,0.7261,-1.7914,-13.1783,-1.6835,36.4341,14.5631,14.5631,178.1457,31.5364,1.8809,991.5663,1.1173,1.5723,3.0973,9.8827,-11.7347,-11.3924,7.8261,9.6386,13.5172,15.9763,1.3556,1.3786,-0.209,-6.0924,-3.1414,67.9245,-3.8015,54.1667,-5.7522,-17.0213,-0.5107,7.563,-1.2739,13.5135,-1.6835,48.9796,-2.2321,225.5411,309.596,-3.8889,8.2353,-2.734,-1.1713,0.9967,46.1538,-4.6205,65.1163,-13.5266,17.0213,-1.766,24.5509,-4.922,177.2727,-1.2346,0.2079,1.1364,12.1053,2.1852,5.7,24.1,18.7,17.2,25.8,15.1,6.8,5.1,5,9.3,5.7,6.4,1.6,18.9,0.5,0,0,1.3,0,38.810776233373375
3.75,0,985,4936,25.4,1.4,80.8,14,21.2,17,0.8,69.4,67.2,78.8,91.4,89.2,6,41.7,23,80.5,46.8,31.5,21.7,46.8,31.5,20.9,34,31.5,20.9,83.8,74.3,17.2,92.9,93.2,88,86.5,49,89.7,39,87.6,59.6,59.3,94.9,86.3,10.2,13.6,91.8,53.3,16.9,16,16,16.8,91.5,92.7,16,35.4,66.2,85.5,36.5,65.7,40.7,34.1,89.7,89.9,24.8,75.2,33.6,28.5,53.1,33.3,27.5,24.4,66.5,11.1,20.2,35,29.2,96.1,36.5,76.3,85.4,81.6,25.9,23.7,50.3,95.1,91.7,6.6,97.8,93.7,95.9,11.1,88.9,19,81,78.4,18.9,96.5,17.1,16.8,9.9,53.3,51.9,74.9,21.1,53.6,57.3,57.1,63.9,63.7,61.5,61.2,20,90.5,46.8,95.8,78.3,93.1,32.5,72.7,11.2,88.8,31.4,68.6,13.1,86.9,27.6,72.4,11.6,11.3,21.7,68.1,28,12.2,14.3,73.7,73.7,80.8,75.1,40.5,7.2,93.2,84,83.9,90.1,90,97.4,91.9,27,59.4,92.6,92.5,94.9,97.5,99.7,44.4,67.2,67.6,96.9,96.9,76,-40.5941,2.2059,5.0228,-10.8527,25.5474,-2.5184,-1.8947,-5.3763,-10.4294,28.7257,-0.8359,-7.8975,-27.2727,-2.2018,39.6694,75.8242,75.8242,251.8519,22.8956,-4.2353,980.7229,-1.4663,8.7786,-13.4752,18.5383,-35.0877,31.1688,-13.3663,39.7129,10.3359,11.9342,-1.5528,-2.5505,2.8391,-1.5756,0.7353,54.1667,-4.2026,58.3333,-7.9545,-43.2432,-1.5306,1.7857,63.1068,-40.3614,-2.2018,113.1313,-18.417,117.8707,157.6613,12.9944,44,0.9484,15.3166,7.6159,30.2326,-2.8446,110.7383,-19.389,24.7619,-2.905,60.4651,-12.5604,190,-10,3.7274,0.2181,12.9707,-3.8501,6.6,22,14.2,20,24.6,16.3,7.3,5.4,1.1,8,4,7,1.6,19.2,0.3,0.3,0,2.4,0.2,5.397293248511327
1.49,0,2110,12566,30.2,5.9,62.6,16.1,8.9,17.2,1,77.2,67.3,81.9,96.4,73.7,12.8,37.5,31.4,86,44.5,25.6,30,44.5,25.6,28.7,33.6,25.6,28.7,85.2,85.1,10.6,87.8,93.7,85.7,81,48.2,98,45.6,88.6,63,62.7,92.4,90.7,9.5,11.3,90.3,53.2,24.7,15.5,15.5,17,88.6,93.6,19.6,40.8,58.2,88.7,38,70.1,37.1,44.7,90.2,90.3,27.4,72.6,37.4,32.4,49.1,22.4,38.4,18.7,69.5,7.4,18,34.1,31.1,94.2,38,86.2,91.4,87.6,31.7,13.8,54.6,93,90.6,9.8,97.9,95.4,96.7,11.2,88.8,20.6,79.4,90.5,31.9,92.7,20.1,7,19.3,53.2,44.5,70.8,14.6,67.9,62.6,63.1,66.8,67.3,68.2,68.8,20.9,82.9,44.5,89.9,70,98.5,38.5,73.7,17.3,82.7,29.8,70.2,17.7,82.3,25.1,74.9,12.7,10.6,29.7,74.5,27.6,11.9,9.8,79.3,79.3,82.6,77,52.8,13.8,94.8,85.8,85.7,87.5,87.4,95.4,96,25.7,63,94.5,94.8,93.7,95.9,100,50.2,70.2,70.2,98.1,98.1,86.1,0.7874,-1.0554,-0.6329,4.878,68.254,-6.9915,1.4069,4.5122,-8.7539,43.1818,1.7621,0.443,-27.5641,-1.2987,63.5762,0,0,185.209,63.7931,-13.7209,1027.5,-9.4431,-12.9032,-18.3406,8.9342,-44.3609,1.1236,18.8153,-0.9554,14.25,20.6612,-0.9585,5.4715,-0.2039,-3.3435,-1.7276,40,-3.4783,47.1429,-7.6744,-15.6085,-4.0373,45.6522,-54.5455,22.9299,-1.2987,-18.8889,-15.8612,80.4035,109.4044,36.6013,40.8228,-5.3684,1.3025,0.5222,60.1852,-7.287,81.7073,-16.0287,-5.3476,1.23,10.5727,-3.1048,-12.4138,-2.1277,3.8085,1.8028,-6.2044,-1.1603,9.3,23.6,21.6,17.8,22.8,24.8,4.8,3.3,5.1,7.3,2.2,5.5,7.8,26.4,3.3,0.3,0,3.4,0.1,12.942025238548482
0.27,0,3889,20510,87.3,1.5,39.8,18.9,23.9,14,1.5,81.4,77.7,92.2,89.9,88.6,6.9,45.3,18.4,90.4,40.3,32.8,27,40.3,32.8,25.3,30.7,32.8,25.3,88.2,80.9,18.7,87.4,96,91.8,72,54.3,92.9,37.7,77.9,51,51,95.6,95,8.7,10.3,90.8,56.7,19.2,18,18,17.3,88.7,91.3,13.5,33.6,49.3,79.8,39.6,61,30.4,30.3,85.1,85.2,28.7,71.3,32,26.9,56,37.6,37.9,12.9,65.9,12.3,21.3,31.1,27.9,95.3,39.6,70.2,76.2,71.5,22.6,29.8,47.6,94.3,92.8,11.3,96.8,97.8,97.3,12.2,87.8,21.6,78.4,80.7,25.8,93,11.9,13.4,13,56.7,37.4,69.8,10.1,56.6,77.8,77.8,76.3,76.3,78,78,16.9,84.9,40.3,95,73,94.5,25.2,66,17.5,82.5,33.7,66.3,11.8,88.2,22.8,77.2,19,15.2,19.8,78.5,27.5,7.2,12.1,73.8,73.8,93,86,52.9,7.7,91.9,83,82.8,84.7,84.6,97.4,95.3,19.9,69.8,90.9,90.8,97.8,96.4,100,37.4,60.7,60.8,95.1,95.1,80.6,-11.5385,17.3575,-8,-0.3308,21.4286,-7.1201,0.3135,-0.2174,-20.1026,-1.354,0.3148,0.8493,-28.9655,7.5901,37.1429,9.0909,9.0909,197.7612,25.3165,-13.881,659.8214,1.2658,8.4677,-36.4532,12.0748,-19.0789,10.3627,-14.0884,33.4928,19.4357,24.3478,-1.9751,-0.8547,-0.1032,5.8442,2.529,0.8264,-0.1138,28.5714,-5.7692,10.2564,-3.6269,-20.6667,0,-12.7517,7.5901,6.3158,-6.2914,121.0227,146.9256,-33.2016,-3.3573,0.8493,-2.2758,-18.9711,54.8673,-6.9899,82.1622,-18.6503,-26.7081,5.1251,0.4405,-0.1294,272.549,2.6667,0.309,-1.9547,-3.8647,0.2049,8.7,23,32.5,14.6,24.1,15.1,8.3,9.1,1.4,11.5,11.4,5.6,6.2,28.6,0,0,0,0.7,0,34.72664437601454
3.95,0,136040,737942,24.7,7,59.6,4.4,9.8,48.4,2.1,67.4,67.1,77,82.3,89.5,10.4,57.7,23,84.4,31.5,34.3,34.1,31.5,34.3,31.5,25.6,34.3,31.5,82.3,68.5,17.5,94.8,94.4,92.7,78,47.7,95.3,38.6,86.3,69.1,69.4,96,89.4,9.6,9.5,94.1,63.6,25.4,11.6,11.6,13.3,94.7,98,10.1,27.3,62.1,88.5,39.6,75,33.6,33.2,89.9,90.2,18.3,81.7,41.3,35.7,65,27.2,45.8,20.6,71.6,16,14.7,34.7,30.9,92.7,39.6,81,90.2,88.6,36.5,19,44.5,96.4,94.6,11.5,92.8,92.7,92.8,8.8,91.2,19.1,80.9,76.8,17,95.7,12,11.7,12.2,63.6,52.9,79.3,16,67.4,69.9,70.3,71.4,71.7,73,73.2,13,81.4,31.5,93.2,65.9,96.5,35.4,75,16.3,83.7,31.8,68.2,11.8,88.2,22.1,77.9,16,14.1,19.5,67.5,24.7,8.1,10.5,77,77,87.9,80.3,41.4,14.8,87.6,78,77.8,80.6,80.4,94,96.5,24,66.5,94.9,94.8,97.4,96.6,98.8,36.1,77.4,77.3,97.6,97.7,79.9,0.9709,8.6629,16.7513,-3.653,-3.8462,-0.5247,-0.3168,-0.10780000000000001,-10.7549,67.7184,-0.4149,-3.4557,-30.6569,0.9524,39.5604,27.4725,27.4725,174.8447,-4.5783,-9.6774,1262.1212,-0.7212,-2.9891,0,13.6508,-22.7053,28.9474,9.1195,-1.9048,9.0689,10.8886,-0.1036,0.1058,-1.3815,-0.2153,-0.7487,35.3846,-2.4599,70.5357,-8.8964,-24.1071,-1.0341,13.2075,-18.75,20.7921,0.9524,26.9841,8.3601,149.6429,191.4286,-2.2556,10.5263,-1.4799,2.0124,9.9379,87.3563,-8.3242,78.6517,-17.0316,8.2569,-1.0101,33.9394,-6.7066,90.4762,4.9645,-0.1063,1.9007,2.5641,-0.1026,4.4,23.1,5.9,12.6,24.7,10,5.6,2.9,15.1,2,3,2.6,0.7,4.9,8.1,0.1,0.1,3.9,0.4,661.3350655425629
2.88,0,9448,56383,39.9,2,67.8,7.6,11,25.9,1.4,71.4,69.4,80.3,86.7,94.1,7.8,52.6,26.8,82.4,36.4,34.9,28.7,36.4,34.9,26.7,30.5,34.9,26.7,80.4,78.1,17.7,92.5,94.9,92.4,84.1,47.6,93.9,44.4,84.6,64.3,64.3,96.5,88.4,8.8,7.6,92.9,61.7,27.4,14.9,14.9,16,90.5,94.5,14.3,33.2,59.1,83.8,40.9,73.1,31.3,35.2,90.6,90.7,22.9,77.1,38,32.9,58.7,22.3,50.7,15.6,75.5,16.5,18.3,33.9,26.7,93.7,40.9,79.8,88.4,85.5,33.6,20.2,46.1,96.3,94.6,11.2,92.3,89.7,91,10.9,89.1,22.1,77.9,76.9,20,95.9,11.9,11.7,12.9,61.7,49,77.1,17.8,71.1,65.2,65.5,70.7,71.2,73.7,74.3,18.6,83.6,36.4,94.2,71.3,96.1,31.6,65.6,18.2,81.8,34.6,65.4,14.8,85.2,25.2,74.8,19.3,16.2,21.7,67,31.1,4.8,9.4,76.9,76.9,87.9,80.1,48.4,16.9,89.3,77.3,76.8,80.8,80.4,96.5,96.6,23.5,68.8,95.1,95.1,97,96.4,99.4,38.8,73.9,74.1,96.4,96.3,80.6,-18.75,-3.3088,30.0971,-5.9361,-5.3476,-2.9381,-0.1053,0.2169,-13.0524,70.1058,0.4162,-4.1215,-47.9452,-0.9631,74.5223,2.7586,2.7586,189.9654,16.1932,-16.0858,1141.0959,-2.0619,-3.2353,-21.608,24.1776,-4.6243,34.5588,-14.1772,8.0972,16.7768,20.7627,0.8377,1.0684,-2.017,-1.3201,-1.7279,67.6923,-4.7059,100.9091,-12.4719,-15.2542,-0.1042,3.4783,0.8621,6.6116,-0.9631,41.2698,8.7156,123.2877,208.7336,1.6393,10.303,0.2128,-0.2797,5.3333,109.1954,-10.4053,101.1628,-21.0145,37.037,-4.4843,48.2353,-9.8795,42.963,26.1194,0.9414,0.7299,3.5242,-0.6148,3.4,16.6,9.2,16.2,23.7,12.3,3.3,2.3,1,24.6,4.8,2.2,1,13.7,0.4,0,0,2.1,0.5,70.1513089015249
0.89,0,1777,7731,62.5,3.9,50.6,8.6,19,10.6,1.4,79.3,77.4,84.7,87.5,63.3,5.3,50.5,22.2,85.9,39.8,38.5,21.7,39.8,38.5,19.7,33.9,38.5,19.7,86.9,73.6,21,89.4,96.4,93,75.2,56.5,91,39.6,82,57.8,57.8,98.1,93.2,12.1,20,90.8,47.7,17.1,11.3,11.3,14,91,97.9,15.5,32.9,70.4,55.3,45.8,64.9,50.3,29.1,91.8,91.8,26.3,73.7,24.5,20.9,45.6,34.2,23.5,30.5,60.1,15.8,18.9,30.4,27.5,92.5,45.8,73.6,85.3,82.8,25.2,26.4,48.4,95.4,94.1,7.2,93.1,94.9,94.1,9.8,90.2,16.3,83.7,83.6,28.1,95.1,16.7,12.7,22,47.7,37.8,75.9,15.1,51.8,62.4,62.4,64.7,64.7,57,57,16.8,81.5,39.8,96.3,78.3,94.1,25.2,38.5,12,88,21.8,78.2,15.2,84.8,21.6,78.4,12.8,11.6,18.7,74.5,28.7,4.3,7,76.6,76.6,88.9,86.8,56.8,14.6,94.8,86.5,86.5,89.2,89.2,96.8,86.2,30.2,49.8,98.8,98.8,96.6,96.6,99.3,39.6,62.4,62.4,92.8,92.8,72.2,-61.5942,10.0218,-7.113,-1.2644,7.6923,-5.4968,5.3552,1.5284,-13.5021,-8.5443,1.9751,0.431,-6.1033,4.8352,-12.7551,11.8812,11.8812,153.6697,37.5375,11.7778,3300,-2.3904,-14.6939,-2.2436,14.4762,1.9355,41.0448,-19.7889,15.5462,14.3432,17.1146,-0.5214,0.5342,-0.2144,13.9256,5.6117,-25.7576,3.9171,2.5157,-0.4756,17.0833,-3.4518,-16.0804,-23.0303,40.1274,4.8352,11.0294,-13.2328,42.7918,72.9947,-4,-13.1004,4.902,4.9598,-11.8881,-16.0839,2.6838,-2.2422,0.6435,0,0,-5.2632,1.5544,4.918,25.8621,4.086,-5.586,27.9661,-0.3096,2.3,7.3,27.5,13.6,28.8,9.1,3.7,8.9,0,11.7,4,5.6,1.2,15.6,0.6,0,0,0.3,0.6,9.189694496932391
5.92,0,10549,75954,21.1,1.7,80.2,5.9,14.9,22.2,1.3,73.9,69.9,85.9,87,88.5,11,52.2,20.9,85,34,36.2,29.8,34,36.2,28.1,28.2,36.2,28.1,85.2,76,15.7,93.5,94.4,91.1,76.2,49,95.6,39.1,86,62.6,62.6,96.1,90.8,7,7.3,93.7,62.2,21.9,12.3,12.3,14.2,92.3,97.5,12.2,29.6,61.2,85.5,41.3,70,29.3,35.2,90.7,90.9,20.1,79.9,38.5,33.1,63.5,26,49.9,15.8,75.2,16.2,15.9,36.1,27.6,94.2,41.3,79.7,86.3,83.1,33.9,20.3,45.8,96.6,94.2,12.8,93.2,95.2,94.2,8.9,91.1,17.4,82.6,82.1,23.6,96,10.3,13.1,12.9,62.2,53.6,77,15.3,62.7,73.7,73.6,77.7,77.2,79.5,78.8,16.6,84.6,34,91.8,70.2,97.1,33.5,73.2,16,84,30.6,69.4,12.1,87.9,21.2,78.8,15.4,13.4,17.9,72.4,27.7,6.3,10.3,76.8,76.8,87.7,80.9,43.1,10.1,90.2,87.2,87.2,88.4,88.5,95.7,98,22,70.7,94.6,94.5,95.9,95.7,99.2,37.3,70.7,70.8,97,96.9,81.7,-5.9829,0.578,2.9557,-5.1339,-1.2579,-1.7857,0.4255,-1.1931,-11.7043,67.8284,-0.8256,-2.2605,-50,5.2453,48.9796,18.2692,18.2692,173.1629,9.5491,-20.1635,1033.75,-10.2564,-15.5612,-44.3662,25.1248,-1.2195,10.4167,12.8125,-15.0769,10.9254,12.6016,0.2075,-0.2119,-3.0177,2.9189,-0.2119,56.1404,-3.3934,72.2772,-8.1201,12.9187,-0.8264,-20.7692,-7.0922,8.4034,5.2453,37.8378,-2.3364,161.3475,246.875,-1.7751,10.0324,-1.5021,2.9326,10.1974,77.7778,-7.6923,97.4194,-17.8698,16.3462,-1.8973,32.5,-6.1905,73.0337,-3.8095,2.2436,1.1352,0,-0.6218,4.3,17.6,13,15.2,24.5,15.8,5.7,3.6,1.1,25.2,4.7,1.6,1.3,12.8,0.6,0.4,0.1,2.4,0.2,83.98325068212827
3.47,0,3066,18024,20.5,0.8,81.6,13.3,18.6,24,0.8,77.2,67.3,81.9,96.4,73.7,12.8,37.5,31.4,86,44.5,25.6,30,44.5,25.6,28.7,33.6,25.6,28.7,85.2,85.1,10.6,87.8,93.7,85.7,81,48.2,98,45.6,88.6,63,62.7,92.4,90.7,9.5,11.3,90.3,53.2,24.7,15.5,15.5,17,88.6,93.6,19.6,40.8,58.2,88.7,38,70.1,37.1,44.7,90.2,90.3,27.4,72.6,37.4,32.4,49.1,22.4,38.4,18.7,69.5,7.4,18,34.1,31.1,94.2,38,86.2,91.4,87.6,31.7,13.8,54.6,93,90.6,9.8,97.9,95.4,96.7,11.2,88.8,20.6,79.4,90.5,31.9,92.7,20.1,7,19.3,53.2,44.5,70.8,14.6,67.9,62.6,63.1,66.8,67.3,68.2,68.8,20.9,82.9,44.5,89.9,70,98.5,38.5,73.7,17.3,82.7,29.8,70.2,17.7,82.3,25.1,74.9,12.7,10.6,29.7,74.5,27.6,11.9,9.8,79.3,79.3,82.6,77,52.8,13.8,94.8,85.8,85.7,87.5,87.4,95.4,96,25.7,63,94.5,94.8,93.7,95.9,100,50.2,70.2,70.2,98.1,98.1,86.1,0.7874,-1.0554,-0.6329,4.878,68.254,-6.9915,1.4069,4.5122,-8.7539,43.1818,1.7621,0.443,-27.5641,-1.2987,63.5762,0,0,185.209,63.7931,-13.7209,1027.5,-9.4431,-12.9032,-18.3406,8.9342,-44.3609,1.1236,18.8153,-0.9554,14.25,20.6612,-0.9585,5.4715,-0.2039,-3.3435,-1.7276,40,-3.4783,47.1429,-7.6744,-15.6085,-4.0373,45.6522,-54.5455,22.9299,-1.2987,-18.8889,-15.8612,80.4035,109.4044,36.6013,40.8228,-5.3684,1.3025,0.5222,60.1852,-7.287,81.7073,-16.0287,-5.3476,1.23,10.5727,-3.1048,-12.4138,-2.1277,3.8085,1.8028,-6.2044,-1.1603,2.6,18.4,11.9,20.9,23.9,15.4,6.1,3.4,1.5,8.1,1.3,5.1,1.5,12.2,0.3,0.4,0,1.3,0.6,19.709175111798004
0.06,0,3290,13963,93.9,0.1,21.1,35.7,27.6,15.2,1.6,81.4,77.7,92.2,89.9,88.6,6.9,45.3,18.4,90.4,40.3,32.8,27,40.3,32.8,25.3,30.7,32.8,25.3,88.2,80.9,18.7,87.4,96,91.8,72,54.3,92.9,37.7,77.9,51,51,95.6,95,8.7,10.3,90.8,56.7,19.2,18,18,17.3,88.7,91.3,13.5,33.6,49.3,79.8,39.6,61,30.4,30.3,85.1,85.2,28.7,71.3,32,26.9,56,37.6,37.9,12.9,65.9,12.3,21.3,31.1,27.9,95.3,39.6,70.2,76.2,71.5,22.6,29.8,47.6,94.3,92.8,11.3,96.8,97.8,97.3,12.2,87.8,21.6,78.4,80.7,25.8,93,11.9,13.4,13,56.7,37.4,69.8,10.1,56.6,77.8,77.8,76.3,76.3,78,78,16.9,84.9,40.3,95,73,94.5,25.2,66,17.5,82.5,33.7,66.3,11.8,88.2,22.8,77.2,19,15.2,19.8,78.5,27.5,7.2,12.1,73.8,73.8,93,86,52.9,7.7,91.9,83,82.8,84.7,84.6,97.4,95.3,19.9,69.8,90.9,90.8,97.8,96.4,100,37.4,60.7,60.8,95.1,95.1,80.6,-11.5385,17.3575,-8,-0.3308,21.4286,-7.1201,0.3135,-0.2174,-20.1026,-1.354,0.3148,0.8493,-28.9655,7.5901,37.1429,9.0909,9.0909,197.7612,25.3165,-13.881,659.8214,1.2658,8.4677,-36.4532,12.0748,-19.0789,10.3627,-14.0884,33.4928,19.4357,24.3478,-1.9751,-0.8547,-0.1032,5.8442,2.529,0.8264,-0.1138,28.5714,-5.7692,10.2564,-3.6269,-20.6667,0,-12.7517,7.5901,6.3158,-6.2914,121.0227,146.9256,-33.2016,-3.3573,0.8493,-2.2758,-18.9711,54.8673,-6.9899,82.1622,-18.6503,-26.7081,5.1251,0.4405,-0.1294,272.549,2.6667,0.309,-1.9547,-3.8647,0.2049,8.1,23.1,34.4,13.7,32.6,16.2,12.8,20.7,2.3,28,13.2,9.7,0.9,34.5,0.2,0,0,0.7,0,13.985209749818809
0.15,0,2082,9546,92.6,0.8,22.1,30.6,14.9,11.1,0.6,71.4,69.4,80.3,86.7,94.1,7.8,52.6,26.8,82.4,36.4,34.9,28.7,36.4,34.9,26.7,30.5,34.9,26.7,80.4,78.1,17.7,92.5,94.9,92.4,84.1,47.6,93.9,44.4,84.6,64.3,64.3,96.5,88.4,8.8,7.6,92.9,61.7,27.4,14.9,14.9,16,90.5,94.5,14.3,33.2,59.1,83.8,40.9,73.1,31.3,35.2,90.6,90.7,22.9,77.1,38,32.9,58.7,22.3,50.7,15.6,75.5,16.5,18.3,33.9,26.7,93.7,40.9,79.8,88.4,85.5,33.6,20.2,46.1,96.3,94.6,11.2,92.3,89.7,91,10.9,89.1,22.1,77.9,76.9,20,95.9,11.9,11.7,12.9,61.7,49,77.1,17.8,71.1,65.2,65.5,70.7,71.2,73.7,74.3,18.6,83.6,36.4,94.2,71.3,96.1,31.6,65.6,18.2,81.8,34.6,65.4,14.8,85.2,25.2,74.8,19.3,16.2,21.7,67,31.1,4.8,9.4,76.9,76.9,87.9,80.1,48.4,16.9,89.3,77.3,76.8,80.8,80.4,96.5,96.6,23.5,68.8,95.1,95.1,97,96.4,99.4,38.8,73.9,74.1,96.4,96.3,80.6,-18.75,-3.3088,30.0971,-5.9361,-5.3476,-2.9381,-0.1053,0.2169,-13.0524,70.1058,0.4162,-4.1215,-47.9452,-0.9631,74.5223,2.7586,2.7586,189.9654,16.1932,-16.0858,1141.0959,-2.0619,-3.2353,-21.608,24.1776,-4.6243,34.5588,-14.1772,8.0972,16.7768,20.7627,0.8377,1.0684,-2.017,-1.3201,-1.7279,67.6923,-4.7059,100.9091,-12.4719,-15.2542,-0.1042,3.4783,0.8621,6.6116,-0.9631,41.2698,8.7156,123.2877,208.7336,1.6393,10.303,0.2128,-0.2797,5.3333,109.1954,-10.4053,101.1628,-21.0145,37.037,-4.4843,48.2353,-9.8795,42.963,26.1194,0.9414,0.7299,3.5242,-0.6148,5.8,18.9,27.4,16.1,29.4,17,12.6,5.9,0.5,23,4.8,4.9,0.7,19.8,0,0,0,0,0,7.35775545087996
